id,symbol,cat_name,rel_position,duration
000000.png,natural,accidentalNatural,-10,
000001.png,natural,accidentalNatural,-4,
000002.png,natural,accidentalNatural,-3,
000003.png,natural,accidentalNatural,-10,
000004.png,natural,accidentalNatural,-12,
000005.png,flat,accidentalFlat,-5,
000006.png,natural,accidentalNatural,7,
000007.png,natural,accidentalNatural,-5,
000008.png,flat,accidentalFlat,-7,
000009.png,natural,accidentalNatural,-4,
000010.png,dot,augmentationDot,,
000011.png,dot,augmentationDot,,
000012.png,dot,augmentationDot,,
000013.png,rest_whole,restWhole,,
000014.png,rest_whole,restWhole,,
000015.png,rest_whole,restWhole,,
000016.png,rest_whole,restWhole,,
000017.png,rest_16th,rest16th,,
000018.png,clef_treble,clefG,,
000019.png,clef_8,clef8,,
000020.png,clef_8,clef8,,
000021.png,rest_whole,restWhole,,
000022.png,clef_treble,clefG,,
000023.png,clef_treble,clefG,,
000024.png,rest_16th,rest16th,,
000025.png,rest_quarter,restQuarter,,
000026.png,rest_quarter,restQuarter,,
000027.png,dot,augmentationDot,,
000028.png,rest_8th,rest8th,,
000029.png,rest_16th,rest16th,,
000030.png,rest_16th,rest16th,,
000031.png,rest_16th,rest16th,,
000032.png,clef_treble,clefG,,
000033.png,clef_8,clef8,,
000034.png,clef_treble,clefG,,
000035.png,clef_8,clef8,,
000036.png,clef_treble,clefG,,
000037.png,rest_whole,restWhole,,
000038.png,rest_whole,restWhole,,
000039.png,rest_16th,rest16th,,
000040.png,dot,augmentationDot,,
000041.png,rest_16th,rest16th,,
000042.png,rest_whole,restWhole,,
000043.png,rest_whole,restWhole,,
000044.png,clef_8,clef8,,
000045.png,clef_treble,clefG,,
000046.png,clef_8,clef8,,
000047.png,clef_treble,clefG,,
000048.png,clef_treble,clefG,,
000049.png,rest_whole,restWhole,,
000050.png,rest_whole,restWhole,,
000051.png,rest_whole,restWhole,,
000052.png,rest_32nd,rest32nd,,
000053.png,rest_32nd,rest32nd,,
000054.png,rest_whole,restWhole,,
000055.png,rest_whole,restWhole,,
000056.png,rest_whole,restWhole,,
000057.png,dot,augmentationDot,,
000058.png,dot,augmentationDot,,
000059.png,dot,augmentationDot,,
000060.png,dot,augmentationDot,,
000061.png,rest_whole,restWhole,,
000062.png,dot,augmentationDot,,
000063.png,clef_8,clef8,,
000064.png,clef_treble,clefG,,
000065.png,clef_8,clef8,,
000066.png,clef_treble,clefG,,
000067.png,clef_treble,clefG,,
000068.png,rest_whole,restWhole,,
000069.png,rest_whole,restWhole,,
000070.png,natural,accidentalNatural,-3,
000071.png,dot,augmentationDot,,
000072.png,dot,augmentationDot,,
000073.png,dot,augmentationDot,,
000074.png,dot,augmentationDot,,
000075.png,rest_whole,restWhole,,
000076.png,rest_whole,restWhole,,
000077.png,rest_whole,restWhole,,
000078.png,rest_whole,restWhole,,
000079.png,rest_whole,restWhole,,
000080.png,rest_whole,restWhole,,
000081.png,rest_whole,restWhole,,
000082.png,dot,augmentationDot,,
000083.png,clef_treble,clefG,,
000084.png,clef_bass,clefF,,
000085.png,clef_bass,clefF,,
000086.png,clef_treble,clefG,,
000087.png,rest_8th,rest8th,,
000088.png,dot,augmentationDot,,
000089.png,rest_whole,restWhole,,
000090.png,dot,augmentationDot,,
000091.png,rest_whole,restWhole,,
000092.png,rest_8th,rest8th,,
000093.png,rest_whole,restWhole,,
000094.png,clef_treble,clefG,,
000095.png,rest_whole,restWhole,,
000096.png,rest_whole,restWhole,,
000097.png,rest_whole,restWhole,,
000098.png,clef_treble,clefG,,
000099.png,clef_bass,clefF,,
000100.png,clef_bass,clefF,,
000101.png,rest_whole,restWhole,,
000102.png,sharp,accidentalSharp,5,
000103.png,sharp,accidentalSharp,1,
000104.png,sharp,accidentalSharp,1,
000105.png,sharp,accidentalSharp,1,
000106.png,sharp,accidentalSharp,1,
000107.png,flat,accidentalFlat,7,
000108.png,sharp,accidentalSharp,5,
000109.png,dot,augmentationDot,,
000110.png,rest_half,restHalf,,
000111.png,rest_half,restHalf,,
000112.png,dot,augmentationDot,,
000113.png,clef_treble,clefG,,
000114.png,clef_treble,clefG,,
000115.png,rest_whole,restWhole,,
000116.png,rest_whole,restWhole,,
000117.png,clef_bass,clefF,,
000118.png,dot,augmentationDot,,
000119.png,dot,augmentationDot,,
000120.png,rest_half,restHalf,,
000121.png,rest_half,restHalf,,
000122.png,dot,augmentationDot,,
000123.png,clef_bass,clefF,,
000124.png,clef_treble,clefG,,
000125.png,clef_treble,clefG,,
000126.png,rest_whole,restWhole,,
000127.png,rest_whole,restWhole,,
000128.png,dot,augmentationDot,,
000129.png,rest_half,restHalf,,
000130.png,rest_half,restHalf,,
000131.png,rest_half,restHalf,,
000132.png,rest_half,restHalf,,
000133.png,rest_half,restHalf,,
000134.png,rest_half,restHalf,,
000135.png,clef_tenor,clefCTenor,,
000136.png,rest_whole,restWhole,,
000137.png,clef_bass,clefF,,
000138.png,clef_treble,clefG,,
000139.png,clef_treble,clefG,,
000140.png,rest_whole,restWhole,,
000141.png,rest_half,restHalf,,
000142.png,rest_half,restHalf,,
000143.png,rest_half,restHalf,,
000144.png,rest_half,restHalf,,
000145.png,rest_8th,rest8th,,
000146.png,rest_quarter,restQuarter,,
000147.png,rest_quarter,restQuarter,,
000148.png,rest_8th,rest8th,,
000149.png,clef_treble,clefG,,
000150.png,clef_treble,clefG,,
000151.png,clef_tenor,clefCTenor,,
000152.png,rest_8th,rest8th,,
000153.png,rest_8th,rest8th,,
000154.png,rest_8th,rest8th,,
000155.png,rest_8th,rest8th,,
000156.png,sharp,accidentalSharp,6,
000157.png,sharp,accidentalSharp,6,
000158.png,dot,augmentationDot,,
000159.png,time_4,timeSig4,,
000160.png,time_4,timeSig4,,
000161.png,clef_bass,clefF,,
000162.png,rest_quarter,restQuarter,,
000163.png,rest_8th,rest8th,,
000164.png,dot,augmentationDot,,
000165.png,clef_bass,clefF,,
000166.png,rest_quarter,restQuarter,,
000167.png,rest_8th,rest8th,,
000168.png,clef_bass,clefF,,
000169.png,rest_8th,rest8th,,
000170.png,clef_bass,clefF,,
000171.png,dot,augmentationDot,,
000172.png,clef_bass,clefF,,
000173.png,clef_bass,clefF,,
000174.png,dot,augmentationDot,,
000175.png,rest_quarter,restQuarter,,
000176.png,clef_bass,clefF,,
000177.png,sharp,accidentalSharp,2,
000178.png,sharp,accidentalSharp,3,
000179.png,sharp,accidentalSharp,2,
000180.png,sharp,accidentalSharp,-5,
000181.png,sharp,accidentalSharp,3,
000182.png,sharp,accidentalSharp,-5,
000183.png,sharp,accidentalSharp,2,
000184.png,sharp,accidentalSharp,4,
000185.png,sharp,accidentalSharp,2,
000186.png,sharp,accidentalSharp,-5,
000187.png,rest_8th,rest8th,,
000188.png,rest_8th,rest8th,,
000189.png,rest_8th,rest8th,,
000190.png,clef_bass,clefF,,
000191.png,clef_treble,clefG,,
000192.png,clef_bass,clefF,,
000193.png,clef_8,clef8,,
000194.png,clef_bass,clefF,,
000195.png,clef_bass,clefF,,
000196.png,clef_treble,clefG,,
000197.png,clef_treble,clefG,,
000198.png,rest_8th,rest8th,,
000199.png,clef_alto,clefCAlto,,
000200.png,rest_8th,rest8th,,
000201.png,clef_bass,clefF,,
000202.png,clef_8,clef8,,
000203.png,clef_bass,clefF,,
000204.png,clef_bass,clefF,,
000205.png,clef_treble,clefG,,
000206.png,clef_treble,clefG,,
000207.png,clef_bass,clefF,,
000208.png,clef_treble,clefG,,
000209.png,rest_8th,rest8th,,
000210.png,natural,accidentalNatural,7,
000211.png,natural,accidentalNatural,0,
000212.png,flat,accidentalFlat,-6,
000213.png,flat,accidentalFlat,1,
000214.png,sharp,accidentalSharp,1,
000215.png,sharp,accidentalSharp,8,
000216.png,sharp,accidentalSharp,1,
000217.png,sharp,accidentalSharp,8,
000218.png,flat,accidentalFlat,0,
000219.png,flat,accidentalFlat,9,
000220.png,sharp,accidentalSharp,8,
000221.png,sharp,accidentalSharp,1,
000222.png,sharp,accidentalSharp,1,
000223.png,flat,accidentalFlat,7,
000224.png,flat,accidentalFlat,0,
000225.png,flat,accidentalFlat,-5,
000226.png,flat,accidentalFlat,2,
000227.png,sharp,accidentalSharp,1,
000228.png,sharp,accidentalSharp,8,
000229.png,flat,accidentalFlat,-6,
000230.png,natural,accidentalNatural,0,
000231.png,natural,accidentalNatural,7,
000232.png,flat,accidentalFlat,1,
000233.png,natural,accidentalNatural,-5,
000234.png,natural,accidentalNatural,2,
000235.png,dot,augmentationDot,,
000236.png,rest_quarter,restQuarter,,
000237.png,rest_quarter,restQuarter,,
000238.png,rest_whole,restWhole,,
000239.png,dot,augmentationDot,,
000240.png,rest_quarter,restQuarter,,
000241.png,clef_treble,clefG,,
000242.png,clef_treble,clefG,,
000243.png,clef_bass,clefF,,
000244.png,rest_whole,restWhole,,
000245.png,clef_treble,clefG,,
000246.png,rest_8th,rest8th,,
000247.png,rest_quarter,restQuarter,,
000248.png,rest_quarter,restQuarter,,
000249.png,rest_quarter,restQuarter,,
000250.png,rest_half,restHalf,,
000251.png,rest_half,restHalf,,
000252.png,rest_half,restHalf,,
000253.png,rest_half,restHalf,,
000254.png,rest_whole,restWhole,,
000255.png,rest_quarter,restQuarter,,
000256.png,rest_quarter,restQuarter,,
000257.png,rest_quarter,restQuarter,,
000258.png,clef_bass,clefF,,
000259.png,clef_treble,clefG,,
000260.png,clef_treble,clefG,,
000261.png,rest_whole,restWhole,,
000262.png,clef_treble,clefG,,
000263.png,rest_quarter,restQuarter,,
000264.png,natural,accidentalNatural,7,
000265.png,natural,accidentalNatural,5,
000266.png,sharp,accidentalSharp,3,
000267.png,natural,accidentalNatural,3,
000268.png,natural,accidentalNatural,7,
000269.png,sharp,accidentalSharp,8,
000270.png,sharp,accidentalSharp,2,
000271.png,sharp,accidentalSharp,-5,
000272.png,sharp,accidentalSharp,4,
000273.png,natural,accidentalNatural,7,
000274.png,sharp,accidentalSharp,5,
000275.png,flat,accidentalFlat,6,
000276.png,flat,accidentalFlat,4,
000277.png,natural,accidentalNatural,6,
000278.png,natural,accidentalNatural,-4,
000279.png,sharp,accidentalSharp,-3,
000280.png,sharp,accidentalSharp,2,
000281.png,sharp,accidentalSharp,-5,
000282.png,flat,accidentalFlat,-7,
000283.png,flat,accidentalFlat,-2,
000284.png,flat,accidentalFlat,-4,
000285.png,flat,accidentalFlat,-3,
000286.png,dot,augmentationDot,,
000287.png,dot,augmentationDot,,
000288.png,dot,augmentationDot,,
000289.png,clef_bass,clefF,,
000290.png,clef_treble,clefG,,
000291.png,dot,augmentationDot,,
000292.png,rest_8th,rest8th,,
000293.png,clef_bass,clefF,,
000294.png,clef_treble,clefG,,
000295.png,dot,augmentationDot,,
000296.png,dot,augmentationDot,,
000297.png,dot,augmentationDot,,
000298.png,rest_quarter,restQuarter,,
000299.png,clef_bass,clefF,,
000300.png,clef_treble,clefG,,
000301.png,rest_8th,rest8th,,
000302.png,dot,augmentationDot,,
000303.png,clef_bass,clefF,,
000304.png,clef_treble,clefG,,
000305.png,clef_alto,clefCAlto,,
000306.png,rest_8th,rest8th,,
000307.png,rest_8th,rest8th,,
000308.png,rest_8th,rest8th,,
000309.png,clef_bass,clefF,,
000310.png,clef_treble,clefG,,
000311.png,clef_bass,clefF,,
000312.png,clef_treble,clefG,,
000313.png,clef_treble,clefG,,
000314.png,clef_treble,clefG,,
000315.png,rest_8th,rest8th,,
000316.png,rest_8th,rest8th,,
000317.png,clef_treble,clefG,,
000318.png,clef_alto,clefCAlto,,
000319.png,clef_treble,clefG,,
000320.png,clef_treble,clefG,,
000321.png,clef_bass,clefF,,
000322.png,clef_treble,clefG,,
000323.png,clef_bass,clefF,,
000324.png,dot,augmentationDot,,
000325.png,dot,augmentationDot,,
000326.png,clef_bass,clefF,,
000327.png,dot,augmentationDot,,
000328.png,clef_treble,clefG,,
000329.png,clef_treble,clefG,,
000330.png,clef_bass,clefF,,
000331.png,clef_treble,clefG,,
000332.png,clef_treble,clefG,,
000333.png,rest_8th,rest8th,,
000334.png,sharp,accidentalSharp,6,
000335.png,sharp,accidentalSharp,6,
000336.png,sharp,accidentalSharp,5,
000337.png,sharp,accidentalSharp,6,
000338.png,sharp,accidentalSharp,1,
000339.png,natural,accidentalNatural,6,
000340.png,sharp,accidentalSharp,5,
000341.png,sharp,accidentalSharp,1,
000342.png,sharp,accidentalSharp,1,
000343.png,sharp,accidentalSharp,2,
000344.png,natural,accidentalNatural,0,
000345.png,sharp,accidentalSharp,1,
000346.png,natural,accidentalNatural,1,
000347.png,dot,augmentationDot,,
000348.png,dot,augmentationDot,,
000349.png,dot,augmentationDot,,
000350.png,dot,augmentationDot,,
000351.png,rest_quarter,restQuarter,,
000352.png,dot,augmentationDot,,
000353.png,rest_8th,rest8th,,
000354.png,dot,augmentationDot,,
000355.png,dot,augmentationDot,,
000356.png,dot,augmentationDot,,
000357.png,dot,augmentationDot,,
000358.png,dot,augmentationDot,,
000359.png,dot,augmentationDot,,
000360.png,dot,augmentationDot,,
000361.png,dot,augmentationDot,,
000362.png,clef_alto,clefCAlto,,
000363.png,clef_tenor,clefCTenor,,
000364.png,clef_bass,clefF,,
000365.png,dot,augmentationDot,,
000366.png,dot,augmentationDot,,
000367.png,dot,augmentationDot,,
000368.png,rest_quarter,restQuarter,,
000369.png,dot,augmentationDot,,
000370.png,dot,augmentationDot,,
000371.png,dot,augmentationDot,,
000372.png,rest_quarter,restQuarter,,
000373.png,dot,augmentationDot,,
000374.png,dot,augmentationDot,,
000375.png,rest_8th,rest8th,,
000376.png,dot,augmentationDot,,
000377.png,dot,augmentationDot,,
000378.png,dot,augmentationDot,,
000379.png,dot,augmentationDot,,
000380.png,clef_bass,clefF,,
000381.png,clef_tenor,clefCTenor,,
000382.png,clef_alto,clefCAlto,,
000383.png,rest_whole,restWhole,,
000384.png,dot,augmentationDot,,
000385.png,rest_quarter,restQuarter,,
000386.png,rest_32nd,rest32nd,,
000387.png,dot,augmentationDot,,
000388.png,dot,augmentationDot,,
000389.png,rest_8th,rest8th,,
000390.png,dot,augmentationDot,,
000391.png,rest_half,restHalf,,
000392.png,dot,augmentationDot,,
000393.png,dot,augmentationDot,,
000394.png,dot,augmentationDot,,
000395.png,clef_alto,clefCAlto,,
000396.png,dot,augmentationDot,,
000397.png,rest_16th,rest16th,,
000398.png,dot,augmentationDot,,
000399.png,dot,augmentationDot,,
000400.png,dot,augmentationDot,,
000401.png,dot,augmentationDot,,
000402.png,dot,augmentationDot,,
000403.png,rest_quarter,restQuarter,,
000404.png,clef_tenor,clefCTenor,,
000405.png,rest_whole,restWhole,,
000406.png,dot,augmentationDot,,
000407.png,dot,augmentationDot,,
000408.png,clef_bass,clefF,,
000409.png,dot,augmentationDot,,
000410.png,dot,augmentationDot,,
000411.png,sharp,accidentalSharp,2,
000412.png,sharp,accidentalSharp,-5,
000413.png,sharp,accidentalSharp,2,
000414.png,sharp,accidentalSharp,9,
000415.png,sharp,accidentalSharp,2,
000416.png,sharp,accidentalSharp,0,
000417.png,sharp,accidentalSharp,2,
000418.png,sharp,accidentalSharp,9,
000419.png,natural,accidentalNatural,-3,
000420.png,natural,accidentalNatural,4,
000421.png,natural,accidentalNatural,-10,
000422.png,sharp,accidentalSharp,9,
000423.png,sharp,accidentalSharp,9,
000424.png,sharp,accidentalSharp,2,
000425.png,sharp,accidentalSharp,-5,
000426.png,sharp,accidentalSharp,0,
000427.png,sharp,accidentalSharp,7,
000428.png,clef_bass,clefF,,
000429.png,clef_treble,clefG,,
000430.png,clef_bass,clefF,,
000431.png,clef_treble,clefG,,
000432.png,rest_half,restHalf,,
000433.png,clef_bass,clefF,,
000434.png,clef_treble,clefG,,
000435.png,rest_8th,rest8th,,
000436.png,rest_8th,rest8th,,
000437.png,rest_8th,rest8th,,
000438.png,rest_8th,rest8th,,
000439.png,rest_8th,rest8th,,
000440.png,rest_8th,rest8th,,
000441.png,rest_8th,rest8th,,
000442.png,rest_8th,rest8th,,
000443.png,rest_8th,rest8th,,
000444.png,clef_bass,clefF,,
000445.png,rest_8th,rest8th,,
000446.png,clef_treble,clefG,,
000447.png,rest_8th,rest8th,,
000448.png,rest_8th,rest8th,,
000449.png,rest_8th,rest8th,,
000450.png,rest_8th,rest8th,,
000451.png,rest_8th,rest8th,,
000452.png,rest_8th,rest8th,,
000453.png,rest_8th,rest8th,,
000454.png,rest_8th,rest8th,,
000455.png,rest_8th,rest8th,,
000456.png,rest_8th,rest8th,,
000457.png,rest_8th,rest8th,,
000458.png,rest_8th,rest8th,,
000459.png,rest_half,restHalf,,
000460.png,rest_8th,rest8th,,
000461.png,rest_8th,rest8th,,
000462.png,rest_8th,rest8th,,
000463.png,rest_8th,rest8th,,
000464.png,rest_8th,rest8th,,
000465.png,clef_bass,clefF,,
000466.png,clef_treble,clefG,,
000467.png,rest_8th,rest8th,,
000468.png,rest_8th,rest8th,,
000469.png,rest_8th,rest8th,,
000470.png,rest_8th,rest8th,,
000471.png,rest_8th,rest8th,,
000472.png,sharp,accidentalSharp,2,
000473.png,sharp,accidentalSharp,-1,
000474.png,sharp,accidentalSharp,-5,
000475.png,flat,accidentalFlat,0,
000476.png,sharp,accidentalSharp,2,
000477.png,flat,accidentalFlat,3,
000478.png,flat,accidentalFlat,3,
000479.png,sharp,accidentalSharp,2,
000480.png,sharp,accidentalSharp,-1,
000481.png,flat,accidentalFlat,0,
000482.png,sharp,accidentalSharp,-1,
000483.png,sharp,accidentalSharp,-1,
000484.png,flat,accidentalFlat,0,
000485.png,sharp,accidentalSharp,2,
000486.png,sharp,accidentalSharp,9,
000487.png,sharp,accidentalSharp,2,
000488.png,sharp,accidentalSharp,-5,
000489.png,natural,accidentalNatural,-1,
000490.png,sharp,accidentalSharp,-1,
000491.png,sharp,accidentalSharp,-1,
000492.png,flat,accidentalFlat,0,
000493.png,sharp,accidentalSharp,9,
000494.png,flat,accidentalFlat,-4,
000495.png,sharp,accidentalSharp,2,
000496.png,sharp,accidentalSharp,-1,
000497.png,sharp,accidentalSharp,9,
000498.png,flat,accidentalFlat,3,
000499.png,flat,accidentalFlat,-4,
000500.png,flat,accidentalFlat,3,
000501.png,rest_whole,restWhole,,
000502.png,rest_whole,restWhole,,
000503.png,rest_whole,restWhole,,
000504.png,rest_whole,restWhole,,
000505.png,rest_whole,restWhole,,
000506.png,rest_whole,restWhole,,
000507.png,rest_whole,restWhole,,
000508.png,rest_whole,restWhole,,
000509.png,rest_whole,restWhole,,
000510.png,rest_whole,restWhole,,
000511.png,time_common,timeSigCommon,,
000512.png,clef_treble,clefG,,
000513.png,time_common,timeSigCommon,,
000514.png,clef_bass,clefF,,
000515.png,time_common,timeSigCommon,,
000516.png,clef_treble,clefG,,
000517.png,rest_whole,restWhole,,
000518.png,rest_whole,restWhole,,
000519.png,clef_treble,clefG,,
000520.png,time_common,timeSigCommon,,
000521.png,dot,augmentationDot,,
000522.png,clef_treble,clefG,,
000523.png,clef_bass,clefF,,
000524.png,clef_treble,clefG,,
000525.png,clef_treble,clefG,,
000526.png,dot,augmentationDot,,
000527.png,clef_treble,clefG,,
000528.png,clef_treble,clefG,,
000529.png,clef_bass,clefF,,
000530.png,clef_treble,clefG,,
000531.png,natural,accidentalNatural,0,
000532.png,natural,accidentalNatural,7,
000533.png,natural,accidentalNatural,7,
000534.png,natural,accidentalNatural,7,
000535.png,natural,accidentalNatural,0,
000536.png,natural,accidentalNatural,0,
000537.png,natural,accidentalNatural,0,
000538.png,natural,accidentalNatural,0,
000539.png,natural,accidentalNatural,0,
000540.png,natural,accidentalNatural,0,
000541.png,rest_quarter,restQuarter,,
000542.png,dot,augmentationDot,,
000543.png,rest_quarter,restQuarter,,
000544.png,dot,augmentationDot,,
000545.png,rest_8th,rest8th,,
000546.png,dot,augmentationDot,,
000547.png,dot,augmentationDot,,
000548.png,dot,augmentationDot,,
000549.png,dot,augmentationDot,,
000550.png,dot,augmentationDot,,
000551.png,dot,augmentationDot,,
000552.png,dot,augmentationDot,,
000553.png,clef_bass,clefF,,
000554.png,clef_treble,clefG,,
000555.png,dot,augmentationDot,,
000556.png,dot,augmentationDot,,
000557.png,dot,augmentationDot,,
000558.png,dot,augmentationDot,,
000559.png,dot,augmentationDot,,
000560.png,dot,augmentationDot,,
000561.png,dot,augmentationDot,,
000562.png,dot,augmentationDot,,
000563.png,rest_quarter,restQuarter,,
000564.png,rest_quarter,restQuarter,,
000565.png,dot,augmentationDot,,
000566.png,dot,augmentationDot,,
000567.png,dot,augmentationDot,,
000568.png,time_3,timeSig3,,
000569.png,time_8,timeSig8,,
000570.png,clef_treble,clefG,,
000571.png,time_3,timeSig3,,
000572.png,time_8,timeSig8,,
000573.png,clef_treble,clefG,,
000574.png,clef_bass,clefF,,
000575.png,dot,augmentationDot,,
000576.png,rest_whole,restWhole,,
000577.png,rest_whole,restWhole,,
000578.png,rest_whole,restWhole,,
000579.png,clef_treble,clefG,,
000580.png,time_3,timeSig3,,
000581.png,time_8,timeSig8,,
000582.png,clef_treble,clefG,,
000583.png,time_3,timeSig3,,
000584.png,time_8,timeSig8,,
000585.png,rest_whole,restWhole,,
000586.png,time_6,timeSig6,,
000587.png,time_8,timeSig8,,
000588.png,time_6,timeSig6,,
000589.png,time_8,timeSig8,,
000590.png,clef_treble,clefG,,
000591.png,clef_treble,clefG,,
000592.png,rest_half,restHalf,,
000593.png,rest_half,restHalf,,
000594.png,clef_treble,clefG,,
000595.png,clef_treble,clefG,,
000596.png,flat,accidentalFlat,-1,
000597.png,flat,accidentalFlat,-1,
000598.png,natural,accidentalNatural,-1,
000599.png,natural,accidentalNatural,-1,
000600.png,natural,accidentalNatural,0,
000601.png,natural,accidentalNatural,3,
000602.png,natural,accidentalNatural,0,
000603.png,flat,accidentalFlat,6,
000604.png,flat,accidentalFlat,2,
000605.png,flat,accidentalFlat,2,
000606.png,natural,accidentalNatural,0,
000607.png,natural,accidentalNatural,3,
000608.png,natural,accidentalNatural,0,
000609.png,natural,accidentalNatural,0,
000610.png,natural,accidentalNatural,-1,
000611.png,natural,accidentalNatural,-1,
000612.png,flat,accidentalFlat,-1,
000613.png,flat,accidentalFlat,-1,
000614.png,flat,accidentalFlat,2,
000615.png,flat,accidentalFlat,2,
000616.png,natural,accidentalNatural,3,
000617.png,flat,accidentalFlat,6,
000618.png,natural,accidentalNatural,0,
000619.png,dot,augmentationDot,,
000620.png,dot,augmentationDot,,
000621.png,dot,augmentationDot,,
000622.png,dot,augmentationDot,,
000623.png,dot,augmentationDot,,
000624.png,dot,augmentationDot,,
000625.png,dot,augmentationDot,,
000626.png,dot,augmentationDot,,
000627.png,dot,augmentationDot,,
000628.png,dot,augmentationDot,,
000629.png,rest_whole,restWhole,,
000630.png,rest_whole,restWhole,,
000631.png,rest_whole,restWhole,,
000632.png,clef_bass,clefF,,
000633.png,clef_treble,clefG,,
000634.png,clef_treble,clefG,,
000635.png,clef_bass,clefF,,
000636.png,clef_treble,clefG,,
000637.png,clef_treble,clefG,,
000638.png,clef_treble,clefG,,
000639.png,clef_treble,clefG,,
000640.png,rest_whole,restWhole,,
000641.png,rest_whole,restWhole,,
000642.png,rest_whole,restWhole,,
000643.png,dot,augmentationDot,,
000644.png,dot,augmentationDot,,
000645.png,dot,augmentationDot,,
000646.png,dot,augmentationDot,,
000647.png,dot,augmentationDot,,
000648.png,dot,augmentationDot,,
000649.png,dot,augmentationDot,,
000650.png,dot,augmentationDot,,
000651.png,dot,augmentationDot,,
000652.png,dot,augmentationDot,,
000653.png,natural,accidentalNatural,-8,
000654.png,sharp,accidentalSharp,-8,
000655.png,sharp,accidentalSharp,-8,
000656.png,rest_quarter,restQuarter,,
000657.png,clef_treble,clefG,,
000658.png,clef_treble,clefG,,
000659.png,clef_bass,clefF,,
000660.png,rest_quarter,restQuarter,,
000661.png,clef_treble,clefG,,
000662.png,clef_bass,clefF,,
000663.png,clef_treble,clefG,,
000664.png,dot,augmentationDot,,
000665.png,clef_treble,clefG,,
000666.png,rest_quarter,restQuarter,,
000667.png,clef_bass,clefF,,
000668.png,clef_treble,clefG,,
000669.png,sharp,accidentalSharp,5,
000670.png,sharp,accidentalSharp,-1,
000671.png,sharp,accidentalSharp,6,
000672.png,sharp,accidentalSharp,2,
000673.png,sharp,accidentalSharp,-2,
000674.png,sharp,accidentalSharp,1,
000675.png,natural,accidentalNatural,0,
000676.png,sharp,accidentalSharp,0,
000677.png,sharp,accidentalSharp,2,
000678.png,sharp,accidentalSharp,1,
000679.png,sharp,accidentalSharp,0,
000680.png,sharp,accidentalSharp,5,
000681.png,sharp,accidentalSharp,0,
000682.png,natural,accidentalNatural,7,
000683.png,sharp,accidentalSharp,1,
000684.png,sharp,accidentalSharp,2,
000685.png,sharp,accidentalSharp,2,
000686.png,sharp,accidentalSharp,1,
000687.png,sharp,accidentalSharp,1,
000688.png,dot,augmentationDot,,
000689.png,clef_alto,clefCAlto,,
000690.png,dot,augmentationDot,,
000691.png,rest_whole,restWhole,,
000692.png,rest_whole,restWhole,,
000693.png,rest_whole,restWhole,,
000694.png,dot,augmentationDot,,
000695.png,rest_half,restHalf,,
000696.png,rest_half,restHalf,,
000697.png,rest_half,restHalf,,
000698.png,clef_tenor,clefCTenor,,
000699.png,clef_alto,clefCAlto,,
000700.png,rest_whole,restWhole,,
000701.png,clef_bass,clefF,,
000702.png,dot,augmentationDot,,
000703.png,dot,augmentationDot,,
000704.png,dot,augmentationDot,,
000705.png,rest_whole,restWhole,,
000706.png,rest_whole,restWhole,,
000707.png,rest_whole,restWhole,,
000708.png,rest_whole,restWhole,,
000709.png,dot,augmentationDot,,
000710.png,clef_bass,clefF,,
000711.png,clef_alto,clefCAlto,,
000712.png,clef_tenor,clefCTenor,,
000713.png,clef_alto,clefCAlto,,
000714.png,rest_half,restHalf,,
000715.png,rest_half,restHalf,,
000716.png,rest_whole,restWhole,,
000717.png,dot,augmentationDot,,
000718.png,rest_whole,restWhole,,
000719.png,dot,augmentationDot,,
000720.png,rest_whole,restWhole,,
000721.png,rest_whole,restWhole,,
000722.png,dot,augmentationDot,,
000723.png,clef_alto,clefCAlto,,
000724.png,rest_whole,restWhole,,
000725.png,clef_tenor,clefCTenor,,
000726.png,clef_bass,clefF,,
000727.png,rest_whole,restWhole,,
000728.png,rest_whole,restWhole,,
000729.png,dot,augmentationDot,,
000730.png,dot,augmentationDot,,
000731.png,dot,augmentationDot,,
000732.png,flat,accidentalFlat,-1,
000733.png,flat,accidentalFlat,0,
000734.png,flat,accidentalFlat,0,
000735.png,flat,accidentalFlat,-1,
000736.png,flat,accidentalFlat,0,
000737.png,flat,accidentalFlat,-1,
000738.png,flat,accidentalFlat,0,
000739.png,flat,accidentalFlat,-1,
000740.png,flat,accidentalFlat,-1,
000741.png,flat,accidentalFlat,0,
000742.png,natural,accidentalNatural,-1,
000743.png,natural,accidentalNatural,0,
000744.png,natural,accidentalNatural,0,
000745.png,flat,accidentalFlat,-1,
000746.png,flat,accidentalFlat,0,
000747.png,flat,accidentalFlat,0,
000748.png,flat,accidentalFlat,-1,
000749.png,flat,accidentalFlat,-1,
000750.png,flat,accidentalFlat,0,
000751.png,rest_8th,rest8th,,
000752.png,rest_8th,rest8th,,
000753.png,rest_8th,rest8th,,
000754.png,rest_8th,rest8th,,
000755.png,rest_whole,restWhole,,
000756.png,rest_whole,restWhole,,
000757.png,rest_whole,restWhole,,
000758.png,rest_8th,rest8th,,
000759.png,rest_8th,rest8th,,
000760.png,rest_8th,rest8th,,
000761.png,rest_8th,rest8th,,
000762.png,rest_8th,rest8th,,
000763.png,rest_8th,rest8th,,
000764.png,rest_8th,rest8th,,
000765.png,rest_8th,rest8th,,
000766.png,clef_treble,clefG,,
000767.png,clef_bass,clefF,,
000768.png,rest_whole,restWhole,,
000769.png,rest_whole,restWhole,,
000770.png,clef_treble,clefG,,
000771.png,clef_treble,clefG,,
000772.png,clef_treble,clefG,,
000773.png,rest_8th,rest8th,,
000774.png,rest_8th,rest8th,,
000775.png,rest_8th,rest8th,,
000776.png,rest_8th,rest8th,,
000777.png,rest_8th,rest8th,,
000778.png,rest_8th,rest8th,,
000779.png,rest_8th,rest8th,,
000780.png,rest_8th,rest8th,,
000781.png,dot,augmentationDot,,
000782.png,dot,augmentationDot,,
000783.png,rest_quarter,restQuarter,,
000784.png,rest_quarter,restQuarter,,
000785.png,rest_quarter,restQuarter,,
000786.png,rest_quarter,restQuarter,,
000787.png,dot,augmentationDot,,
000788.png,dot,augmentationDot,,
000789.png,rest_whole,restWhole,,
000790.png,rest_whole,restWhole,,
000791.png,rest_whole,restWhole,,
000792.png,clef_bass,clefF,,
000793.png,clef_treble,clefG,,
000794.png,clef_treble,clefG,,
000795.png,clef_treble,clefG,,
000796.png,rest_8th,rest8th,,
000797.png,rest_8th,rest8th,,
000798.png,rest_8th,rest8th,,
000799.png,rest_8th,rest8th,,
000800.png,rest_whole,restWhole,,
000801.png,rest_whole,restWhole,,
000802.png,clef_treble,clefG,,
000803.png,sharp,accidentalSharp,4,
000804.png,natural,accidentalNatural,-4,
000805.png,sharp,accidentalSharp,5,
000806.png,sharp,accidentalSharp,-3,
000807.png,sharp,accidentalSharp,-6,
000808.png,sharp,accidentalSharp,2,
000809.png,natural,accidentalNatural,4,
000810.png,natural,accidentalNatural,-3,
000811.png,sharp,accidentalSharp,-2,
000812.png,natural,accidentalNatural,1,
000813.png,sharp,accidentalSharp,2,
000814.png,sharp,accidentalSharp,1,
000815.png,natural,accidentalNatural,-1,
000816.png,sharp,accidentalSharp,-1,
000817.png,natural,accidentalNatural,7,
000818.png,sharp,accidentalSharp,0,
000819.png,natural,accidentalNatural,1,
000820.png,sharp,accidentalSharp,1,
000821.png,sharp,accidentalSharp,1,
000822.png,sharp,accidentalSharp,2,
000823.png,sharp,accidentalSharp,-2,
000824.png,sharp,accidentalSharp,2,
000825.png,natural,accidentalNatural,4,
000826.png,natural,accidentalNatural,-2,
000827.png,sharp,accidentalSharp,5,
000828.png,natural,accidentalNatural,5,
000829.png,natural,accidentalNatural,-2,
000830.png,natural,accidentalNatural,-7,
000831.png,sharp,accidentalSharp,0,
000832.png,sharp,accidentalSharp,-2,
000833.png,sharp,accidentalSharp,-2,
000834.png,natural,accidentalNatural,0,
000835.png,sharp,accidentalSharp,0,
000836.png,natural,accidentalNatural,-3,
000837.png,natural,accidentalNatural,-4,
000838.png,sharp,accidentalSharp,-3,
000839.png,sharp,accidentalSharp,-6,
000840.png,natural,accidentalNatural,1,
000841.png,sharp,accidentalSharp,1,
000842.png,natural,accidentalNatural,4,
000843.png,natural,accidentalNatural,4,
000844.png,sharp,accidentalSharp,0,
000845.png,sharp,accidentalSharp,5,
000846.png,sharp,accidentalSharp,8,
000847.png,natural,accidentalNatural,2,
000848.png,sharp,accidentalSharp,2,
000849.png,natural,accidentalNatural,3,
000850.png,sharp,accidentalSharp,7,
000851.png,natural,accidentalNatural,7,
000852.png,natural,accidentalNatural,4,
000853.png,sharp,accidentalSharp,5,
000854.png,natural,accidentalNatural,4,
000855.png,sharp,accidentalSharp,4,
000856.png,natural,accidentalNatural,4,
000857.png,natural,accidentalNatural,3,
000858.png,rest_16th,rest16th,,
000859.png,rest_8th,rest8th,,
000860.png,rest_8th,rest8th,,
000861.png,clef_tenor,clefCTenor,,
000862.png,clef_bass,clefF,,
000863.png,rest_16th,rest16th,,
000864.png,rest_8th,rest8th,,
000865.png,clef_alto,clefCAlto,,
000866.png,rest_quarter,restQuarter,,
000867.png,rest_16th,rest16th,,
000868.png,dot,augmentationDot,,
000869.png,rest_16th,rest16th,,
000870.png,rest_16th,rest16th,,
000871.png,rest_8th,rest8th,,
000872.png,rest_16th,rest16th,,
000873.png,rest_quarter,restQuarter,,
000874.png,rest_8th,rest8th,,
000875.png,clef_alto,clefCAlto,,
000876.png,clef_tenor,clefCTenor,,
000877.png,clef_bass,clefF,,
000878.png,rest_16th,rest16th,,
000879.png,rest_quarter,restQuarter,,
000880.png,rest_8th,rest8th,,
000881.png,rest_8th,rest8th,,
000882.png,rest_8th,rest8th,,
000883.png,rest_16th,rest16th,,
000884.png,rest_quarter,restQuarter,,
000885.png,rest_8th,rest8th,,
000886.png,rest_16th,rest16th,,
000887.png,clef_bass,clefF,,
000888.png,clef_tenor,clefCTenor,,
000889.png,clef_alto,clefCAlto,,
000890.png,rest_8th,rest8th,,
000891.png,rest_16th,rest16th,,
000892.png,rest_quarter,restQuarter,,
000893.png,rest_16th,rest16th,,
000894.png,clef_alto,clefCAlto,,
000895.png,rest_8th,rest8th,,
000896.png,clef_bass,clefF,,
000897.png,clef_tenor,clefCTenor,,
000898.png,flat,accidentalFlat,0,
000899.png,flat,accidentalFlat,0,
000900.png,dot,augmentationDot,,
000901.png,rest_whole,restWhole,,
000902.png,rest_whole,restWhole,,
000903.png,dot,augmentationDot,,
000904.png,time_3,timeSig3,,
000905.png,time_4,timeSig4,,
000906.png,clef_8,clef8,,
000907.png,clef_treble,clefG,,
000908.png,rest_whole,restWhole,,
000909.png,rest_whole,restWhole,,
000910.png,clef_treble,clefG,,
000911.png,rest_whole,restWhole,,
000912.png,rest_whole,restWhole,,
000913.png,rest_whole,restWhole,,
000914.png,rest_whole,restWhole,,
000915.png,rest_whole,restWhole,,
000916.png,time_3,timeSig3,,
000917.png,time_4,timeSig4,,
000918.png,clef_8,clef8,,
000919.png,clef_bass,clefF,,
000920.png,time_3,timeSig3,,
000921.png,time_4,timeSig4,,
000922.png,clef_bass,clefF,,
000923.png,time_3,timeSig3,,
000924.png,time_4,timeSig4,,
000925.png,clef_treble,clefG,,
000926.png,time_3,timeSig3,,
000927.png,time_4,timeSig4,,
000928.png,clef_treble,clefG,,
000929.png,time_3,timeSig3,,
000930.png,time_4,timeSig4,,
000931.png,dot,augmentationDot,,
000932.png,dot,augmentationDot,,
000933.png,rest_whole,restWhole,,
000934.png,rest_8th,rest8th,,
000935.png,dot,augmentationDot,,
000936.png,clef_8,clef8,,
000937.png,clef_treble,clefG,,
000938.png,rest_whole,restWhole,,
000939.png,rest_whole,restWhole,,
000940.png,clef_8,clef8,,
000941.png,clef_bass,clefF,,
000942.png,clef_bass,clefF,,
000943.png,clef_treble,clefG,,
000944.png,clef_treble,clefG,,
000945.png,clef_treble,clefG,,
000946.png,dot,augmentationDot,,
000947.png,dot,augmentationDot,,
000948.png,flat,accidentalFlat,-5,
000949.png,natural,accidentalNatural,-3,
000950.png,natural,accidentalNatural,1,
000951.png,natural,accidentalNatural,-2,
000952.png,natural,accidentalNatural,-2,
000953.png,flat,accidentalFlat,-7,
000954.png,natural,accidentalNatural,-7,
000955.png,flat,accidentalFlat,-4,
000956.png,flat,accidentalFlat,-5,
000957.png,natural,accidentalNatural,-2,
000958.png,flat,accidentalFlat,0,
000959.png,natural,accidentalNatural,-3,
000960.png,flat,accidentalFlat,1,
000961.png,natural,accidentalNatural,-2,
000962.png,flat,accidentalFlat,-7,
000963.png,natural,accidentalNatural,-7,
000964.png,natural,accidentalNatural,-2,
000965.png,natural,accidentalNatural,-2,
000966.png,flat,accidentalFlat,0,
000967.png,natural,accidentalNatural,-3,
000968.png,flat,accidentalFlat,1,
000969.png,natural,accidentalNatural,-2,
000970.png,natural,accidentalNatural,-3,
000971.png,natural,accidentalNatural,-4,
000972.png,flat,accidentalFlat,-7,
000973.png,natural,accidentalNatural,-7,
000974.png,natural,accidentalNatural,-7,
000975.png,natural,accidentalNatural,0,
000976.png,rest_16th,rest16th,,
000977.png,rest_16th,rest16th,,
000978.png,rest_16th,rest16th,,
000979.png,time_cut,timeSigCutCommon,,
000980.png,time_cut,timeSigCutCommon,,
000981.png,clef_bass,clefF,,
000982.png,rest_quarter,restQuarter,,
000983.png,rest_quarter,restQuarter,,
000984.png,rest_quarter,restQuarter,,
000985.png,dot,augmentationDot,,
000986.png,rest_16th,rest16th,,
000987.png,rest_16th,rest16th,,
000988.png,rest_16th,rest16th,,
000989.png,rest_16th,rest16th,,
000990.png,dot,augmentationDot,,
000991.png,time_cut,timeSigCutCommon,,
000992.png,clef_treble,clefG,,
000993.png,time_cut,timeSigCutCommon,,
000994.png,clef_treble,clefG,,
000995.png,rest_16th,rest16th,,
000996.png,rest_16th,rest16th,,
000997.png,dot,augmentationDot,,
000998.png,time_cut,timeSigCutCommon,,
000999.png,time_cut,timeSigCutCommon,,
001000.png,time_cut,timeSigCutCommon,,
001001.png,time_cut,timeSigCutCommon,,
001002.png,clef_treble,clefG,,
001003.png,clef_bass,clefF,,
001004.png,dot,augmentationDot,,
001005.png,rest_quarter,restQuarter,,
001006.png,rest_quarter,restQuarter,,
001007.png,rest_quarter,restQuarter,,
001008.png,rest_8th,rest8th,,
001009.png,rest_8th,rest8th,,
001010.png,rest_8th,rest8th,,
001011.png,rest_8th,rest8th,,
001012.png,rest_quarter,restQuarter,,
001013.png,dot,augmentationDot,,
001014.png,rest_quarter,restQuarter,,
001015.png,clef_bass,clefF,,
001016.png,clef_treble,clefG,,
001017.png,time_cut,timeSigCutCommon,,
001018.png,time_cut,timeSigCutCommon,,
001019.png,rest_quarter,restQuarter,,
001020.png,rest_quarter,restQuarter,,
001021.png,rest_8th,rest8th,,
001022.png,rest_8th,rest8th,,
001023.png,rest_8th,rest8th,,
001024.png,rest_8th,rest8th,,
001025.png,rest_quarter,restQuarter,,
001026.png,rest_quarter,restQuarter,,
001027.png,rest_8th,rest8th,,
001028.png,rest_8th,rest8th,,
001029.png,dot,augmentationDot,,
001030.png,clef_bass,clefF,,
001031.png,clef_treble,clefG,,
001032.png,rest_quarter,restQuarter,,
001033.png,rest_quarter,restQuarter,,
001034.png,rest_quarter,restQuarter,,
001035.png,dot,augmentationDot,,
001036.png,rest_quarter,restQuarter,,
001037.png,rest_quarter,restQuarter,,
001038.png,rest_8th,rest8th,,
001039.png,rest_8th,rest8th,,
001040.png,rest_8th,rest8th,,
001041.png,rest_quarter,restQuarter,,
001042.png,dot,augmentationDot,,
001043.png,rest_quarter,restQuarter,,
001044.png,clef_bass,clefF,,
001045.png,clef_treble,clefG,,
001046.png,rest_8th,rest8th,,
001047.png,rest_8th,rest8th,,
001048.png,rest_quarter,restQuarter,,
001049.png,rest_quarter,restQuarter,,
001050.png,rest_8th,rest8th,,
001051.png,rest_quarter,restQuarter,,
001052.png,rest_8th,rest8th,,
001053.png,dot,augmentationDot,,
001054.png,dot,augmentationDot,,
001055.png,rest_quarter,restQuarter,,
001056.png,rest_8th,rest8th,,
001057.png,rest_8th,rest8th,,
001058.png,clef_bass,clefF,,
001059.png,clef_treble,clefG,,
001060.png,rest_quarter,restQuarter,,
001061.png,rest_quarter,restQuarter,,
001062.png,dot,augmentationDot,,
001063.png,rest_quarter,restQuarter,,
001064.png,rest_quarter,restQuarter,,
001065.png,rest_quarter,restQuarter,,
001066.png,rest_quarter,restQuarter,,
001067.png,dot,augmentationDot,,
001068.png,rest_quarter,restQuarter,,
001069.png,rest_quarter,restQuarter,,
001070.png,rest_quarter,restQuarter,,
001071.png,rest_quarter,restQuarter,,
001072.png,rest_quarter,restQuarter,,
001073.png,rest_quarter,restQuarter,,
001074.png,clef_bass,clefF,,
001075.png,clef_treble,clefG,,
001076.png,rest_quarter,restQuarter,,
001077.png,dot,augmentationDot,,
001078.png,dot,augmentationDot,,
001079.png,dot,augmentationDot,,
001080.png,rest_quarter,restQuarter,,
001081.png,dot,augmentationDot,,
001082.png,rest_16th,rest16th,,
001083.png,rest_16th,rest16th,,
001084.png,clef_alto,clefCAlto,,
001085.png,rest_16th,rest16th,,
001086.png,rest_16th,rest16th,,
001087.png,rest_whole,restWhole,,
001088.png,rest_whole,restWhole,,
001089.png,rest_whole,restWhole,,
001090.png,rest_whole,restWhole,,
001091.png,rest_whole,restWhole,,
001092.png,rest_whole,restWhole,,
001093.png,rest_16th,rest16th,,
001094.png,rest_16th,rest16th,,
001095.png,rest_whole,restWhole,,
001096.png,clef_alto,clefCAlto,,
001097.png,clef_treble,clefG,,
001098.png,clef_treble,clefG,,
001099.png,rest_whole,restWhole,,
001100.png,rest_whole,restWhole,,
001101.png,rest_whole,restWhole,,
001102.png,clef_bass,clefF,,
001103.png,rest_16th,rest16th,,
001104.png,rest_16th,rest16th,,
001105.png,rest_16th,rest16th,,
001106.png,rest_16th,rest16th,,
001107.png,rest_16th,rest16th,,
001108.png,rest_16th,rest16th,,
001109.png,rest_16th,rest16th,,
001110.png,rest_16th,rest16th,,
001111.png,rest_16th,rest16th,,
001112.png,rest_16th,rest16th,,
001113.png,rest_16th,rest16th,,
001114.png,rest_16th,rest16th,,
001115.png,rest_whole,restWhole,,
001116.png,rest_whole,restWhole,,
001117.png,rest_whole,restWhole,,
001118.png,rest_whole,restWhole,,
001119.png,rest_16th,rest16th,,
001120.png,rest_16th,rest16th,,
001121.png,rest_16th,rest16th,,
001122.png,clef_bass,clefF,,
001123.png,rest_32nd,rest32nd,,
001124.png,rest_16th,rest16th,,
001125.png,clef_treble,clefG,,
001126.png,clef_alto,clefCAlto,,
001127.png,clef_alto,clefCAlto,,
001128.png,rest_whole,restWhole,,
001129.png,rest_whole,restWhole,,
001130.png,clef_treble,clefG,,
001131.png,rest_16th,rest16th,,
001132.png,rest_16th,rest16th,,
001133.png,rest_16th,rest16th,,
001134.png,rest_16th,rest16th,,
001135.png,rest_16th,rest16th,,
001136.png,rest_16th,rest16th,,
001137.png,rest_16th,rest16th,,
001138.png,rest_16th,rest16th,,
001139.png,rest_16th,rest16th,,
001140.png,rest_16th,rest16th,,
001141.png,rest_whole,restWhole,,
001142.png,rest_8th,rest8th,,
001143.png,rest_8th,rest8th,,
001144.png,rest_16th,rest16th,,
001145.png,rest_16th,rest16th,,
001146.png,rest_whole,restWhole,,
001147.png,rest_whole,restWhole,,
001148.png,rest_whole,restWhole,,
001149.png,rest_16th,rest16th,,
001150.png,rest_16th,rest16th,,
001151.png,clef_treble,clefG,,
001152.png,clef_alto,clefCAlto,,
001153.png,clef_treble,clefG,,
001154.png,clef_bass,clefF,,
001155.png,rest_whole,restWhole,,
001156.png,rest_whole,restWhole,,
001157.png,rest_half,restHalf,,
001158.png,rest_half,restHalf,,
001159.png,rest_half,restHalf,,
001160.png,rest_half,restHalf,,
001161.png,rest_16th,rest16th,,
001162.png,rest_16th,rest16th,,
001163.png,rest_16th,rest16th,,
001164.png,rest_16th,rest16th,,
001165.png,dot,augmentationDot,,
001166.png,dot,augmentationDot,,
001167.png,dot,augmentationDot,,
001168.png,dot,augmentationDot,,
001169.png,dot,augmentationDot,,
001170.png,dot,augmentationDot,,
001171.png,clef_bass,clefF,,
001172.png,clef_bass,clefF,,
001173.png,clef_treble,clefG,,
001174.png,dot,augmentationDot,,
001175.png,dot,augmentationDot,,
001176.png,dot,augmentationDot,,
001177.png,dot,augmentationDot,,
001178.png,clef_bass,clefF,,
001179.png,clef_treble,clefG,,
001180.png,clef_bass,clefF,,
001181.png,clef_bass,clefF,,
001182.png,clef_treble,clefG,,
001183.png,clef_bass,clefF,,
001184.png,clef_bass,clefF,,
001185.png,clef_bass,clefF,,
001186.png,clef_treble,clefG,,
001187.png,sharp,accidentalSharp,-2,
001188.png,dot,augmentationDot,,
001189.png,rest_8th,rest8th,,
001190.png,dot,augmentationDot,,
001191.png,dot,augmentationDot,,
001192.png,rest_8th,rest8th,,
001193.png,rest_8th,rest8th,,
001194.png,dot,augmentationDot,,
001195.png,clef_bass,clefF,,
001196.png,rest_8th,rest8th,,
001197.png,time_6,timeSig6,,
001198.png,time_8,timeSig8,,
001199.png,clef_treble,clefG,,
001200.png,rest_8th,rest8th,,
001201.png,time_6,timeSig6,,
001202.png,time_8,timeSig8,,
001203.png,clef_treble,clefG,,
001204.png,time_6,timeSig6,,
001205.png,time_8,timeSig8,,
001206.png,dot,augmentationDot,,
001207.png,dot,augmentationDot,,
001208.png,dot,augmentationDot,,
001209.png,dot,augmentationDot,,
001210.png,dot,augmentationDot,,
001211.png,rest_8th,rest8th,,
001212.png,dot,augmentationDot,,
001213.png,rest_8th,rest8th,,
001214.png,dot,augmentationDot,,
001215.png,rest_8th,rest8th,,
001216.png,clef_bass,clefF,,
001217.png,clef_treble,clefG,,
001218.png,clef_treble,clefG,,
001219.png,dot,augmentationDot,,
001220.png,dot,augmentationDot,,
001221.png,dot,augmentationDot,,
001222.png,natural,accidentalNatural,-2,
001223.png,sharp,accidentalSharp,5,
001224.png,sharp,accidentalSharp,2,
001225.png,natural,accidentalNatural,-3,
001226.png,natural,accidentalNatural,-2,
001227.png,dot,augmentationDot,,
001228.png,dot,augmentationDot,,
001229.png,dot,augmentationDot,,
001230.png,rest_whole,restWhole,,
001231.png,rest_whole,restWhole,,
001232.png,rest_whole,restWhole,,
001233.png,rest_whole,restWhole,,
001234.png,dot,augmentationDot,,
001235.png,dot,augmentationDot,,
001236.png,dot,augmentationDot,,
001237.png,clef_treble,clefG,,
001238.png,clef_treble,clefG,,
001239.png,clef_alto,clefCAlto,,
001240.png,clef_bass,clefF,,
001241.png,clef_bass,clefF,,
001242.png,clef_8,clef8,,
001243.png,rest_whole,restWhole,,
001244.png,rest_whole,restWhole,,
001245.png,clef_tenor,clefCTenor,,
001246.png,dot,augmentationDot,,
001247.png,dot,augmentationDot,,
001248.png,dot,augmentationDot,,
001249.png,dot,augmentationDot,,
001250.png,dot,augmentationDot,,
001251.png,dot,augmentationDot,,
001252.png,dot,augmentationDot,,
001253.png,dot,augmentationDot,,
001254.png,dot,augmentationDot,,
001255.png,dot,augmentationDot,,
001256.png,dot,augmentationDot,,
001257.png,dot,augmentationDot,,
001258.png,dot,augmentationDot,,
001259.png,dot,augmentationDot,,
001260.png,dot,augmentationDot,,
001261.png,rest_whole,restWhole,,
001262.png,rest_whole,restWhole,,
001263.png,rest_whole,restWhole,,
001264.png,rest_whole,restWhole,,
001265.png,dot,augmentationDot,,
001266.png,dot,augmentationDot,,
001267.png,dot,augmentationDot,,
001268.png,dot,augmentationDot,,
001269.png,dot,augmentationDot,,
001270.png,dot,augmentationDot,,
001271.png,dot,augmentationDot,,
001272.png,dot,augmentationDot,,
001273.png,dot,augmentationDot,,
001274.png,clef_bass,clefF,,
001275.png,clef_treble,clefG,,
001276.png,clef_treble,clefG,,
001277.png,clef_alto,clefCAlto,,
001278.png,clef_bass,clefF,,
001279.png,clef_8,clef8,,
001280.png,rest_whole,restWhole,,
001281.png,rest_whole,restWhole,,
001282.png,clef_tenor,clefCTenor,,
001283.png,dot,augmentationDot,,
001284.png,dot,augmentationDot,,
001285.png,dot,augmentationDot,,
001286.png,dot,augmentationDot,,
001287.png,dot,augmentationDot,,
001288.png,dot,augmentationDot,,
001289.png,clef_tenor,clefCTenor,,
001290.png,dot,augmentationDot,,
001291.png,dot,augmentationDot,,
001292.png,rest_half,restHalf,,
001293.png,rest_quarter,restQuarter,,
001294.png,dot,augmentationDot,,
001295.png,dot,augmentationDot,,
001296.png,dot,augmentationDot,,
001297.png,dot,augmentationDot,,
001298.png,sharp,accidentalSharp,-8,
001299.png,sharp,accidentalSharp,12,
001300.png,sharp,accidentalSharp,-7,
001301.png,natural,accidentalNatural,-5,
001302.png,sharp,accidentalSharp,-5,
001303.png,sharp,accidentalSharp,-8,
001304.png,natural,accidentalNatural,-8,
001305.png,sharp,accidentalSharp,-5,
001306.png,sharp,accidentalSharp,0,
001307.png,flat,accidentalFlat,-5,
001308.png,flat,accidentalFlat,-10,
001309.png,sharp,accidentalSharp,-8,
001310.png,sharp,accidentalSharp,12,
001311.png,sharp,accidentalSharp,0,
001312.png,sharp,accidentalSharp,-7,
001313.png,natural,accidentalNatural,-5,
001314.png,sharp,accidentalSharp,-5,
001315.png,sharp,accidentalSharp,-5,
001316.png,sharp,accidentalSharp,-8,
001317.png,natural,accidentalNatural,-8,
001318.png,flat,accidentalFlat,-7,
001319.png,flat,accidentalFlat,-10,
001320.png,flat,accidentalFlat,-5,
001321.png,natural,accidentalNatural,-8,
001322.png,sharp,accidentalSharp,-5,
001323.png,sharp,accidentalSharp,0,
001324.png,sharp,accidentalSharp,-8,
001325.png,sharp,accidentalSharp,-8,
001326.png,sharp,accidentalSharp,-5,
001327.png,sharp,accidentalSharp,-7,
001328.png,sharp,accidentalSharp,0,
001329.png,natural,accidentalNatural,-5,
001330.png,sharp,accidentalSharp,-5,
001331.png,flat,accidentalFlat,-10,
001332.png,sharp,accidentalSharp,14,
001333.png,flat,accidentalFlat,-7,
001334.png,flat,accidentalFlat,-5,
001335.png,sharp,accidentalSharp,-8,
001336.png,sharp,accidentalSharp,-7,
001337.png,sharp,accidentalSharp,-8,
001338.png,sharp,accidentalSharp,-7,
001339.png,natural,accidentalNatural,-5,
001340.png,sharp,accidentalSharp,-5,
001341.png,sharp,accidentalSharp,-8,
001342.png,sharp,accidentalSharp,0,
001343.png,flat,accidentalFlat,-10,
001344.png,sharp,accidentalSharp,-5,
001345.png,natural,accidentalNatural,-8,
001346.png,sharp,accidentalSharp,-5,
001347.png,sharp,accidentalSharp,-7,
001348.png,sharp,accidentalSharp,0,
001349.png,sharp,accidentalSharp,-8,
001350.png,sharp,accidentalSharp,-8,
001351.png,sharp,accidentalSharp,12,
001352.png,sharp,accidentalSharp,-7,
001353.png,natural,accidentalNatural,-5,
001354.png,sharp,accidentalSharp,-5,
001355.png,sharp,accidentalSharp,-8,
001356.png,natural,accidentalNatural,-8,
001357.png,sharp,accidentalSharp,0,
001358.png,flat,accidentalFlat,-10,
001359.png,flat,accidentalFlat,0,
001360.png,flat,accidentalFlat,-5,
001361.png,sharp,accidentalSharp,-5,
001362.png,sharp,accidentalSharp,-9,
001363.png,sharp,accidentalSharp,-8,
001364.png,sharp,accidentalSharp,12,
001365.png,sharp,accidentalSharp,-7,
001366.png,sharp,accidentalSharp,-5,
001367.png,natural,accidentalNatural,-5,
001368.png,sharp,accidentalSharp,-8,
001369.png,natural,accidentalNatural,-8,
001370.png,sharp,accidentalSharp,-5,
001371.png,sharp,accidentalSharp,0,
001372.png,natural,accidentalNatural,12,
001373.png,flat,accidentalFlat,-10,
001374.png,sharp,accidentalSharp,-8,
001375.png,sharp,accidentalSharp,-7,
001376.png,sharp,accidentalSharp,-5,
001377.png,natural,accidentalNatural,-5,
001378.png,sharp,accidentalSharp,0,
001379.png,sharp,accidentalSharp,-8,
001380.png,flat,accidentalFlat,-10,
001381.png,natural,accidentalNatural,-8,
001382.png,sharp,accidentalSharp,-5,
001383.png,natural,accidentalNatural,-5,
001384.png,sharp,accidentalSharp,-7,
001385.png,sharp,accidentalSharp,-8,
001386.png,sharp,accidentalSharp,-5,
001387.png,natural,accidentalNatural,-8,
001388.png,sharp,accidentalSharp,-5,
001389.png,sharp,accidentalSharp,0,
001390.png,sharp,accidentalSharp,-8,
001391.png,flat,accidentalFlat,-10,
001392.png,sharp,accidentalSharp,-8,
001393.png,sharp,accidentalSharp,-7,
001394.png,sharp,accidentalSharp,-5,
001395.png,natural,accidentalNatural,-5,
001396.png,sharp,accidentalSharp,0,
001397.png,sharp,accidentalSharp,-8,
001398.png,sharp,accidentalSharp,-5,
001399.png,flat,accidentalFlat,-10,
001400.png,sharp,accidentalSharp,15,
001401.png,sharp,accidentalSharp,15,
001402.png,natural,accidentalNatural,-8,
001403.png,natural,accidentalNatural,-5,
001404.png,sharp,accidentalSharp,-5,
001405.png,sharp,accidentalSharp,-8,
001406.png,sharp,accidentalSharp,-1,
001407.png,natural,accidentalNatural,-8,
001408.png,sharp,accidentalSharp,-5,
001409.png,sharp,accidentalSharp,0,
001410.png,sharp,accidentalSharp,-8,
001411.png,sharp,accidentalSharp,-7,
001412.png,flat,accidentalFlat,-10,
001413.png,flat,accidentalFlat,-8,
001414.png,sharp,accidentalSharp,4,
001415.png,flat,accidentalFlat,-8,
001416.png,sharp,accidentalSharp,-8,
001417.png,natural,accidentalNatural,-5,
001418.png,sharp,accidentalSharp,-7,
001419.png,sharp,accidentalSharp,-5,
001420.png,sharp,accidentalSharp,-8,
001421.png,natural,accidentalNatural,-8,
001422.png,sharp,accidentalSharp,-5,
001423.png,sharp,accidentalSharp,0,
001424.png,flat,accidentalFlat,-10,
001425.png,rest_8th,rest8th,,
001426.png,rest_16th,rest16th,,
001427.png,rest_quarter,restQuarter,,
001428.png,rest_16th,rest16th,,
001429.png,rest_8th,rest8th,,
001430.png,dot,augmentationDot,,
001431.png,rest_16th,rest16th,,
001432.png,rest_16th,rest16th,,
001433.png,rest_16th,rest16th,,
001434.png,rest_8th,rest8th,,
001435.png,rest_16th,rest16th,,
001436.png,rest_quarter,restQuarter,,
001437.png,clef_bass,clefF,,
001438.png,clef_treble,clefG,,
001439.png,dot,augmentationDot,,
001440.png,rest_8th,rest8th,,
001441.png,rest_16th,rest16th,,
001442.png,rest_16th,rest16th,,
001443.png,rest_half,restHalf,,
001444.png,rest_quarter,restQuarter,,
001445.png,dot,augmentationDot,,
001446.png,rest_half,restHalf,,
001447.png,rest_quarter,restQuarter,,
001448.png,rest_8th,rest8th,,
001449.png,rest_16th,rest16th,,
001450.png,rest_whole,restWhole,,
001451.png,rest_whole,restWhole,,
001452.png,rest_whole,restWhole,,
001453.png,rest_8th,rest8th,,
001454.png,rest_16th,rest16th,,
001455.png,clef_bass,clefF,,
001456.png,clef_treble,clefG,,
001457.png,rest_whole,restWhole,,
001458.png,rest_16th,rest16th,,
001459.png,rest_16th,rest16th,,
001460.png,rest_8th,rest8th,,
001461.png,rest_8th,rest8th,,
001462.png,rest_16th,rest16th,,
001463.png,rest_8th,rest8th,,
001464.png,rest_quarter,restQuarter,,
001465.png,rest_quarter,restQuarter,,
001466.png,dot,augmentationDot,,
001467.png,clef_treble,clefG,,
001468.png,rest_whole,restWhole,,
001469.png,clef_bass,clefF,,
001470.png,rest_half,restHalf,,
001471.png,rest_half,restHalf,,
001472.png,rest_8th,rest8th,,
001473.png,rest_16th,rest16th,,
001474.png,rest_16th,rest16th,,
001475.png,rest_8th,rest8th,,
001476.png,rest_8th,rest8th,,
001477.png,rest_quarter,restQuarter,,
001478.png,rest_16th,rest16th,,
001479.png,rest_quarter,restQuarter,,
001480.png,clef_bass,clefF,,
001481.png,clef_treble,clefG,,
001482.png,dot,augmentationDot,,
001483.png,rest_8th,rest8th,,
001484.png,rest_quarter,restQuarter,,
001485.png,dot,augmentationDot,,
001486.png,rest_8th,rest8th,,
001487.png,clef_bass,clefF,,
001488.png,clef_treble,clefG,,
001489.png,rest_whole,restWhole,,
001490.png,rest_half,restHalf,,
001491.png,dot,augmentationDot,,
001492.png,rest_quarter,restQuarter,,
001493.png,clef_bass,clefF,,
001494.png,clef_treble,clefG,,
001495.png,dot,augmentationDot,,
001496.png,rest_8th,rest8th,,
001497.png,rest_quarter,restQuarter,,
001498.png,rest_quarter,restQuarter,,
001499.png,rest_8th,rest8th,,
001500.png,rest_16th,rest16th,,
001501.png,rest_whole,restWhole,,
001502.png,rest_whole,restWhole,,
001503.png,rest_whole,restWhole,,
001504.png,rest_half,restHalf,,
001505.png,dot,augmentationDot,,
001506.png,rest_8th,rest8th,,
001507.png,rest_quarter,restQuarter,,
001508.png,clef_bass,clefF,,
001509.png,clef_treble,clefG,,
001510.png,rest_whole,restWhole,,
001511.png,rest_half,restHalf,,
001512.png,dot,augmentationDot,,
001513.png,rest_quarter,restQuarter,,
001514.png,dot,augmentationDot,,
001515.png,rest_whole,restWhole,,
001516.png,rest_whole,restWhole,,
001517.png,rest_whole,restWhole,,
001518.png,rest_half,restHalf,,
001519.png,rest_quarter,restQuarter,,
001520.png,rest_whole,restWhole,,
001521.png,clef_treble,clefG,,
001522.png,clef_bass,clefF,,
001523.png,clef_bass,clefF,,
001524.png,clef_treble,clefG,,
001525.png,clef_treble,clefG,,
001526.png,rest_half,restHalf,,
001527.png,rest_quarter,restQuarter,,
001528.png,rest_half,restHalf,,
001529.png,rest_half,restHalf,,
001530.png,rest_whole,restWhole,,
001531.png,rest_whole,restWhole,,
001532.png,rest_whole,restWhole,,
001533.png,rest_half,restHalf,,
001534.png,rest_half,restHalf,,
001535.png,rest_quarter,restQuarter,,
001536.png,rest_whole,restWhole,,
001537.png,clef_bass,clefF,,
001538.png,clef_bass,clefF,,
001539.png,clef_treble,clefG,,
001540.png,clef_treble,clefG,,
001541.png,clef_treble,clefG,,
001542.png,rest_whole,restWhole,,
001543.png,rest_quarter,restQuarter,,
001544.png,rest_half,restHalf,,
001545.png,rest_quarter,restQuarter,,
001546.png,rest_half,restHalf,,
001547.png,rest_whole,restWhole,,
001548.png,rest_whole,restWhole,,
001549.png,rest_whole,restWhole,,
001550.png,rest_whole,restWhole,,
001551.png,rest_whole,restWhole,,
001552.png,rest_whole,restWhole,,
001553.png,clef_treble,clefG,,
001554.png,clef_treble,clefG,,
001555.png,clef_bass,clefF,,
001556.png,clef_bass,clefF,,
001557.png,rest_whole,restWhole,,
001558.png,rest_whole,restWhole,,
001559.png,clef_treble,clefG,,
001560.png,rest_half,restHalf,,
001561.png,rest_half,restHalf,,
001562.png,sharp,accidentalSharp,4,
001563.png,sharp,accidentalSharp,-3,
001564.png,sharp,accidentalSharp,4,
001565.png,natural,accidentalNatural,3,
001566.png,sharp,accidentalSharp,8,
001567.png,natural,accidentalNatural,3,
001568.png,natural,accidentalNatural,3,
001569.png,sharp,accidentalSharp,1,
001570.png,sharp,accidentalSharp,4,
001571.png,sharp,accidentalSharp,-3,
001572.png,sharp,accidentalSharp,4,
001573.png,sharp,accidentalSharp,4,
001574.png,sharp,accidentalSharp,1,
001575.png,natural,accidentalNatural,3,
001576.png,natural,accidentalNatural,3,
001577.png,natural,accidentalNatural,3,
001578.png,time_2,timeSig2,,
001579.png,time_4,timeSig4,,
001580.png,rest_whole,restWhole,,
001581.png,clef_treble,clefG,,
001582.png,dot,augmentationDot,,
001583.png,dot,augmentationDot,,
001584.png,rest_8th,rest8th,,
001585.png,dot,augmentationDot,,
001586.png,dot,augmentationDot,,
001587.png,dot,augmentationDot,,
001588.png,dot,augmentationDot,,
001589.png,dot,augmentationDot,,
001590.png,clef_treble,clefG,,
001591.png,time_2,timeSig2,,
001592.png,time_4,timeSig4,,
001593.png,dot,augmentationDot,,
001594.png,dot,augmentationDot,,
001595.png,dot,augmentationDot,,
001596.png,dot,augmentationDot,,
001597.png,dot,augmentationDot,,
001598.png,dot,augmentationDot,,
001599.png,dot,augmentationDot,,
001600.png,rest_8th,rest8th,,
001601.png,rest_8th,rest8th,,
001602.png,dot,augmentationDot,,
001603.png,dot,augmentationDot,,
001604.png,rest_8th,rest8th,,
001605.png,clef_treble,clefG,,
001606.png,dot,augmentationDot,,
001607.png,dot,augmentationDot,,
001608.png,rest_8th,rest8th,,
001609.png,dot,augmentationDot,,
001610.png,dot,augmentationDot,,
001611.png,dot,augmentationDot,,
001612.png,dot,augmentationDot,,
001613.png,dot,augmentationDot,,
001614.png,dot,augmentationDot,,
001615.png,clef_treble,clefG,,
001616.png,dot,augmentationDot,,
001617.png,dot,augmentationDot,,
001618.png,time_2,timeSig2,,
001619.png,time_4,timeSig4,,
001620.png,rest_quarter,restQuarter,,
001621.png,dot,augmentationDot,,
001622.png,dot,augmentationDot,,
001623.png,clef_treble,clefG,,
001624.png,rest_quarter,restQuarter,,
001625.png,clef_treble,clefG,,
001626.png,time_2,timeSig2,,
001627.png,time_4,timeSig4,,
001628.png,clef_treble,clefG,,
001629.png,clef_treble,clefG,,
001630.png,rest_quarter,restQuarter,,
001631.png,clef_treble,clefG,,
001632.png,rest_half,restHalf,,
001633.png,time_7,timeSig7,,
001634.png,time_8,timeSig8,,
001635.png,time_7,timeSig7,,
001636.png,time_8,timeSig8,,
001637.png,time_7,timeSig7,,
001638.png,time_8,timeSig8,,
001639.png,time_7,timeSig7,,
001640.png,time_8,timeSig8,,
001641.png,time_7,timeSig7,,
001642.png,time_8,timeSig8,,
001643.png,time_7,timeSig7,,
001644.png,time_8,timeSig8,,
001645.png,time_7,timeSig7,,
001646.png,time_8,timeSig8,,
001647.png,time_7,timeSig7,,
001648.png,time_8,timeSig8,,
001649.png,time_7,timeSig7,,
001650.png,time_8,timeSig8,,
001651.png,time_7,timeSig7,,
001652.png,time_8,timeSig8,,
001653.png,time_7,timeSig7,,
001654.png,time_8,timeSig8,,
001655.png,time_7,timeSig7,,
001656.png,time_8,timeSig8,,
001657.png,time_7,timeSig7,,
001658.png,time_8,timeSig8,,
001659.png,time_7,timeSig7,,
001660.png,time_8,timeSig8,,
001661.png,time_7,timeSig7,,
001662.png,time_8,timeSig8,,
001663.png,time_7,timeSig7,,
001664.png,time_8,timeSig8,,
001665.png,time_7,timeSig7,,
001666.png,time_8,timeSig8,,
001667.png,time_7,timeSig7,,
001668.png,time_8,timeSig8,,
001669.png,time_7,timeSig7,,
001670.png,time_8,timeSig8,,
001671.png,time_7,timeSig7,,
001672.png,time_8,timeSig8,,
001673.png,time_7,timeSig7,,
001674.png,time_8,timeSig8,,
001675.png,time_7,timeSig7,,
001676.png,time_8,timeSig8,,
001677.png,time_7,timeSig7,,
001678.png,time_8,timeSig8,,
001679.png,time_7,timeSig7,,
001680.png,time_8,timeSig8,,
001681.png,time_7,timeSig7,,
001682.png,time_8,timeSig8,,
001683.png,time_7,timeSig7,,
001684.png,time_8,timeSig8,,
001685.png,time_7,timeSig7,,
001686.png,time_8,timeSig8,,
001687.png,rest_whole,restWhole,,
001688.png,rest_whole,restWhole,,
001689.png,rest_whole,restWhole,,
001690.png,rest_whole,restWhole,,
001691.png,rest_whole,restWhole,,
001692.png,rest_whole,restWhole,,
001693.png,rest_whole,restWhole,,
001694.png,rest_whole,restWhole,,
001695.png,rest_whole,restWhole,,
001696.png,rest_whole,restWhole,,
001697.png,rest_whole,restWhole,,
001698.png,rest_whole,restWhole,,
001699.png,rest_whole,restWhole,,
001700.png,rest_whole,restWhole,,
001701.png,rest_whole,restWhole,,
001702.png,rest_whole,restWhole,,
001703.png,rest_whole,restWhole,,
001704.png,rest_whole,restWhole,,
001705.png,rest_whole,restWhole,,
001706.png,rest_whole,restWhole,,
001707.png,rest_whole,restWhole,,
001708.png,rest_whole,restWhole,,
001709.png,rest_whole,restWhole,,
001710.png,rest_whole,restWhole,,
001711.png,rest_whole,restWhole,,
001712.png,rest_whole,restWhole,,
001713.png,rest_whole,restWhole,,
001714.png,rest_whole,restWhole,,
001715.png,rest_whole,restWhole,,
001716.png,rest_whole,restWhole,,
001717.png,rest_whole,restWhole,,
001718.png,rest_whole,restWhole,,
001719.png,rest_whole,restWhole,,
001720.png,rest_whole,restWhole,,
001721.png,rest_whole,restWhole,,
001722.png,rest_whole,restWhole,,
001723.png,rest_whole,restWhole,,
001724.png,rest_whole,restWhole,,
001725.png,rest_whole,restWhole,,
001726.png,rest_whole,restWhole,,
001727.png,rest_whole,restWhole,,
001728.png,rest_whole,restWhole,,
001729.png,rest_whole,restWhole,,
001730.png,rest_whole,restWhole,,
001731.png,rest_whole,restWhole,,
001732.png,rest_whole,restWhole,,
001733.png,rest_whole,restWhole,,
001734.png,rest_whole,restWhole,,
001735.png,rest_whole,restWhole,,
001736.png,rest_whole,restWhole,,
001737.png,rest_whole,restWhole,,
001738.png,rest_whole,restWhole,,
001739.png,rest_whole,restWhole,,
001740.png,rest_whole,restWhole,,
001741.png,rest_whole,restWhole,,
001742.png,rest_whole,restWhole,,
001743.png,rest_whole,restWhole,,
001744.png,rest_whole,restWhole,,
001745.png,rest_whole,restWhole,,
001746.png,rest_whole,restWhole,,
001747.png,rest_whole,restWhole,,
001748.png,rest_whole,restWhole,,
001749.png,rest_whole,restWhole,,
001750.png,rest_whole,restWhole,,
001751.png,rest_whole,restWhole,,
001752.png,rest_whole,restWhole,,
001753.png,rest_whole,restWhole,,
001754.png,rest_whole,restWhole,,
001755.png,rest_whole,restWhole,,
001756.png,rest_whole,restWhole,,
001757.png,rest_whole,restWhole,,
001758.png,rest_whole,restWhole,,
001759.png,rest_whole,restWhole,,
001760.png,rest_whole,restWhole,,
001761.png,time_4,timeSig4,,
001762.png,time_4,timeSig4,,
001763.png,time_4,timeSig4,,
001764.png,time_4,timeSig4,,
001765.png,time_4,timeSig4,,
001766.png,time_4,timeSig4,,
001767.png,time_4,timeSig4,,
001768.png,time_4,timeSig4,,
001769.png,time_4,timeSig4,,
001770.png,time_4,timeSig4,,
001771.png,time_4,timeSig4,,
001772.png,time_4,timeSig4,,
001773.png,time_4,timeSig4,,
001774.png,time_4,timeSig4,,
001775.png,time_4,timeSig4,,
001776.png,time_4,timeSig4,,
001777.png,time_4,timeSig4,,
001778.png,time_4,timeSig4,,
001779.png,time_4,timeSig4,,
001780.png,time_4,timeSig4,,
001781.png,time_4,timeSig4,,
001782.png,time_4,timeSig4,,
001783.png,time_4,timeSig4,,
001784.png,time_4,timeSig4,,
001785.png,rest_8th,rest8th,,
001786.png,time_4,timeSig4,,
001787.png,time_4,timeSig4,,
001788.png,time_4,timeSig4,,
001789.png,time_4,timeSig4,,
001790.png,time_4,timeSig4,,
001791.png,time_4,timeSig4,,
001792.png,time_4,timeSig4,,
001793.png,time_4,timeSig4,,
001794.png,time_4,timeSig4,,
001795.png,time_4,timeSig4,,
001796.png,time_4,timeSig4,,
001797.png,time_4,timeSig4,,
001798.png,time_4,timeSig4,,
001799.png,time_4,timeSig4,,
001800.png,time_4,timeSig4,,
001801.png,time_4,timeSig4,,
001802.png,time_4,timeSig4,,
001803.png,time_4,timeSig4,,
001804.png,time_4,timeSig4,,
001805.png,time_4,timeSig4,,
001806.png,time_4,timeSig4,,
001807.png,time_4,timeSig4,,
001808.png,time_4,timeSig4,,
001809.png,time_4,timeSig4,,
001810.png,time_4,timeSig4,,
001811.png,time_4,timeSig4,,
001812.png,time_4,timeSig4,,
001813.png,time_4,timeSig4,,
001814.png,time_4,timeSig4,,
001815.png,time_4,timeSig4,,
001816.png,clef_treble,clefG,,
001817.png,clef_bass,clefF,,
001818.png,clef_bass,clefF,,
001819.png,clef_treble,clefG,,
001820.png,dot,augmentationDot,,
001821.png,clef_bass,clefF,,
001822.png,clef_treble,clefG,,
001823.png,clef_bass,clefF,,
001824.png,clef_bass,clefF,,
001825.png,clef_bass,clefF,,
001826.png,clef_treble,clefG,,
001827.png,clef_bass,clefF,,
001828.png,clef_treble,clefG,,
001829.png,clef_treble,clefG,,
001830.png,clef_treble,clefG,,
001831.png,rest_half,restHalf,,
001832.png,rest_quarter,restQuarter,,
001833.png,rest_quarter,restQuarter,,
001834.png,rest_whole,restWhole,,
001835.png,rest_whole,restWhole,,
001836.png,rest_whole,restWhole,,
001837.png,rest_whole,restWhole,,
001838.png,rest_whole,restWhole,,
001839.png,rest_whole,restWhole,,
001840.png,rest_whole,restWhole,,
001841.png,rest_whole,restWhole,,
001842.png,rest_whole,restWhole,,
001843.png,rest_whole,restWhole,,
001844.png,rest_whole,restWhole,,
001845.png,rest_whole,restWhole,,
001846.png,rest_whole,restWhole,,
001847.png,rest_whole,restWhole,,
001848.png,rest_whole,restWhole,,
001849.png,rest_whole,restWhole,,
001850.png,rest_whole,restWhole,,
001851.png,rest_whole,restWhole,,
001852.png,rest_whole,restWhole,,
001853.png,rest_whole,restWhole,,
001854.png,rest_whole,restWhole,,
001855.png,clef_treble,clefG,,
001856.png,clef_treble,clefG,,
001857.png,clef_treble,clefG,,
001858.png,clef_treble,clefG,,
001859.png,clef_8,clef8,,
001860.png,clef_treble,clefG,,
001861.png,clef_treble,clefG,,
001862.png,clef_treble,clefG,,
001863.png,clef_treble,clefG,,
001864.png,clef_treble,clefG,,
001865.png,clef_bass,clefF,,
001866.png,rest_whole,restWhole,,
001867.png,rest_whole,restWhole,,
001868.png,rest_whole,restWhole,,
001869.png,rest_whole,restWhole,,
001870.png,rest_whole,restWhole,,
001871.png,rest_whole,restWhole,,
001872.png,rest_whole,restWhole,,
001873.png,rest_whole,restWhole,,
001874.png,rest_whole,restWhole,,
001875.png,rest_whole,restWhole,,
001876.png,rest_whole,restWhole,,
001877.png,rest_whole,restWhole,,
001878.png,rest_whole,restWhole,,
001879.png,rest_whole,restWhole,,
001880.png,rest_whole,restWhole,,
001881.png,rest_whole,restWhole,,
001882.png,rest_whole,restWhole,,
001883.png,rest_whole,restWhole,,
001884.png,rest_whole,restWhole,,
001885.png,rest_whole,restWhole,,
001886.png,rest_whole,restWhole,,
001887.png,clef_treble,clefG,,
001888.png,clef_bass,clefF,,
001889.png,clef_8,clef8,,
001890.png,clef_treble,clefG,,
001891.png,rest_whole,restWhole,,
001892.png,rest_whole,restWhole,,
001893.png,rest_whole,restWhole,,
001894.png,rest_whole,restWhole,,
001895.png,rest_whole,restWhole,,
001896.png,rest_whole,restWhole,,
001897.png,dot,augmentationDot,,
001898.png,rest_quarter,restQuarter,,
001899.png,rest_quarter,restQuarter,,
001900.png,rest_half,restHalf,,
001901.png,dot,augmentationDot,,
001902.png,flat,accidentalFlat,8,
001903.png,sharp,accidentalSharp,6,
001904.png,natural,accidentalNatural,3,
001905.png,flat,accidentalFlat,0,
001906.png,flat,accidentalFlat,8,
001907.png,natural,accidentalNatural,2,
001908.png,sharp,accidentalSharp,3,
001909.png,sharp,accidentalSharp,2,
001910.png,natural,accidentalNatural,2,
001911.png,sharp,accidentalSharp,-2,
001912.png,sharp,accidentalSharp,0,
001913.png,sharp,accidentalSharp,0,
001914.png,sharp,accidentalSharp,0,
001915.png,sharp,accidentalSharp,-2,
001916.png,flat,accidentalFlat,8,
001917.png,natural,accidentalNatural,2,
001918.png,sharp,accidentalSharp,-5,
001919.png,sharp,accidentalSharp,0,
001920.png,sharp,accidentalSharp,2,
001921.png,sharp,accidentalSharp,4,
001922.png,sharp,accidentalSharp,-1,
001923.png,natural,accidentalNatural,4,
001924.png,natural,accidentalNatural,-1,
001925.png,sharp,accidentalSharp,3,
001926.png,flat,accidentalFlat,8,
001927.png,flat,accidentalFlat,4,
001928.png,natural,accidentalNatural,2,
001929.png,sharp,accidentalSharp,6,
001930.png,sharp,accidentalSharp,-1,
001931.png,dot,augmentationDot,,
001932.png,dot,augmentationDot,,
001933.png,dot,augmentationDot,,
001934.png,clef_bass,clefF,,
001935.png,time_cut,timeSigCutCommon,,
001936.png,clef_treble,clefG,,
001937.png,rest_half,restHalf,,
001938.png,rest_whole,restWhole,,
001939.png,time_cut,timeSigCutCommon,,
001940.png,dot,augmentationDot,,
001941.png,dot,augmentationDot,,
001942.png,clef_bass,clefF,,
001943.png,clef_treble,clefG,,
001944.png,dot,augmentationDot,,
001945.png,dot,augmentationDot,,
001946.png,dot,augmentationDot,,
001947.png,dot,augmentationDot,,
001948.png,clef_bass,clefF,,
001949.png,clef_treble,clefG,,
001950.png,dot,augmentationDot,,
001951.png,dot,augmentationDot,,
001952.png,dot,augmentationDot,,
001953.png,clef_bass,clefF,,
001954.png,clef_treble,clefG,,
001955.png,dot,augmentationDot,,
001956.png,dot,augmentationDot,,
001957.png,rest_quarter,restQuarter,,
001958.png,rest_half,restHalf,,
001959.png,clef_bass,clefF,,
001960.png,clef_treble,clefG,,
001961.png,dot,augmentationDot,,
001962.png,dot,augmentationDot,,
001963.png,clef_bass,clefF,,
001964.png,clef_treble,clefG,,
001965.png,dot,augmentationDot,,
001966.png,dot,augmentationDot,,
001967.png,rest_whole,restWhole,,
001968.png,rest_whole,restWhole,,
001969.png,rest_whole,restWhole,,
001970.png,rest_whole,restWhole,,
001971.png,rest_whole,restWhole,,
001972.png,rest_whole,restWhole,,
001973.png,rest_whole,restWhole,,
001974.png,rest_whole,restWhole,,
001975.png,rest_whole,restWhole,,
001976.png,rest_whole,restWhole,,
001977.png,rest_whole,restWhole,,
001978.png,rest_whole,restWhole,,
001979.png,rest_whole,restWhole,,
001980.png,rest_whole,restWhole,,
001981.png,rest_whole,restWhole,,
001982.png,rest_whole,restWhole,,
001983.png,rest_whole,restWhole,,
001984.png,rest_whole,restWhole,,
001985.png,dot,augmentationDot,,
001986.png,rest_half,restHalf,,
001987.png,rest_half,restHalf,,
001988.png,rest_half,restHalf,,
001989.png,dot,augmentationDot,,
001990.png,dot,augmentationDot,,
001991.png,dot,augmentationDot,,
001992.png,dot,augmentationDot,,
001993.png,dot,augmentationDot,,
001994.png,dot,augmentationDot,,
001995.png,rest_whole,restWhole,,
001996.png,rest_whole,restWhole,,
001997.png,rest_whole,restWhole,,
001998.png,rest_whole,restWhole,,
001999.png,rest_whole,restWhole,,
002000.png,clef_treble,clefG,,
002001.png,clef_treble,clefG,,
002002.png,rest_whole,restWhole,,
002003.png,clef_treble,clefG,,
002004.png,clef_bass,clefF,,
002005.png,clef_treble,clefG,,
002006.png,clef_treble,clefG,,
002007.png,rest_whole,restWhole,,
002008.png,rest_whole,restWhole,,
002009.png,rest_whole,restWhole,,
002010.png,clef_bass,clefF,,
002011.png,clef_bass,clefF,,
002012.png,clef_8,clef8,,
002013.png,clef_treble,clefG,,
002014.png,clef_bass,clefF,,
002015.png,dot,augmentationDot,,
002016.png,flat,accidentalFlat,0,
002017.png,natural,accidentalNatural,3,
002018.png,natural,accidentalNatural,-6,
002019.png,natural,accidentalNatural,3,
002020.png,flat,accidentalFlat,2,
002021.png,flat,accidentalFlat,0,
002022.png,natural,accidentalNatural,2,
002023.png,flat,accidentalFlat,2,
002024.png,flat,accidentalFlat,2,
002025.png,flat,accidentalFlat,0,
002026.png,flat,accidentalFlat,2,
002027.png,flat,accidentalFlat,2,
002028.png,flat,accidentalFlat,0,
002029.png,flat,accidentalFlat,-5,
002030.png,flat,accidentalFlat,-5,
002031.png,natural,accidentalNatural,4,
002032.png,dot,augmentationDot,,
002033.png,dot,augmentationDot,,
002034.png,rest_16th,rest16th,,
002035.png,dot,augmentationDot,,
002036.png,dot,augmentationDot,,
002037.png,clef_bass,clefF,,
002038.png,clef_treble,clefG,,
002039.png,rest_16th,rest16th,,
002040.png,dot,augmentationDot,,
002041.png,dot,augmentationDot,,
002042.png,rest_16th,rest16th,,
002043.png,rest_16th,rest16th,,
002044.png,dot,augmentationDot,,
002045.png,dot,augmentationDot,,
002046.png,rest_16th,rest16th,,
002047.png,rest_quarter,restQuarter,,
002048.png,dot,augmentationDot,,
002049.png,rest_quarter,restQuarter,,
002050.png,rest_8th,rest8th,,
002051.png,clef_bass,clefF,,
002052.png,clef_treble,clefG,,
002053.png,dot,augmentationDot,,
002054.png,rest_16th,rest16th,,
002055.png,dot,augmentationDot,,
002056.png,rest_16th,rest16th,,
002057.png,rest_quarter,restQuarter,,
002058.png,rest_quarter,restQuarter,,
002059.png,dot,augmentationDot,,
002060.png,dot,augmentationDot,,
002061.png,rest_quarter,restQuarter,,
002062.png,clef_bass,clefF,,
002063.png,clef_treble,clefG,,
002064.png,dot,augmentationDot,,
002065.png,dot,augmentationDot,,
002066.png,rest_16th,rest16th,,
002067.png,rest_16th,rest16th,,
002068.png,dot,augmentationDot,,
002069.png,dot,augmentationDot,,
002070.png,dot,augmentationDot,,
002071.png,dot,augmentationDot,,
002072.png,dot,augmentationDot,,
002073.png,dot,augmentationDot,,
002074.png,rest_16th,rest16th,,
002075.png,dot,augmentationDot,,
002076.png,rest_8th,rest8th,,
002077.png,dot,augmentationDot,,
002078.png,clef_bass,clefF,,
002079.png,rest_quarter,restQuarter,,
002080.png,clef_treble,clefG,,
002081.png,rest_16th,rest16th,,
002082.png,rest_16th,rest16th,,
002083.png,dot,augmentationDot,,
002084.png,dot,augmentationDot,,
002085.png,dot,augmentationDot,,
002086.png,rest_16th,rest16th,,
002087.png,dot,augmentationDot,,
002088.png,dot,augmentationDot,,
002089.png,dot,augmentationDot,,
002090.png,clef_bass,clefF,,
002091.png,clef_treble,clefG,,
002092.png,rest_16th,rest16th,,
002093.png,dot,augmentationDot,,
002094.png,dot,augmentationDot,,
002095.png,dot,augmentationDot,,
002096.png,rest_8th,rest8th,,
002097.png,rest_8th,rest8th,,
002098.png,dot,augmentationDot,,
002099.png,dot,augmentationDot,,
002100.png,dot,augmentationDot,,
002101.png,dot,augmentationDot,,
002102.png,dot,augmentationDot,,
002103.png,dot,augmentationDot,,
002104.png,clef_treble,clefG,,
002105.png,clef_treble,clefG,,
002106.png,clef_treble,clefG,,
002107.png,clef_treble,clefG,,
002108.png,rest_8th,rest8th,,
002109.png,dot,augmentationDot,,
002110.png,dot,augmentationDot,,
002111.png,dot,augmentationDot,,
002112.png,dot,augmentationDot,,
002113.png,rest_8th,rest8th,,
002114.png,dot,augmentationDot,,
002115.png,dot,augmentationDot,,
002116.png,rest_8th,rest8th,,
002117.png,rest_8th,rest8th,,
002118.png,dot,augmentationDot,,
002119.png,dot,augmentationDot,,
002120.png,dot,augmentationDot,,
002121.png,dot,augmentationDot,,
002122.png,rest_8th,rest8th,,
002123.png,clef_treble,clefG,,
002124.png,clef_treble,clefG,,
002125.png,clef_treble,clefG,,
002126.png,clef_treble,clefG,,
002127.png,dot,augmentationDot,,
002128.png,dot,augmentationDot,,
002129.png,dot,augmentationDot,,
002130.png,dot,augmentationDot,,
002131.png,dot,augmentationDot,,
002132.png,dot,augmentationDot,,
002133.png,rest_quarter,restQuarter,,
002134.png,rest_quarter,restQuarter,,
002135.png,rest_8th,rest8th,,
002136.png,rest_8th,rest8th,,
002137.png,dot,augmentationDot,,
002138.png,rest_8th,rest8th,,
002139.png,rest_8th,rest8th,,
002140.png,rest_8th,rest8th,,
002141.png,rest_8th,rest8th,,
002142.png,rest_8th,rest8th,,
002143.png,rest_8th,rest8th,,
002144.png,rest_8th,rest8th,,
002145.png,rest_8th,rest8th,,
002146.png,rest_quarter,restQuarter,,
002147.png,rest_quarter,restQuarter,,
002148.png,rest_quarter,restQuarter,,
002149.png,dot,augmentationDot,,
002150.png,rest_whole,restWhole,,
002151.png,dot,augmentationDot,,
002152.png,rest_half,restHalf,,
002153.png,rest_8th,rest8th,,
002154.png,clef_treble,clefG,,
002155.png,clef_treble,clefG,,
002156.png,clef_treble,clefG,,
002157.png,clef_treble,clefG,,
002158.png,rest_8th,rest8th,,
002159.png,rest_8th,rest8th,,
002160.png,rest_8th,rest8th,,
002161.png,rest_8th,rest8th,,
002162.png,rest_quarter,restQuarter,,
002163.png,rest_8th,rest8th,,
002164.png,rest_8th,rest8th,,
002165.png,dot,augmentationDot,,
002166.png,rest_quarter,restQuarter,,
002167.png,sharp,accidentalSharp,6,
002168.png,sharp,accidentalSharp,-1,
002169.png,sharp,accidentalSharp,1,
002170.png,sharp,accidentalSharp,1,
002171.png,sharp,accidentalSharp,5,
002172.png,sharp,accidentalSharp,1,
002173.png,sharp,accidentalSharp,-1,
002174.png,sharp,accidentalSharp,-1,
002175.png,sharp,accidentalSharp,1,
002176.png,sharp,accidentalSharp,1,
002177.png,sharp,accidentalSharp,0,
002178.png,sharp,accidentalSharp,0,
002179.png,sharp,accidentalSharp,-1,
002180.png,sharp,accidentalSharp,1,
002181.png,sharp,accidentalSharp,5,
002182.png,sharp,accidentalSharp,0,
002183.png,sharp,accidentalSharp,1,
002184.png,sharp,accidentalSharp,1,
002185.png,sharp,accidentalSharp,1,
002186.png,sharp,accidentalSharp,1,
002187.png,sharp,accidentalSharp,5,
002188.png,natural,accidentalNatural,1,
002189.png,natural,accidentalNatural,1,
002190.png,natural,accidentalNatural,1,
002191.png,natural,accidentalNatural,5,
002192.png,sharp,accidentalSharp,6,
002193.png,natural,accidentalNatural,2,
002194.png,natural,accidentalNatural,2,
002195.png,flat,accidentalFlat,-2,
002196.png,sharp,accidentalSharp,1,
002197.png,sharp,accidentalSharp,1,
002198.png,sharp,accidentalSharp,5,
002199.png,sharp,accidentalSharp,1,
002200.png,sharp,accidentalSharp,2,
002201.png,sharp,accidentalSharp,6,
002202.png,sharp,accidentalSharp,2,
002203.png,sharp,accidentalSharp,2,
002204.png,sharp,accidentalSharp,-2,
002205.png,sharp,accidentalSharp,-2,
002206.png,sharp,accidentalSharp,2,
002207.png,natural,accidentalNatural,6,
002208.png,natural,accidentalNatural,2,
002209.png,sharp,accidentalSharp,7,
002210.png,sharp,accidentalSharp,-2,
002211.png,rest_whole,restWhole,,
002212.png,rest_whole,restWhole,,
002213.png,rest_quarter,restQuarter,,
002214.png,rest_8th,rest8th,,
002215.png,rest_8th,rest8th,,
002216.png,rest_8th,rest8th,,
002217.png,clef_treble,clefG,,
002218.png,clef_treble,clefG,,
002219.png,clef_bass,clefF,,
002220.png,rest_whole,restWhole,,
002221.png,clef_treble,clefG,,
002222.png,clef_treble,clefG,,
002223.png,clef_alto,clefCAlto,,
002224.png,rest_whole,restWhole,,
002225.png,rest_whole,restWhole,,
002226.png,clef_bass,clefF,,
002227.png,rest_quarter,restQuarter,,
002228.png,rest_quarter,restQuarter,,
002229.png,rest_quarter,restQuarter,,
002230.png,dot,augmentationDot,,
002231.png,dot,augmentationDot,,
002232.png,rest_quarter,restQuarter,,
002233.png,rest_quarter,restQuarter,,
002234.png,rest_quarter,restQuarter,,
002235.png,rest_quarter,restQuarter,,
002236.png,rest_quarter,restQuarter,,
002237.png,dot,augmentationDot,,
002238.png,dot,augmentationDot,,
002239.png,rest_whole,restWhole,,
002240.png,rest_whole,restWhole,,
002241.png,dot,augmentationDot,,
002242.png,dot,augmentationDot,,
002243.png,clef_treble,clefG,,
002244.png,clef_treble,clefG,,
002245.png,clef_bass,clefF,,
002246.png,clef_treble,clefG,,
002247.png,clef_alto,clefCAlto,,
002248.png,clef_bass,clefF,,
002249.png,rest_whole,restWhole,,
002250.png,rest_whole,restWhole,,
002251.png,clef_treble,clefG,,
002252.png,rest_8th,rest8th,,
002253.png,rest_8th,rest8th,,
002254.png,rest_8th,rest8th,,
002255.png,rest_8th,rest8th,,
002256.png,dot,augmentationDot,,
002257.png,rest_quarter,restQuarter,,
002258.png,rest_quarter,restQuarter,,
002259.png,rest_quarter,restQuarter,,
002260.png,rest_quarter,restQuarter,,
002261.png,rest_quarter,restQuarter,,
002262.png,rest_whole,restWhole,,
002263.png,rest_whole,restWhole,,
002264.png,rest_whole,restWhole,,
002265.png,rest_whole,restWhole,,
002266.png,rest_whole,restWhole,,
002267.png,dot,augmentationDot,,
002268.png,dot,augmentationDot,,
002269.png,dot,augmentationDot,,
002270.png,dot,augmentationDot,,
002271.png,clef_bass,clefF,,
002272.png,rest_whole,restWhole,,
002273.png,rest_whole,restWhole,,
002274.png,clef_alto,clefCAlto,,
002275.png,clef_treble,clefG,,
002276.png,clef_treble,clefG,,
002277.png,clef_bass,clefF,,
002278.png,clef_treble,clefG,,
002279.png,clef_treble,clefG,,
002280.png,rest_8th,rest8th,,
002281.png,rest_8th,rest8th,,
002282.png,rest_8th,rest8th,,
002283.png,rest_8th,rest8th,,
002284.png,sharp,accidentalSharp,2,
002285.png,natural,accidentalNatural,2,
002286.png,sharp,accidentalSharp,7,
002287.png,sharp,accidentalSharp,9,
002288.png,sharp,accidentalSharp,8,
002289.png,sharp,accidentalSharp,-5,
002290.png,sharp,accidentalSharp,-6,
002291.png,sharp,accidentalSharp,2,
002292.png,sharp,accidentalSharp,1,
002293.png,sharp,accidentalSharp,-1,
002294.png,clef_bass,clefF,,
002295.png,dot,augmentationDot,,
002296.png,clef_treble,clefG,,
002297.png,dot,augmentationDot,,
002298.png,dot,augmentationDot,,
002299.png,rest_quarter,restQuarter,,
002300.png,rest_quarter,restQuarter,,
002301.png,dot,augmentationDot,,
002302.png,rest_8th,rest8th,,
002303.png,rest_quarter,restQuarter,,
002304.png,dot,augmentationDot,,
002305.png,dot,augmentationDot,,
002306.png,rest_whole,restWhole,,
002307.png,dot,augmentationDot,,
002308.png,dot,augmentationDot,,
002309.png,rest_quarter,restQuarter,,
002310.png,dot,augmentationDot,,
002311.png,clef_treble,clefG,,
002312.png,clef_tenor,clefCTenor,,
002313.png,dot,augmentationDot,,
002314.png,dot,augmentationDot,,
002315.png,clef_treble,clefG,,
002316.png,dot,augmentationDot,,
002317.png,dot,augmentationDot,,
002318.png,rest_8th,rest8th,,
002319.png,rest_8th,rest8th,,
002320.png,rest_half,restHalf,,
002321.png,rest_8th,rest8th,,
002322.png,rest_8th,rest8th,,
002323.png,rest_quarter,restQuarter,,
002324.png,clef_bass,clefF,,
002325.png,rest_whole,restWhole,,
002326.png,clef_tenor,clefCTenor,,
002327.png,natural,accidentalNatural,0,
002328.png,sharp,accidentalSharp,-2,
002329.png,sharp,accidentalSharp,-3,
002330.png,natural,accidentalNatural,0,
002331.png,flat,accidentalFlat,2,
002332.png,sharp,accidentalSharp,1,
002333.png,flat,accidentalFlat,-5,
002334.png,sharp,accidentalSharp,0,
002335.png,natural,accidentalNatural,-1,
002336.png,sharp,accidentalSharp,0,
002337.png,flat,accidentalFlat,5,
002338.png,flat,accidentalFlat,2,
002339.png,natural,accidentalNatural,-7,
002340.png,natural,accidentalNatural,0,
002341.png,sharp,accidentalSharp,-5,
002342.png,sharp,accidentalSharp,-3,
002343.png,sharp,accidentalSharp,-5,
002344.png,sharp,accidentalSharp,2,
002345.png,flat,accidentalFlat,-4,
002346.png,natural,accidentalNatural,-4,
002347.png,flat,accidentalFlat,1,
002348.png,flat,accidentalFlat,-6,
002349.png,rest_quarter,restQuarter,,
002350.png,rest_quarter,restQuarter,,
002351.png,time_4,timeSig4,,
002352.png,time_4,timeSig4,,
002353.png,clef_alto,clefCAlto,,
002354.png,dot,augmentationDot,,
002355.png,rest_whole,restWhole,,
002356.png,time_4,timeSig4,,
002357.png,time_4,timeSig4,,
002358.png,clef_treble,clefG,,
002359.png,rest_half,restHalf,,
002360.png,dot,augmentationDot,,
002361.png,dot,augmentationDot,,
002362.png,dot,augmentationDot,,
002363.png,rest_8th,rest8th,,
002364.png,rest_16th,rest16th,,
002365.png,time_3,timeSig3,,
002366.png,time_4,timeSig4,,
002367.png,clef_treble,clefG,,
002368.png,time_3,timeSig3,,
002369.png,time_4,timeSig4,,
002370.png,clef_treble,clefG,,
002371.png,rest_whole,restWhole,,
002372.png,rest_quarter,restQuarter,,
002373.png,rest_quarter,restQuarter,,
002374.png,dot,augmentationDot,,
002375.png,clef_8,clef8,,
002376.png,clef_treble,clefG,,
002377.png,clef_8,clef8,,
002378.png,clef_treble,clefG,,
002379.png,rest_quarter,restQuarter,,
002380.png,dot,augmentationDot,,
002381.png,dot,augmentationDot,,
002382.png,dot,augmentationDot,,
002383.png,clef_treble,clefG,,
002384.png,dot,augmentationDot,,
002385.png,rest_quarter,restQuarter,,
002386.png,rest_8th,rest8th,,
002387.png,dot,augmentationDot,,
002388.png,dot,augmentationDot,,
002389.png,rest_quarter,restQuarter,,
002390.png,rest_quarter,restQuarter,,
002391.png,rest_whole,restWhole,,
002392.png,clef_8,clef8,,
002393.png,clef_treble,clefG,,
002394.png,time_4,timeSig4,,
002395.png,time_4,timeSig4,,
002396.png,clef_alto,clefCAlto,,
002397.png,time_4,timeSig4,,
002398.png,time_4,timeSig4,,
002399.png,clef_treble,clefG,,
002400.png,clef_alto,clefCAlto,,
002401.png,rest_8th,rest8th,,
002402.png,rest_quarter,restQuarter,,
002403.png,clef_treble,clefG,,
002404.png,dot,augmentationDot,,
002405.png,dot,augmentationDot,,
002406.png,clef_treble,clefG,,
002407.png,clef_alto,clefCAlto,,
002408.png,rest_8th,rest8th,,
002409.png,rest_8th,rest8th,,
002410.png,rest_half,restHalf,,
002411.png,rest_whole,restWhole,,
002412.png,clef_treble,clefG,,
002413.png,clef_treble,clefG,,
002414.png,rest_half,restHalf,,
002415.png,rest_quarter,restQuarter,,
002416.png,dot,augmentationDot,,
002417.png,rest_16th,rest16th,,
002418.png,rest_quarter,restQuarter,,
002419.png,dot,augmentationDot,,
002420.png,rest_whole,restWhole,,
002421.png,rest_16th,rest16th,,
002422.png,rest_8th,rest8th,,
002423.png,rest_quarter,restQuarter,,
002424.png,clef_treble,clefG,,
002425.png,clef_treble,clefG,,
002426.png,rest_whole,restWhole,,
002427.png,rest_16th,rest16th,,
002428.png,rest_quarter,restQuarter,,
002429.png,rest_8th,rest8th,,
002430.png,rest_half,restHalf,,
002431.png,dot,augmentationDot,,
002432.png,rest_whole,restWhole,,
002433.png,rest_16th,rest16th,,
002434.png,rest_16th,rest16th,,
002435.png,rest_quarter,restQuarter,,
002436.png,clef_treble,clefG,,
002437.png,clef_treble,clefG,,
002438.png,rest_8th,rest8th,,
002439.png,dot,augmentationDot,,
002440.png,clef_bass,clefF,,
002441.png,rest_8th,rest8th,,
002442.png,clef_bass,clefF,,
002443.png,rest_half,restHalf,,
002444.png,natural,accidentalNatural,0,
002445.png,dot,augmentationDot,,
002446.png,dot,augmentationDot,,
002447.png,dot,augmentationDot,,
002448.png,dot,augmentationDot,,
002449.png,dot,augmentationDot,,
002450.png,dot,augmentationDot,,
002451.png,dot,augmentationDot,,
002452.png,dot,augmentationDot,,
002453.png,dot,augmentationDot,,
002454.png,dot,augmentationDot,,
002455.png,dot,augmentationDot,,
002456.png,dot,augmentationDot,,
002457.png,dot,augmentationDot,,
002458.png,dot,augmentationDot,,
002459.png,dot,augmentationDot,,
002460.png,dot,augmentationDot,,
002461.png,clef_treble,clefG,,
002462.png,clef_8,clef8,,
002463.png,time_3,timeSig3,,
002464.png,time_4,timeSig4,,
002465.png,clef_bass,clefF,,
002466.png,time_3,timeSig3,,
002467.png,time_4,timeSig4,,
002468.png,dot,augmentationDot,,
002469.png,dot,augmentationDot,,
002470.png,dot,augmentationDot,,
002471.png,dot,augmentationDot,,
002472.png,dot,augmentationDot,,
002473.png,dot,augmentationDot,,
002474.png,dot,augmentationDot,,
002475.png,dot,augmentationDot,,
002476.png,dot,augmentationDot,,
002477.png,dot,augmentationDot,,
002478.png,dot,augmentationDot,,
002479.png,dot,augmentationDot,,
002480.png,dot,augmentationDot,,
002481.png,dot,augmentationDot,,
002482.png,clef_treble,clefG,,
002483.png,clef_8,clef8,,
002484.png,clef_bass,clefF,,
002485.png,dot,augmentationDot,,
002486.png,dot,augmentationDot,,
002487.png,dot,augmentationDot,,
002488.png,dot,augmentationDot,,
002489.png,dot,augmentationDot,,
002490.png,dot,augmentationDot,,
002491.png,dot,augmentationDot,,
002492.png,dot,augmentationDot,,
002493.png,dot,augmentationDot,,
002494.png,dot,augmentationDot,,
002495.png,dot,augmentationDot,,
002496.png,dot,augmentationDot,,
002497.png,rest_quarter,restQuarter,,
002498.png,rest_quarter,restQuarter,,
002499.png,rest_quarter,restQuarter,,
002500.png,rest_quarter,restQuarter,,
002501.png,dot,augmentationDot,,
002502.png,dot,augmentationDot,,
002503.png,rest_8th,rest8th,,
002504.png,clef_bass,clefF,,
002505.png,clef_8,clef8,,
002506.png,clef_treble,clefG,,
002507.png,dot,augmentationDot,,
002508.png,dot,augmentationDot,,
002509.png,rest_8th,rest8th,,
002510.png,flat,accidentalFlat,9,
002511.png,flat,accidentalFlat,1,
002512.png,flat,accidentalFlat,-5,
002513.png,natural,accidentalNatural,4,
002514.png,natural,accidentalNatural,-4,
002515.png,flat,accidentalFlat,10,
002516.png,natural,accidentalNatural,4,
002517.png,natural,accidentalNatural,4,
002518.png,natural,accidentalNatural,-3,
002519.png,natural,accidentalNatural,-7,
002520.png,natural,accidentalNatural,1,
002521.png,rest_8th,rest8th,,
002522.png,rest_half,restHalf,,
002523.png,rest_half,restHalf,,
002524.png,rest_half,restHalf,,
002525.png,rest_quarter,restQuarter,,
002526.png,rest_8th,rest8th,,
002527.png,rest_quarter,restQuarter,,
002528.png,rest_quarter,restQuarter,,
002529.png,rest_8th,rest8th,,
002530.png,rest_8th,rest8th,,
002531.png,rest_whole,restWhole,,
002532.png,rest_whole,restWhole,,
002533.png,rest_8th,rest8th,,
002534.png,rest_8th,rest8th,,
002535.png,rest_8th,rest8th,,
002536.png,rest_quarter,restQuarter,,
002537.png,rest_8th,rest8th,,
002538.png,rest_8th,rest8th,,
002539.png,rest_quarter,restQuarter,,
002540.png,dot,augmentationDot,,
002541.png,clef_bass,clefF,,
002542.png,clef_bass,clefF,,
002543.png,clef_bass,clefF,,
002544.png,clef_treble,clefG,,
002545.png,rest_quarter,restQuarter,,
002546.png,rest_quarter,restQuarter,,
002547.png,rest_quarter,restQuarter,,
002548.png,dot,augmentationDot,,
002549.png,dot,augmentationDot,,
002550.png,rest_8th,rest8th,,
002551.png,rest_half,restHalf,,
002552.png,rest_half,restHalf,,
002553.png,rest_quarter,restQuarter,,
002554.png,dot,augmentationDot,,
002555.png,rest_8th,rest8th,,
002556.png,rest_half,restHalf,,
002557.png,rest_8th,rest8th,,
002558.png,rest_8th,rest8th,,
002559.png,rest_8th,rest8th,,
002560.png,rest_8th,rest8th,,
002561.png,rest_8th,rest8th,,
002562.png,rest_quarter,restQuarter,,
002563.png,rest_8th,rest8th,,
002564.png,rest_8th,rest8th,,
002565.png,rest_8th,rest8th,,
002566.png,rest_8th,rest8th,,
002567.png,rest_half,restHalf,,
002568.png,rest_quarter,restQuarter,,
002569.png,rest_8th,rest8th,,
002570.png,rest_8th,rest8th,,
002571.png,rest_quarter,restQuarter,,
002572.png,rest_8th,rest8th,,
002573.png,rest_half,restHalf,,
002574.png,rest_8th,rest8th,,
002575.png,rest_8th,rest8th,,
002576.png,clef_bass,clefF,,
002577.png,clef_bass,clefF,,
002578.png,clef_bass,clefF,,
002579.png,rest_8th,rest8th,,
002580.png,clef_treble,clefG,,
002581.png,rest_8th,rest8th,,
002582.png,rest_8th,rest8th,,
002583.png,rest_quarter,restQuarter,,
002584.png,rest_8th,rest8th,,
002585.png,rest_quarter,restQuarter,,
002586.png,rest_8th,rest8th,,
002587.png,rest_8th,rest8th,,
002588.png,rest_8th,rest8th,,
002589.png,rest_8th,rest8th,,
002590.png,rest_8th,rest8th,,
002591.png,rest_8th,rest8th,,
002592.png,rest_quarter,restQuarter,,
002593.png,rest_8th,rest8th,,
002594.png,rest_quarter,restQuarter,,
002595.png,rest_quarter,restQuarter,,
002596.png,rest_quarter,restQuarter,,
002597.png,rest_8th,rest8th,,
002598.png,rest_8th,rest8th,,
002599.png,rest_8th,rest8th,,
002600.png,rest_whole,restWhole,,
002601.png,rest_whole,restWhole,,
002602.png,rest_whole,restWhole,,
002603.png,rest_whole,restWhole,,
002604.png,rest_whole,restWhole,,
002605.png,rest_whole,restWhole,,
002606.png,rest_quarter,restQuarter,,
002607.png,rest_half,restHalf,,
002608.png,clef_bass,clefF,,
002609.png,clef_bass,clefF,,
002610.png,clef_bass,clefF,,
002611.png,rest_half,restHalf,,
002612.png,clef_treble,clefG,,
002613.png,dot,augmentationDot,,
002614.png,rest_quarter,restQuarter,,
002615.png,rest_quarter,restQuarter,,
002616.png,rest_quarter,restQuarter,,
002617.png,rest_half,restHalf,,
002618.png,rest_8th,rest8th,,
002619.png,rest_8th,rest8th,,
002620.png,rest_half,restHalf,,
002621.png,rest_quarter,restQuarter,,
002622.png,rest_quarter,restQuarter,,
002623.png,flat,accidentalFlat,7,
002624.png,flat,accidentalFlat,7,
002625.png,natural,accidentalNatural,7,
002626.png,flat,accidentalFlat,-12,
002627.png,flat,accidentalFlat,7,
002628.png,natural,accidentalNatural,6,
002629.png,flat,accidentalFlat,7,
002630.png,flat,accidentalFlat,7,
002631.png,flat,accidentalFlat,-12,
002632.png,flat,accidentalFlat,7,
002633.png,flat,accidentalFlat,7,
002634.png,natural,accidentalNatural,4,
002635.png,flat,accidentalFlat,-11,
002636.png,flat,accidentalFlat,7,
002637.png,natural,accidentalNatural,7,
002638.png,natural,accidentalNatural,-9,
002639.png,flat,accidentalFlat,-9,
002640.png,flat,accidentalFlat,-5,
002641.png,natural,accidentalNatural,4,
002642.png,natural,accidentalNatural,4,
002643.png,natural,accidentalNatural,4,
002644.png,natural,accidentalNatural,4,
002645.png,natural,accidentalNatural,4,
002646.png,natural,accidentalNatural,4,
002647.png,natural,accidentalNatural,4,
002648.png,natural,accidentalNatural,1,
002649.png,natural,accidentalNatural,4,
002650.png,rest_16th,rest16th,,
002651.png,rest_16th,rest16th,,
002652.png,time_2,timeSig2,,
002653.png,time_4,timeSig4,,
002654.png,rest_16th,rest16th,,
002655.png,rest_quarter,restQuarter,,
002656.png,rest_whole,restWhole,,
002657.png,rest_whole,restWhole,,
002658.png,clef_treble,clefG,,
002659.png,time_2,timeSig2,,
002660.png,time_4,timeSig4,,
002661.png,clef_treble,clefG,,
002662.png,clef_8,clef8,,
002663.png,time_2,timeSig2,,
002664.png,time_4,timeSig4,,
002665.png,clef_treble,clefG,,
002666.png,clef_8,clef8,,
002667.png,rest_16th,rest16th,,
002668.png,rest_16th,rest16th,,
002669.png,rest_16th,rest16th,,
002670.png,rest_8th,rest8th,,
002671.png,rest_whole,restWhole,,
002672.png,rest_16th,rest16th,,
002673.png,rest_16th,rest16th,,
002674.png,rest_16th,rest16th,,
002675.png,clef_treble,clefG,,
002676.png,clef_8,clef8,,
002677.png,clef_treble,clefG,,
002678.png,clef_treble,clefG,,
002679.png,clef_8,clef8,,
002680.png,rest_16th,rest16th,,
002681.png,rest_16th,rest16th,,
002682.png,rest_16th,rest16th,,
002683.png,rest_8th,rest8th,,
002684.png,dot,augmentationDot,,
002685.png,rest_16th,rest16th,,
002686.png,rest_16th,rest16th,,
002687.png,clef_8,clef8,,
002688.png,clef_treble,clefG,,
002689.png,clef_8,clef8,,
002690.png,clef_treble,clefG,,
002691.png,rest_whole,restWhole,,
002692.png,clef_treble,clefG,,
002693.png,rest_16th,rest16th,,
002694.png,rest_16th,rest16th,,
002695.png,rest_whole,restWhole,,
002696.png,clef_treble,clefG,,
002697.png,clef_treble,clefG,,
002698.png,clef_8,clef8,,
002699.png,clef_treble,clefG,,
002700.png,clef_8,clef8,,
002701.png,rest_16th,rest16th,,
002702.png,dot,augmentationDot,,
002703.png,rest_16th,rest16th,,
002704.png,dot,augmentationDot,,
002705.png,dot,augmentationDot,,
002706.png,rest_16th,rest16th,,
002707.png,clef_treble,clefG,,
002708.png,clef_treble,clefG,,
002709.png,clef_8,clef8,,
002710.png,clef_treble,clefG,,
002711.png,clef_8,clef8,,
002712.png,rest_8th,rest8th,,
002713.png,rest_16th,rest16th,,
002714.png,rest_quarter,restQuarter,,
002715.png,dot,augmentationDot,,
002716.png,dot,augmentationDot,,
002717.png,dot,augmentationDot,,
002718.png,rest_16th,rest16th,,
002719.png,dot,augmentationDot,,
002720.png,natural,accidentalNatural,3,
002721.png,natural,accidentalNatural,3,
002722.png,natural,accidentalNatural,3,
002723.png,flat,accidentalFlat,5,
002724.png,natural,accidentalNatural,3,
002725.png,flat,accidentalFlat,5,
002726.png,rest_whole,restWhole,,
002727.png,rest_whole,restWhole,,
002728.png,clef_bass,clefF,,
002729.png,time_3,timeSig3,,
002730.png,time_4,timeSig4,,
002731.png,time_3,timeSig3,,
002732.png,time_4,timeSig4,,
002733.png,clef_treble,clefG,,
002734.png,rest_8th,rest8th,,
002735.png,rest_8th,rest8th,,
002736.png,clef_treble,clefG,,
002737.png,clef_bass,clefF,,
002738.png,rest_8th,rest8th,,
002739.png,rest_8th,rest8th,,
002740.png,clef_bass,clefF,,
002741.png,clef_treble,clefG,,
002742.png,rest_16th,rest16th,,
002743.png,rest_16th,rest16th,,
002744.png,rest_16th,rest16th,,
002745.png,rest_8th,rest8th,,
002746.png,rest_16th,rest16th,,
002747.png,rest_16th,rest16th,,
002748.png,rest_16th,rest16th,,
002749.png,rest_16th,rest16th,,
002750.png,rest_16th,rest16th,,
002751.png,rest_16th,rest16th,,
002752.png,rest_16th,rest16th,,
002753.png,rest_16th,rest16th,,
002754.png,rest_16th,rest16th,,
002755.png,rest_16th,rest16th,,
002756.png,rest_16th,rest16th,,
002757.png,rest_16th,rest16th,,
002758.png,rest_half,restHalf,,
002759.png,rest_half,restHalf,,
002760.png,rest_half,restHalf,,
002761.png,rest_quarter,restQuarter,,
002762.png,rest_half,restHalf,,
002763.png,rest_half,restHalf,,
002764.png,rest_half,restHalf,,
002765.png,rest_half,restHalf,,
002766.png,rest_half,restHalf,,
002767.png,clef_bass,clefF,,
002768.png,clef_treble,clefG,,
002769.png,clef_treble,clefG,,
002770.png,clef_treble,clefG,,
002771.png,clef_bass,clefF,,
002772.png,clef_treble,clefG,,
002773.png,clef_8,clef8,,
002774.png,clef_bass,clefF,,
002775.png,clef_bass,clefF,,
002776.png,rest_whole,restWhole,,
002777.png,clef_treble,clefG,,
002778.png,rest_whole,restWhole,,
002779.png,rest_whole,restWhole,,
002780.png,rest_whole,restWhole,,
002781.png,rest_whole,restWhole,,
002782.png,rest_half,restHalf,,
002783.png,rest_half,restHalf,,
002784.png,rest_half,restHalf,,
002785.png,rest_half,restHalf,,
002786.png,rest_half,restHalf,,
002787.png,rest_half,restHalf,,
002788.png,rest_half,restHalf,,
002789.png,rest_half,restHalf,,
002790.png,rest_quarter,restQuarter,,
002791.png,sharp,accidentalSharp,-2,
002792.png,sharp,accidentalSharp,1,
002793.png,sharp,accidentalSharp,0,
002794.png,sharp,accidentalSharp,-3,
002795.png,sharp,accidentalSharp,-5,
002796.png,sharp,accidentalSharp,-3,
002797.png,sharp,accidentalSharp,-2,
002798.png,sharp,accidentalSharp,-3,
002799.png,sharp,accidentalSharp,-6,
002800.png,sharp,accidentalSharp,-2,
002801.png,sharp,accidentalSharp,5,
002802.png,sharp,accidentalSharp,-3,
002803.png,sharp,accidentalSharp,6,
002804.png,sharp,accidentalSharp,4,
002805.png,sharp,accidentalSharp,1,
002806.png,sharp,accidentalSharp,2,
002807.png,natural,accidentalNatural,4,
002808.png,sharp,accidentalSharp,-3,
002809.png,natural,accidentalNatural,-2,
002810.png,sharp,accidentalSharp,-2,
002811.png,sharp,accidentalSharp,2,
002812.png,natural,accidentalNatural,4,
002813.png,sharp,accidentalSharp,2,
002814.png,natural,accidentalNatural,1,
002815.png,natural,accidentalNatural,1,
002816.png,sharp,accidentalSharp,1,
002817.png,sharp,accidentalSharp,-2,
002818.png,rest_whole,restWhole,,
002819.png,rest_whole,restWhole,,
002820.png,rest_8th,rest8th,,
002821.png,rest_half,restHalf,,
002822.png,clef_alto,clefCAlto,,
002823.png,clef_tenor,clefCTenor,,
002824.png,clef_bass,clefF,,
002825.png,rest_whole,restWhole,,
002826.png,clef_alto,clefCAlto,,
002827.png,dot,augmentationDot,,
002828.png,rest_quarter,restQuarter,,
002829.png,clef_alto,clefCAlto,,
002830.png,clef_tenor,clefCTenor,,
002831.png,clef_bass,clefF,,
002832.png,rest_quarter,restQuarter,,
002833.png,rest_quarter,restQuarter,,
002834.png,dot,augmentationDot,,
002835.png,rest_half,restHalf,,
002836.png,dot,augmentationDot,,
002837.png,clef_tenor,clefCTenor,,
002838.png,clef_bass,clefF,,
002839.png,clef_alto,clefCAlto,,
002840.png,dot,augmentationDot,,
002841.png,sharp,accidentalSharp,2,
002842.png,sharp,accidentalSharp,-3,
002843.png,natural,accidentalNatural,4,
002844.png,sharp,accidentalSharp,0,
002845.png,sharp,accidentalSharp,-3,
002846.png,sharp,accidentalSharp,4,
002847.png,sharp,accidentalSharp,5,
002848.png,natural,accidentalNatural,4,
002849.png,sharp,accidentalSharp,1,
002850.png,sharp,accidentalSharp,3,
002851.png,natural,accidentalNatural,3,
002852.png,natural,accidentalNatural,0,
002853.png,sharp,accidentalSharp,4,
002854.png,sharp,accidentalSharp,5,
002855.png,natural,accidentalNatural,3,
002856.png,sharp,accidentalSharp,-2,
002857.png,natural,accidentalNatural,3,
002858.png,sharp,accidentalSharp,3,
002859.png,natural,accidentalNatural,3,
002860.png,sharp,accidentalSharp,3,
002861.png,sharp,accidentalSharp,1,
002862.png,sharp,accidentalSharp,1,
002863.png,sharp,accidentalSharp,2,
002864.png,sharp,accidentalSharp,1,
002865.png,sharp,accidentalSharp,0,
002866.png,natural,accidentalNatural,4,
002867.png,sharp,accidentalSharp,2,
002868.png,sharp,accidentalSharp,-3,
002869.png,sharp,accidentalSharp,1,
002870.png,sharp,accidentalSharp,3,
002871.png,sharp,accidentalSharp,0,
002872.png,natural,accidentalNatural,3,
002873.png,sharp,accidentalSharp,5,
002874.png,sharp,accidentalSharp,4,
002875.png,natural,accidentalNatural,4,
002876.png,sharp,accidentalSharp,5,
002877.png,sharp,accidentalSharp,1,
002878.png,sharp,accidentalSharp,-3,
002879.png,sharp,accidentalSharp,5,
002880.png,sharp,accidentalSharp,-2,
002881.png,sharp,accidentalSharp,2,
002882.png,sharp,accidentalSharp,1,
002883.png,sharp,accidentalSharp,-6,
002884.png,sharp,accidentalSharp,5,
002885.png,natural,accidentalNatural,3,
002886.png,natural,accidentalNatural,3,
002887.png,sharp,accidentalSharp,2,
002888.png,sharp,accidentalSharp,1,
002889.png,sharp,accidentalSharp,1,
002890.png,sharp,accidentalSharp,0,
002891.png,sharp,accidentalSharp,2,
002892.png,natural,accidentalNatural,3,
002893.png,sharp,accidentalSharp,3,
002894.png,sharp,accidentalSharp,2,
002895.png,sharp,accidentalSharp,4,
002896.png,sharp,accidentalSharp,4,
002897.png,sharp,accidentalSharp,4,
002898.png,natural,accidentalNatural,4,
002899.png,natural,accidentalNatural,4,
002900.png,natural,accidentalNatural,4,
002901.png,sharp,accidentalSharp,4,
002902.png,natural,accidentalNatural,4,
002903.png,sharp,accidentalSharp,1,
002904.png,sharp,accidentalSharp,5,
002905.png,sharp,accidentalSharp,0,
002906.png,natural,accidentalNatural,3,
002907.png,rest_whole,restWhole,,
002908.png,rest_quarter,restQuarter,,
002909.png,rest_whole,restWhole,,
002910.png,rest_quarter,restQuarter,,
002911.png,rest_quarter,restQuarter,,
002912.png,rest_8th,rest8th,,
002913.png,clef_tenor,clefCTenor,,
002914.png,clef_alto,clefCAlto,,
002915.png,clef_bass,clefF,,
002916.png,rest_whole,restWhole,,
002917.png,rest_quarter,restQuarter,,
002918.png,clef_alto,clefCAlto,,
002919.png,rest_quarter,restQuarter,,
002920.png,rest_quarter,restQuarter,,
002921.png,rest_quarter,restQuarter,,
002922.png,clef_alto,clefCAlto,,
002923.png,clef_tenor,clefCTenor,,
002924.png,clef_bass,clefF,,
002925.png,rest_quarter,restQuarter,,
002926.png,rest_quarter,restQuarter,,
002927.png,rest_quarter,restQuarter,,
002928.png,rest_quarter,restQuarter,,
002929.png,clef_alto,clefCAlto,,
002930.png,clef_tenor,clefCTenor,,
002931.png,clef_bass,clefF,,
002932.png,dot,augmentationDot,,
002933.png,sharp,accidentalSharp,-3,
002934.png,sharp,accidentalSharp,-3,
002935.png,sharp,accidentalSharp,-2,
002936.png,sharp,accidentalSharp,-2,
002937.png,rest_8th,rest8th,,
002938.png,rest_8th,rest8th,,
002939.png,dot,augmentationDot,,
002940.png,dot,augmentationDot,,
002941.png,dot,augmentationDot,,
002942.png,rest_8th,rest8th,,
002943.png,dot,augmentationDot,,
002944.png,rest_8th,rest8th,,
002945.png,rest_8th,rest8th,,
002946.png,rest_whole,restWhole,,
002947.png,rest_8th,rest8th,,
002948.png,dot,augmentationDot,,
002949.png,rest_8th,rest8th,,
002950.png,rest_8th,rest8th,,
002951.png,rest_8th,rest8th,,
002952.png,clef_treble,clefG,,
002953.png,clef_treble,clefG,,
002954.png,clef_8,clef8,,
002955.png,clef_bass,clefF,,
002956.png,clef_treble,clefG,,
002957.png,clef_bass,clefF,,
002958.png,clef_8,clef8,,
002959.png,rest_whole,restWhole,,
002960.png,rest_whole,restWhole,,
002961.png,rest_whole,restWhole,,
002962.png,clef_treble,clefG,,
002963.png,rest_8th,rest8th,,
002964.png,dot,augmentationDot,,
002965.png,rest_8th,rest8th,,
002966.png,rest_8th,rest8th,,
002967.png,rest_8th,rest8th,,
002968.png,rest_quarter,restQuarter,,
002969.png,rest_8th,rest8th,,
002970.png,rest_8th,rest8th,,
002971.png,rest_8th,rest8th,,
002972.png,rest_8th,rest8th,,
002973.png,rest_8th,rest8th,,
002974.png,dot,augmentationDot,,
002975.png,rest_8th,rest8th,,
002976.png,rest_half,restHalf,,
002977.png,rest_half,restHalf,,
002978.png,rest_quarter,restQuarter,,
002979.png,rest_quarter,restQuarter,,
002980.png,rest_quarter,restQuarter,,
002981.png,rest_whole,restWhole,,
002982.png,clef_treble,clefG,,
002983.png,clef_treble,clefG,,
002984.png,rest_whole,restWhole,,
002985.png,clef_bass,clefF,,
002986.png,clef_treble,clefG,,
002987.png,rest_whole,restWhole,,
002988.png,rest_whole,restWhole,,
002989.png,rest_quarter,restQuarter,,
002990.png,rest_quarter,restQuarter,,
002991.png,clef_bass,clefF,,
002992.png,rest_quarter,restQuarter,,
002993.png,rest_quarter,restQuarter,,
002994.png,rest_quarter,restQuarter,,
002995.png,rest_quarter,restQuarter,,
002996.png,rest_quarter,restQuarter,,
002997.png,sharp,accidentalSharp,-3,
002998.png,sharp,accidentalSharp,4,
002999.png,rest_whole,restWhole,,
003000.png,rest_whole,restWhole,,
003001.png,rest_whole,restWhole,,
003002.png,rest_whole,restWhole,,
003003.png,rest_whole,restWhole,,
003004.png,rest_whole,restWhole,,
003005.png,clef_bass,clefF,,
003006.png,clef_treble,clefG,,
003007.png,clef_treble,clefG,,
003008.png,clef_treble,clefG,,
003009.png,clef_8,clef8,,
003010.png,clef_bass,clefF,,
003011.png,clef_bass,clefF,,
003012.png,clef_treble,clefG,,
003013.png,clef_treble,clefG,,
003014.png,clef_treble,clefG,,
003015.png,clef_treble,clefG,,
003016.png,clef_bass,clefF,,
003017.png,clef_treble,clefG,,
003018.png,clef_treble,clefG,,
003019.png,clef_alto,clefCAlto,,
003020.png,natural,accidentalNatural,5,
003021.png,natural,accidentalNatural,5,
003022.png,natural,accidentalNatural,5,
003023.png,flat,accidentalFlat,1,
003024.png,flat,accidentalFlat,3,
003025.png,sharp,accidentalSharp,2,
003026.png,flat,accidentalFlat,3,
003027.png,sharp,accidentalSharp,1,
003028.png,rest_whole,restWhole,,
003029.png,dot,augmentationDot,,
003030.png,rest_whole,restWhole,,
003031.png,rest_whole,restWhole,,
003032.png,dot,augmentationDot,,
003033.png,dot,augmentationDot,,
003034.png,clef_8,clef8,,
003035.png,clef_treble,clefG,,
003036.png,rest_half,restHalf,,
003037.png,rest_half,restHalf,,
003038.png,rest_half,restHalf,,
003039.png,clef_bass,clefF,,
003040.png,clef_bass,clefF,,
003041.png,clef_8,clef8,,
003042.png,clef_treble,clefG,,
003043.png,rest_quarter,restQuarter,,
003044.png,rest_quarter,restQuarter,,
003045.png,rest_quarter,restQuarter,,
003046.png,clef_8,clef8,,
003047.png,clef_treble,clefG,,
003048.png,clef_8,clef8,,
003049.png,clef_treble,clefG,,
003050.png,clef_bass,clefF,,
003051.png,clef_bass,clefF,,
003052.png,rest_half,restHalf,,
003053.png,rest_half,restHalf,,
003054.png,rest_half,restHalf,,
003055.png,dot,augmentationDot,,
003056.png,rest_8th,rest8th,,
003057.png,rest_8th,rest8th,,
003058.png,rest_8th,rest8th,,
003059.png,clef_bass,clefF,,
003060.png,clef_bass,clefF,,
003061.png,clef_8,clef8,,
003062.png,clef_treble,clefG,,
003063.png,clef_8,clef8,,
003064.png,clef_treble,clefG,,
003065.png,rest_half,restHalf,,
003066.png,rest_half,restHalf,,
003067.png,dot,augmentationDot,,
003068.png,rest_half,restHalf,,
003069.png,dot,augmentationDot,,
003070.png,dot,augmentationDot,,
003071.png,rest_half,restHalf,,
003072.png,dot,augmentationDot,,
003073.png,dot,augmentationDot,,
003074.png,dot,augmentationDot,,
003075.png,clef_bass,clefF,,
003076.png,clef_bass,clefF,,
003077.png,clef_8,clef8,,
003078.png,clef_treble,clefG,,
003079.png,rest_whole,restWhole,,
003080.png,rest_whole,restWhole,,
003081.png,dot,augmentationDot,,
003082.png,clef_treble,clefG,,
003083.png,clef_8,clef8,,
003084.png,dot,augmentationDot,,
003085.png,dot,augmentationDot,,
003086.png,rest_whole,restWhole,,
003087.png,rest_whole,restWhole,,
003088.png,rest_half,restHalf,,
003089.png,dot,augmentationDot,,
003090.png,dot,augmentationDot,,
003091.png,dot,augmentationDot,,
003092.png,sharp,accidentalSharp,5,
003093.png,sharp,accidentalSharp,14,
003094.png,sharp,accidentalSharp,0,
003095.png,sharp,accidentalSharp,6,
003096.png,sharp,accidentalSharp,5,
003097.png,sharp,accidentalSharp,14,
003098.png,sharp,accidentalSharp,14,
003099.png,sharp,accidentalSharp,-2,
003100.png,sharp,accidentalSharp,7,
003101.png,sharp,accidentalSharp,-7,
003102.png,sharp,accidentalSharp,-1,
003103.png,sharp,accidentalSharp,-2,
003104.png,sharp,accidentalSharp,7,
003105.png,sharp,accidentalSharp,7,
003106.png,rest_8th,rest8th,,
003107.png,rest_8th,rest8th,,
003108.png,rest_8th,rest8th,,
003109.png,rest_8th,rest8th,,
003110.png,rest_8th,rest8th,,
003111.png,rest_8th,rest8th,,
003112.png,dot,augmentationDot,,
003113.png,dot,augmentationDot,,
003114.png,dot,augmentationDot,,
003115.png,dot,augmentationDot,,
003116.png,dot,augmentationDot,,
003117.png,dot,augmentationDot,,
003118.png,dot,augmentationDot,,
003119.png,dot,augmentationDot,,
003120.png,dot,augmentationDot,,
003121.png,dot,augmentationDot,,
003122.png,rest_whole,restWhole,,
003123.png,rest_whole,restWhole,,
003124.png,rest_whole,restWhole,,
003125.png,rest_whole,restWhole,,
003126.png,rest_whole,restWhole,,
003127.png,rest_whole,restWhole,,
003128.png,rest_whole,restWhole,,
003129.png,rest_whole,restWhole,,
003130.png,rest_whole,restWhole,,
003131.png,rest_whole,restWhole,,
003132.png,rest_whole,restWhole,,
003133.png,rest_whole,restWhole,,
003134.png,rest_whole,restWhole,,
003135.png,rest_whole,restWhole,,
003136.png,rest_whole,restWhole,,
003137.png,rest_whole,restWhole,,
003138.png,rest_whole,restWhole,,
003139.png,rest_whole,restWhole,,
003140.png,rest_whole,restWhole,,
003141.png,rest_whole,restWhole,,
003142.png,rest_whole,restWhole,,
003143.png,rest_whole,restWhole,,
003144.png,rest_whole,restWhole,,
003145.png,rest_whole,restWhole,,
003146.png,dot,augmentationDot,,
003147.png,dot,augmentationDot,,
003148.png,dot,augmentationDot,,
003149.png,dot,augmentationDot,,
003150.png,dot,augmentationDot,,
003151.png,rest_8th,rest8th,,
003152.png,rest_8th,rest8th,,
003153.png,rest_8th,rest8th,,
003154.png,clef_bass,clefF,,
003155.png,clef_treble,clefG,,
003156.png,clef_bass,clefF,,
003157.png,clef_treble,clefG,,
003158.png,clef_bass,clefF,,
003159.png,clef_treble,clefG,,
003160.png,clef_treble,clefG,,
003161.png,clef_treble,clefG,,
003162.png,clef_treble,clefG,,
003163.png,clef_treble,clefG,,
003164.png,clef_treble,clefG,,
003165.png,clef_treble,clefG,,
003166.png,clef_treble,clefG,,
003167.png,clef_bass,clefF,,
003168.png,clef_treble,clefG,,
003169.png,clef_alto,clefCAlto,,
003170.png,clef_bass,clefF,,
003171.png,clef_8,clef8,,
003172.png,rest_whole,restWhole,,
003173.png,rest_whole,restWhole,,
003174.png,clef_treble,clefG,,
003175.png,clef_treble,clefG,,
003176.png,clef_treble,clefG,,
003177.png,rest_whole,restWhole,,
003178.png,clef_treble,clefG,,
003179.png,clef_bass,clefF,,
003180.png,clef_treble,clefG,,
003181.png,rest_whole,restWhole,,
003182.png,rest_whole,restWhole,,
003183.png,rest_whole,restWhole,,
003184.png,rest_whole,restWhole,,
003185.png,rest_whole,restWhole,,
003186.png,rest_whole,restWhole,,
003187.png,rest_whole,restWhole,,
003188.png,rest_whole,restWhole,,
003189.png,rest_whole,restWhole,,
003190.png,rest_whole,restWhole,,
003191.png,rest_whole,restWhole,,
003192.png,rest_whole,restWhole,,
003193.png,rest_whole,restWhole,,
003194.png,rest_whole,restWhole,,
003195.png,rest_whole,restWhole,,
003196.png,rest_whole,restWhole,,
003197.png,rest_whole,restWhole,,
003198.png,rest_whole,restWhole,,
003199.png,rest_whole,restWhole,,
003200.png,rest_whole,restWhole,,
003201.png,rest_whole,restWhole,,
003202.png,rest_8th,rest8th,,
003203.png,rest_8th,rest8th,,
003204.png,rest_8th,rest8th,,
003205.png,dot,augmentationDot,,
003206.png,dot,augmentationDot,,
003207.png,dot,augmentationDot,,
003208.png,dot,augmentationDot,,
003209.png,dot,augmentationDot,,
003210.png,dot,augmentationDot,,
003211.png,dot,augmentationDot,,
003212.png,dot,augmentationDot,,
003213.png,dot,augmentationDot,,
003214.png,dot,augmentationDot,,
003215.png,rest_8th,rest8th,,
003216.png,rest_8th,rest8th,,
003217.png,rest_8th,rest8th,,
003218.png,rest_8th,rest8th,,
003219.png,rest_8th,rest8th,,
003220.png,rest_8th,rest8th,,
003221.png,dot,augmentationDot,,
003222.png,dot,augmentationDot,,
003223.png,flat,accidentalFlat,8,
003224.png,sharp,accidentalSharp,6,
003225.png,natural,accidentalNatural,3,
003226.png,flat,accidentalFlat,0,
003227.png,flat,accidentalFlat,8,
003228.png,natural,accidentalNatural,2,
003229.png,sharp,accidentalSharp,3,
003230.png,sharp,accidentalSharp,2,
003231.png,natural,accidentalNatural,2,
003232.png,sharp,accidentalSharp,-2,
003233.png,sharp,accidentalSharp,0,
003234.png,sharp,accidentalSharp,0,
003235.png,sharp,accidentalSharp,0,
003236.png,sharp,accidentalSharp,-2,
003237.png,flat,accidentalFlat,8,
003238.png,natural,accidentalNatural,2,
003239.png,sharp,accidentalSharp,-5,
003240.png,sharp,accidentalSharp,0,
003241.png,sharp,accidentalSharp,2,
003242.png,sharp,accidentalSharp,4,
003243.png,sharp,accidentalSharp,-1,
003244.png,natural,accidentalNatural,4,
003245.png,natural,accidentalNatural,-1,
003246.png,sharp,accidentalSharp,3,
003247.png,flat,accidentalFlat,8,
003248.png,flat,accidentalFlat,4,
003249.png,natural,accidentalNatural,2,
003250.png,sharp,accidentalSharp,6,
003251.png,sharp,accidentalSharp,-1,
003252.png,dot,augmentationDot,,
003253.png,dot,augmentationDot,,
003254.png,dot,augmentationDot,,
003255.png,clef_bass,clefF,,
003256.png,time_cut,timeSigCutCommon,,
003257.png,clef_treble,clefG,,
003258.png,rest_half,restHalf,,
003259.png,time_cut,timeSigCutCommon,,
003260.png,rest_whole,restWhole,,
003261.png,dot,augmentationDot,,
003262.png,dot,augmentationDot,,
003263.png,clef_bass,clefF,,
003264.png,clef_treble,clefG,,
003265.png,dot,augmentationDot,,
003266.png,dot,augmentationDot,,
003267.png,dot,augmentationDot,,
003268.png,dot,augmentationDot,,
003269.png,clef_bass,clefF,,
003270.png,clef_treble,clefG,,
003271.png,dot,augmentationDot,,
003272.png,dot,augmentationDot,,
003273.png,dot,augmentationDot,,
003274.png,clef_bass,clefF,,
003275.png,clef_treble,clefG,,
003276.png,dot,augmentationDot,,
003277.png,dot,augmentationDot,,
003278.png,rest_quarter,restQuarter,,
003279.png,rest_half,restHalf,,
003280.png,clef_bass,clefF,,
003281.png,clef_treble,clefG,,
003282.png,dot,augmentationDot,,
003283.png,dot,augmentationDot,,
003284.png,clef_bass,clefF,,
003285.png,clef_treble,clefG,,
003286.png,dot,augmentationDot,,
003287.png,dot,augmentationDot,,
003288.png,flat,accidentalFlat,6,
003289.png,flat,accidentalFlat,4,
003290.png,flat,accidentalFlat,-3,
003291.png,flat,accidentalFlat,-1,
003292.png,flat,accidentalFlat,4,
003293.png,flat,accidentalFlat,-3,
003294.png,flat,accidentalFlat,6,
003295.png,flat,accidentalFlat,-1,
003296.png,flat,accidentalFlat,6,
003297.png,flat,accidentalFlat,-1,
003298.png,flat,accidentalFlat,6,
003299.png,flat,accidentalFlat,8,
003300.png,flat,accidentalFlat,-3,
003301.png,flat,accidentalFlat,9,
003302.png,rest_whole,restWhole,,
003303.png,rest_whole,restWhole,,
003304.png,rest_whole,restWhole,,
003305.png,rest_whole,restWhole,,
003306.png,rest_whole,restWhole,,
003307.png,rest_whole,restWhole,,
003308.png,rest_whole,restWhole,,
003309.png,rest_whole,restWhole,,
003310.png,rest_whole,restWhole,,
003311.png,rest_whole,restWhole,,
003312.png,rest_whole,restWhole,,
003313.png,rest_whole,restWhole,,
003314.png,rest_whole,restWhole,,
003315.png,rest_whole,restWhole,,
003316.png,rest_whole,restWhole,,
003317.png,rest_whole,restWhole,,
003318.png,rest_whole,restWhole,,
003319.png,rest_whole,restWhole,,
003320.png,rest_whole,restWhole,,
003321.png,rest_whole,restWhole,,
003322.png,rest_whole,restWhole,,
003323.png,rest_whole,restWhole,,
003324.png,rest_whole,restWhole,,
003325.png,rest_whole,restWhole,,
003326.png,rest_whole,restWhole,,
003327.png,rest_whole,restWhole,,
003328.png,rest_whole,restWhole,,
003329.png,rest_whole,restWhole,,
003330.png,clef_treble,clefG,,
003331.png,clef_treble,clefG,,
003332.png,clef_bass,clefF,,
003333.png,clef_bass,clefF,,
003334.png,clef_treble,clefG,,
003335.png,clef_treble,clefG,,
003336.png,clef_treble,clefG,,
003337.png,clef_bass,clefF,,
003338.png,rest_whole,restWhole,,
003339.png,rest_whole,restWhole,,
003340.png,rest_whole,restWhole,,
003341.png,rest_whole,restWhole,,
003342.png,rest_whole,restWhole,,
003343.png,rest_whole,restWhole,,
003344.png,rest_whole,restWhole,,
003345.png,rest_whole,restWhole,,
003346.png,rest_whole,restWhole,,
003347.png,rest_whole,restWhole,,
003348.png,rest_whole,restWhole,,
003349.png,rest_whole,restWhole,,
003350.png,rest_whole,restWhole,,
003351.png,rest_whole,restWhole,,
003352.png,rest_whole,restWhole,,
003353.png,rest_whole,restWhole,,
003354.png,rest_whole,restWhole,,
003355.png,rest_whole,restWhole,,
003356.png,rest_whole,restWhole,,
003357.png,rest_whole,restWhole,,
003358.png,rest_whole,restWhole,,
003359.png,rest_whole,restWhole,,
003360.png,rest_whole,restWhole,,
003361.png,rest_whole,restWhole,,
003362.png,rest_whole,restWhole,,
003363.png,rest_whole,restWhole,,
003364.png,rest_whole,restWhole,,
003365.png,rest_whole,restWhole,,
003366.png,clef_treble,clefG,,
003367.png,clef_treble,clefG,,
003368.png,clef_treble,clefG,,
003369.png,clef_bass,clefF,,
003370.png,clef_treble,clefG,,
003371.png,clef_bass,clefF,,
003372.png,clef_treble,clefG,,
003373.png,clef_bass,clefF,,
003374.png,rest_half,restHalf,,
003375.png,rest_half,restHalf,,
003376.png,rest_whole,restWhole,,
003377.png,rest_whole,restWhole,,
003378.png,rest_whole,restWhole,,
003379.png,rest_whole,restWhole,,
003380.png,time_4,timeSig4,,
003381.png,time_4,timeSig4,,
003382.png,clef_bass,clefF,,
003383.png,time_4,timeSig4,,
003384.png,time_4,timeSig4,,
003385.png,clef_treble,clefG,,
003386.png,rest_whole,restWhole,,
003387.png,rest_whole,restWhole,,
003388.png,time_4,timeSig4,,
003389.png,time_4,timeSig4,,
003390.png,clef_bass,clefF,,
003391.png,dot,augmentationDot,,
003392.png,dot,augmentationDot,,
003393.png,dot,augmentationDot,,
003394.png,dot,augmentationDot,,
003395.png,dot,augmentationDot,,
003396.png,dot,augmentationDot,,
003397.png,dot,augmentationDot,,
003398.png,clef_treble,clefG,,
003399.png,clef_bass,clefF,,
003400.png,clef_bass,clefF,,
003401.png,dot,augmentationDot,,
003402.png,dot,augmentationDot,,
003403.png,dot,augmentationDot,,
003404.png,dot,augmentationDot,,
003405.png,dot,augmentationDot,,
003406.png,dot,augmentationDot,,
003407.png,dot,augmentationDot,,
003408.png,dot,augmentationDot,,
003409.png,dot,augmentationDot,,
003410.png,dot,augmentationDot,,
003411.png,clef_bass,clefF,,
003412.png,clef_bass,clefF,,
003413.png,clef_treble,clefG,,
003414.png,dot,augmentationDot,,
003415.png,dot,augmentationDot,,
003416.png,dot,augmentationDot,,
003417.png,dot,augmentationDot,,
003418.png,dot,augmentationDot,,
003419.png,dot,augmentationDot,,
003420.png,dot,augmentationDot,,
003421.png,dot,augmentationDot,,
003422.png,dot,augmentationDot,,
003423.png,dot,augmentationDot,,
003424.png,clef_bass,clefF,,
003425.png,clef_bass,clefF,,
003426.png,clef_treble,clefG,,
003427.png,dot,augmentationDot,,
003428.png,dot,augmentationDot,,
003429.png,dot,augmentationDot,,
003430.png,dot,augmentationDot,,
003431.png,dot,augmentationDot,,
003432.png,sharp,accidentalSharp,2,
003433.png,sharp,accidentalSharp,-2,
003434.png,natural,accidentalNatural,0,
003435.png,flat,accidentalFlat,0,
003436.png,flat,accidentalFlat,0,
003437.png,natural,accidentalNatural,0,
003438.png,sharp,accidentalSharp,5,
003439.png,natural,accidentalNatural,0,
003440.png,flat,accidentalFlat,0,
003441.png,flat,accidentalFlat,7,
003442.png,natural,accidentalNatural,7,
003443.png,flat,accidentalFlat,7,
003444.png,flat,accidentalFlat,10,
003445.png,natural,accidentalNatural,10,
003446.png,natural,accidentalNatural,7,
003447.png,flat,accidentalFlat,7,
003448.png,sharp,accidentalSharp,0,
003449.png,sharp,accidentalSharp,0,
003450.png,sharp,accidentalSharp,6,
003451.png,sharp,accidentalSharp,0,
003452.png,sharp,accidentalSharp,0,
003453.png,dot,augmentationDot,,
003454.png,dot,augmentationDot,,
003455.png,dot,augmentationDot,,
003456.png,dot,augmentationDot,,
003457.png,dot,augmentationDot,,
003458.png,dot,augmentationDot,,
003459.png,clef_bass,clefF,,
003460.png,clef_treble,clefG,,
003461.png,clef_bass,clefF,,
003462.png,rest_8th,rest8th,,
003463.png,clef_8,clef8,,
003464.png,dot,augmentationDot,,
003465.png,rest_quarter,restQuarter,,
003466.png,rest_8th,rest8th,,
003467.png,clef_bass,clefF,,
003468.png,clef_treble,clefG,,
003469.png,clef_8,clef8,,
003470.png,clef_bass,clefF,,
003471.png,dot,augmentationDot,,
003472.png,dot,augmentationDot,,
003473.png,dot,augmentationDot,,
003474.png,dot,augmentationDot,,
003475.png,clef_treble,clefG,,
003476.png,clef_8,clef8,,
003477.png,clef_bass,clefF,,
003478.png,clef_bass,clefF,,
003479.png,dot,augmentationDot,,
003480.png,dot,augmentationDot,,
003481.png,dot,augmentationDot,,
003482.png,rest_8th,rest8th,,
003483.png,rest_8th,rest8th,,
003484.png,rest_8th,rest8th,,
003485.png,clef_treble,clefG,,
003486.png,clef_bass,clefF,,
003487.png,clef_treble,clefG,,
003488.png,clef_treble,clefG,,
003489.png,clef_bass,clefF,,
003490.png,clef_bass,clefF,,
003491.png,clef_8,clef8,,
003492.png,rest_8th,rest8th,,
003493.png,rest_8th,rest8th,,
003494.png,clef_8,clef8,,
003495.png,clef_bass,clefF,,
003496.png,clef_bass,clefF,,
003497.png,clef_treble,clefG,,
003498.png,clef_treble,clefG,,
003499.png,clef_bass,clefF,,
003500.png,clef_treble,clefG,,
003501.png,rest_8th,rest8th,,
003502.png,rest_8th,rest8th,,
003503.png,rest_whole,restWhole,,
003504.png,rest_whole,restWhole,,
003505.png,rest_whole,restWhole,,
003506.png,rest_whole,restWhole,,
003507.png,rest_whole,restWhole,,
003508.png,rest_8th,rest8th,,
003509.png,rest_8th,rest8th,,
003510.png,rest_8th,rest8th,,
003511.png,rest_whole,restWhole,,
003512.png,rest_whole,restWhole,,
003513.png,rest_whole,restWhole,,
003514.png,clef_treble,clefG,,
003515.png,clef_8,clef8,,
003516.png,clef_treble,clefG,,
003517.png,clef_8,clef8,,
003518.png,rest_whole,restWhole,,
003519.png,clef_treble,clefG,,
003520.png,clef_treble,clefG,,
003521.png,clef_treble,clefG,,
003522.png,rest_8th,rest8th,,
003523.png,clef_bass,clefF,,
003524.png,clef_treble,clefG,,
003525.png,clef_bass,clefF,,
003526.png,clef_treble,clefG,,
003527.png,clef_bass,clefF,,
003528.png,clef_8,clef8,,
003529.png,rest_whole,restWhole,,
003530.png,rest_whole,restWhole,,
003531.png,rest_whole,restWhole,,
003532.png,rest_whole,restWhole,,
003533.png,rest_whole,restWhole,,
003534.png,rest_whole,restWhole,,
003535.png,rest_whole,restWhole,,
003536.png,rest_whole,restWhole,,
003537.png,rest_whole,restWhole,,
003538.png,rest_whole,restWhole,,
003539.png,rest_whole,restWhole,,
003540.png,rest_whole,restWhole,,
003541.png,rest_whole,restWhole,,
003542.png,rest_whole,restWhole,,
003543.png,clef_bass,clefF,,
003544.png,time_2,timeSig2,,
003545.png,time_4,timeSig4,,
003546.png,time_2,timeSig2,,
003547.png,time_4,timeSig4,,
003548.png,time_2,timeSig2,,
003549.png,time_4,timeSig4,,
003550.png,clef_treble,clefG,,
003551.png,rest_whole,restWhole,,
003552.png,rest_whole,restWhole,,
003553.png,time_2,timeSig2,,
003554.png,time_4,timeSig4,,
003555.png,rest_whole,restWhole,,
003556.png,rest_quarter,restQuarter,,
003557.png,rest_whole,restWhole,,
003558.png,rest_whole,restWhole,,
003559.png,rest_whole,restWhole,,
003560.png,rest_whole,restWhole,,
003561.png,rest_whole,restWhole,,
003562.png,rest_whole,restWhole,,
003563.png,rest_whole,restWhole,,
003564.png,rest_whole,restWhole,,
003565.png,rest_whole,restWhole,,
003566.png,rest_whole,restWhole,,
003567.png,rest_whole,restWhole,,
003568.png,clef_treble,clefG,,
003569.png,rest_whole,restWhole,,
003570.png,rest_whole,restWhole,,
003571.png,rest_whole,restWhole,,
003572.png,rest_whole,restWhole,,
003573.png,clef_bass,clefF,,
003574.png,flat,accidentalFlat,-7,
003575.png,natural,accidentalNatural,-7,
003576.png,sharp,accidentalSharp,-2,
003577.png,sharp,accidentalSharp,-3,
003578.png,natural,accidentalNatural,7,
003579.png,natural,accidentalNatural,7,
003580.png,flat,accidentalFlat,7,
003581.png,rest_16th,rest16th,,
003582.png,rest_8th,rest8th,,
003583.png,rest_8th,rest8th,,
003584.png,rest_quarter,restQuarter,,
003585.png,rest_quarter,restQuarter,,
003586.png,rest_16th,rest16th,,
003587.png,rest_16th,rest16th,,
003588.png,rest_quarter,restQuarter,,
003589.png,clef_bass,clefF,,
003590.png,time_3,timeSig3,,
003591.png,time_4,timeSig4,,
003592.png,dot,augmentationDot,,
003593.png,clef_treble,clefG,,
003594.png,time_3,timeSig3,,
003595.png,time_4,timeSig4,,
003596.png,dot,augmentationDot,,
003597.png,rest_8th,rest8th,,
003598.png,rest_quarter,restQuarter,,
003599.png,clef_bass,clefF,,
003600.png,clef_treble,clefG,,
003601.png,dot,augmentationDot,,
003602.png,dot,augmentationDot,,
003603.png,rest_8th,rest8th,,
003604.png,dot,augmentationDot,,
003605.png,rest_quarter,restQuarter,,
003606.png,dot,augmentationDot,,
003607.png,clef_bass,clefF,,
003608.png,clef_treble,clefG,,
003609.png,rest_8th,rest8th,,
003610.png,dot,augmentationDot,,
003611.png,clef_bass,clefF,,
003612.png,clef_treble,clefG,,
003613.png,dot,augmentationDot,,
003614.png,dot,augmentationDot,,
003615.png,sharp,accidentalSharp,4,
003616.png,flat,accidentalFlat,3,
003617.png,flat,accidentalFlat,3,
003618.png,sharp,accidentalSharp,4,
003619.png,flat,accidentalFlat,-4,
003620.png,flat,accidentalFlat,3,
003621.png,flat,accidentalFlat,3,
003622.png,flat,accidentalFlat,-4,
003623.png,natural,accidentalNatural,-4,
003624.png,flat,accidentalFlat,-4,
003625.png,flat,accidentalFlat,3,
003626.png,flat,accidentalFlat,-4,
003627.png,rest_8th,rest8th,,
003628.png,clef_treble,clefG,,
003629.png,clef_treble,clefG,,
003630.png,rest_8th,rest8th,,
003631.png,rest_8th,rest8th,,
003632.png,rest_8th,rest8th,,
003633.png,clef_treble,clefG,,
003634.png,clef_treble,clefG,,
003635.png,clef_treble,clefG,,
003636.png,rest_8th,rest8th,,
003637.png,clef_treble,clefG,,
003638.png,dot,augmentationDot,,
003639.png,clef_treble,clefG,,
003640.png,clef_treble,clefG,,
003641.png,natural,accidentalNatural,1,
003642.png,natural,accidentalNatural,8,
003643.png,natural,accidentalNatural,-6,
003644.png,sharp,accidentalSharp,1,
003645.png,natural,accidentalNatural,1,
003646.png,natural,accidentalNatural,1,
003647.png,natural,accidentalNatural,1,
003648.png,natural,accidentalNatural,1,
003649.png,sharp,accidentalSharp,1,
003650.png,natural,accidentalNatural,8,
003651.png,sharp,accidentalSharp,1,
003652.png,natural,accidentalNatural,1,
003653.png,natural,accidentalNatural,8,
003654.png,natural,accidentalNatural,-6,
003655.png,dot,augmentationDot,,
003656.png,clef_treble,clefG,,
003657.png,dot,augmentationDot,,
003658.png,dot,augmentationDot,,
003659.png,dot,augmentationDot,,
003660.png,dot,augmentationDot,,
003661.png,dot,augmentationDot,,
003662.png,dot,augmentationDot,,
003663.png,dot,augmentationDot,,
003664.png,dot,augmentationDot,,
003665.png,dot,augmentationDot,,
003666.png,dot,augmentationDot,,
003667.png,dot,augmentationDot,,
003668.png,dot,augmentationDot,,
003669.png,dot,augmentationDot,,
003670.png,dot,augmentationDot,,
003671.png,dot,augmentationDot,,
003672.png,dot,augmentationDot,,
003673.png,dot,augmentationDot,,
003674.png,dot,augmentationDot,,
003675.png,dot,augmentationDot,,
003676.png,dot,augmentationDot,,
003677.png,dot,augmentationDot,,
003678.png,dot,augmentationDot,,
003679.png,clef_treble,clefG,,
003680.png,clef_treble,clefG,,
003681.png,dot,augmentationDot,,
003682.png,clef_alto,clefCAlto,,
003683.png,clef_bass,clefF,,
003684.png,clef_treble,clefG,,
003685.png,clef_bass,clefF,,
003686.png,dot,augmentationDot,,
003687.png,dot,augmentationDot,,
003688.png,dot,augmentationDot,,
003689.png,dot,augmentationDot,,
003690.png,dot,augmentationDot,,
003691.png,dot,augmentationDot,,
003692.png,dot,augmentationDot,,
003693.png,dot,augmentationDot,,
003694.png,dot,augmentationDot,,
003695.png,dot,augmentationDot,,
003696.png,dot,augmentationDot,,
003697.png,dot,augmentationDot,,
003698.png,dot,augmentationDot,,
003699.png,dot,augmentationDot,,
003700.png,dot,augmentationDot,,
003701.png,dot,augmentationDot,,
003702.png,dot,augmentationDot,,
003703.png,dot,augmentationDot,,
003704.png,dot,augmentationDot,,
003705.png,dot,augmentationDot,,
003706.png,dot,augmentationDot,,
003707.png,clef_bass,clefF,,
003708.png,clef_treble,clefG,,
003709.png,clef_bass,clefF,,
003710.png,clef_treble,clefG,,
003711.png,clef_treble,clefG,,
003712.png,clef_treble,clefG,,
003713.png,dot,augmentationDot,,
003714.png,dot,augmentationDot,,
003715.png,dot,augmentationDot,,
003716.png,dot,augmentationDot,,
003717.png,dot,augmentationDot,,
003718.png,dot,augmentationDot,,
003719.png,clef_alto,clefCAlto,,
003720.png,time_1,timeSig1,,
003721.png,time_2,timeSig2,,
003722.png,time_8,timeSig8,,
003723.png,time_1,timeSig1,,
003724.png,time_2,timeSig2,,
003725.png,time_8,timeSig8,,
003726.png,time_1,timeSig1,,
003727.png,time_2,timeSig2,,
003728.png,time_8,timeSig8,,
003729.png,time_1,timeSig1,,
003730.png,time_2,timeSig2,,
003731.png,time_8,timeSig8,,
003732.png,time_1,timeSig1,,
003733.png,time_2,timeSig2,,
003734.png,time_8,timeSig8,,
003735.png,time_1,timeSig1,,
003736.png,time_2,timeSig2,,
003737.png,time_8,timeSig8,,
003738.png,rest_half,restHalf,,
003739.png,rest_half,restHalf,,
003740.png,rest_half,restHalf,,
003741.png,rest_half,restHalf,,
003742.png,rest_half,restHalf,,
003743.png,rest_half,restHalf,,
003744.png,clef_treble,clefG,,
003745.png,clef_treble,clefG,,
003746.png,clef_treble,clefG,,
003747.png,clef_bass,clefF,,
003748.png,clef_bass,clefF,,
003749.png,clef_treble,clefG,,
003750.png,dot,augmentationDot,,
003751.png,dot,augmentationDot,,
003752.png,dot,augmentationDot,,
003753.png,sharp,accidentalSharp,5,
003754.png,sharp,accidentalSharp,5,
003755.png,sharp,accidentalSharp,5,
003756.png,sharp,accidentalSharp,5,
003757.png,sharp,accidentalSharp,5,
003758.png,sharp,accidentalSharp,2,
003759.png,natural,accidentalNatural,1,
003760.png,sharp,accidentalSharp,-3,
003761.png,natural,accidentalNatural,4,
003762.png,dot,augmentationDot,,
003763.png,dot,augmentationDot,,
003764.png,dot,augmentationDot,,
003765.png,dot,augmentationDot,,
003766.png,dot,augmentationDot,,
003767.png,dot,augmentationDot,,
003768.png,clef_tenor,clefCTenor,,
003769.png,time_3,timeSig3,,
003770.png,time_4,timeSig4,,
003771.png,dot,augmentationDot,,
003772.png,dot,augmentationDot,,
003773.png,clef_tenor,clefCTenor,,
003774.png,clef_tenor,clefCTenor,,
003775.png,clef_tenor,clefCTenor,,
003776.png,clef_tenor,clefCTenor,,
003777.png,rest_quarter,restQuarter,,
003778.png,dot,augmentationDot,,
003779.png,dot,augmentationDot,,
003780.png,clef_tenor,clefCTenor,,
003781.png,dot,augmentationDot,,
003782.png,dot,augmentationDot,,
003783.png,clef_tenor,clefCTenor,,
003784.png,clef_tenor,clefCTenor,,
003785.png,clef_bass,clefF,,
003786.png,dot,augmentationDot,,
003787.png,dot,augmentationDot,,
003788.png,clef_tenor,clefCTenor,,
003789.png,clef_treble,clefG,,
003790.png,flat,accidentalFlat,7,
003791.png,sharp,accidentalSharp,4,
003792.png,time_3,timeSig3,,
003793.png,time_4,timeSig4,,
003794.png,clef_treble,clefG,,
003795.png,clef_treble,clefG,,
003796.png,clef_treble,clefG,,
003797.png,clef_treble,clefG,,
003798.png,clef_treble,clefG,,
003799.png,rest_8th,rest8th,,
003800.png,rest_8th,rest8th,,
003801.png,rest_8th,rest8th,,
003802.png,rest_8th,rest8th,,
003803.png,rest_8th,rest8th,,
003804.png,rest_8th,rest8th,,
003805.png,rest_8th,rest8th,,
003806.png,rest_8th,rest8th,,
003807.png,rest_8th,rest8th,,
003808.png,rest_8th,rest8th,,
003809.png,rest_8th,rest8th,,
003810.png,rest_8th,rest8th,,
003811.png,rest_8th,rest8th,,
003812.png,rest_8th,rest8th,,
003813.png,rest_8th,rest8th,,
003814.png,rest_8th,rest8th,,
003815.png,rest_8th,rest8th,,
003816.png,rest_8th,rest8th,,
003817.png,rest_8th,rest8th,,
003818.png,clef_alto,clefCAlto,,
003819.png,rest_8th,rest8th,,
003820.png,clef_treble,clefG,,
003821.png,clef_treble,clefG,,
003822.png,clef_bass,clefF,,
003823.png,clef_treble,clefG,,
003824.png,clef_bass,clefF,,
003825.png,clef_treble,clefG,,
003826.png,rest_8th,rest8th,,
003827.png,rest_8th,rest8th,,
003828.png,clef_treble,clefG,,
003829.png,rest_8th,rest8th,,
003830.png,rest_8th,rest8th,,
003831.png,rest_8th,rest8th,,
003832.png,rest_8th,rest8th,,
003833.png,rest_8th,rest8th,,
003834.png,rest_8th,rest8th,,
003835.png,rest_8th,rest8th,,
003836.png,rest_8th,rest8th,,
003837.png,rest_8th,rest8th,,
003838.png,rest_8th,rest8th,,
003839.png,rest_8th,rest8th,,
003840.png,rest_8th,rest8th,,
003841.png,rest_8th,rest8th,,
003842.png,clef_treble,clefG,,
003843.png,clef_bass,clefF,,
003844.png,clef_treble,clefG,,
003845.png,clef_bass,clefF,,
003846.png,rest_8th,rest8th,,
003847.png,clef_treble,clefG,,
003848.png,clef_treble,clefG,,
003849.png,rest_8th,rest8th,,
003850.png,rest_8th,rest8th,,
003851.png,rest_8th,rest8th,,
003852.png,rest_8th,rest8th,,
003853.png,rest_8th,rest8th,,
003854.png,rest_8th,rest8th,,
003855.png,rest_8th,rest8th,,
003856.png,rest_8th,rest8th,,
003857.png,clef_alto,clefCAlto,,
003858.png,rest_8th,rest8th,,
003859.png,clef_treble,clefG,,
003860.png,rest_8th,rest8th,,
003861.png,rest_8th,rest8th,,
003862.png,clef_bass,clefF,,
003863.png,clef_treble,clefG,,
003864.png,clef_treble,clefG,,
003865.png,clef_bass,clefF,,
003866.png,clef_alto,clefCAlto,,
003867.png,clef_treble,clefG,,
003868.png,rest_8th,rest8th,,
003869.png,sharp,accidentalSharp,-1,
003870.png,rest_half,restHalf,,
003871.png,rest_half,restHalf,,
003872.png,rest_half,restHalf,,
003873.png,rest_half,restHalf,,
003874.png,rest_half,restHalf,,
003875.png,rest_half,restHalf,,
003876.png,rest_half,restHalf,,
003877.png,rest_half,restHalf,,
003878.png,rest_half,restHalf,,
003879.png,rest_half,restHalf,,
003880.png,rest_half,restHalf,,
003881.png,rest_half,restHalf,,
003882.png,rest_half,restHalf,,
003883.png,rest_half,restHalf,,
003884.png,time_1,timeSig1,,
003885.png,time_0,timeSig0,,
003886.png,time_4,timeSig4,,
003887.png,time_1,timeSig1,,
003888.png,time_0,timeSig0,,
003889.png,time_4,timeSig4,,
003890.png,time_1,timeSig1,,
003891.png,time_0,timeSig0,,
003892.png,time_4,timeSig4,,
003893.png,time_1,timeSig1,,
003894.png,time_0,timeSig0,,
003895.png,time_4,timeSig4,,
003896.png,time_1,timeSig1,,
003897.png,time_0,timeSig0,,
003898.png,time_4,timeSig4,,
003899.png,time_1,timeSig1,,
003900.png,time_0,timeSig0,,
003901.png,time_4,timeSig4,,
003902.png,time_1,timeSig1,,
003903.png,time_0,timeSig0,,
003904.png,time_4,timeSig4,,
003905.png,time_1,timeSig1,,
003906.png,time_0,timeSig0,,
003907.png,time_4,timeSig4,,
003908.png,time_1,timeSig1,,
003909.png,time_0,timeSig0,,
003910.png,time_4,timeSig4,,
003911.png,time_1,timeSig1,,
003912.png,time_0,timeSig0,,
003913.png,time_4,timeSig4,,
003914.png,time_1,timeSig1,,
003915.png,time_0,timeSig0,,
003916.png,time_4,timeSig4,,
003917.png,time_1,timeSig1,,
003918.png,time_0,timeSig0,,
003919.png,time_4,timeSig4,,
003920.png,time_1,timeSig1,,
003921.png,time_0,timeSig0,,
003922.png,time_4,timeSig4,,
003923.png,time_1,timeSig1,,
003924.png,time_0,timeSig0,,
003925.png,time_4,timeSig4,,
003926.png,time_1,timeSig1,,
003927.png,time_0,timeSig0,,
003928.png,time_4,timeSig4,,
003929.png,clef_treble,clefG,,
003930.png,clef_bass,clefF,,
003931.png,clef_treble,clefG,,
003932.png,time_1,timeSig1,,
003933.png,time_0,timeSig0,,
003934.png,time_4,timeSig4,,
003935.png,time_1,timeSig1,,
003936.png,time_0,timeSig0,,
003937.png,time_4,timeSig4,,
003938.png,time_1,timeSig1,,
003939.png,time_0,timeSig0,,
003940.png,time_4,timeSig4,,
003941.png,time_1,timeSig1,,
003942.png,time_0,timeSig0,,
003943.png,time_4,timeSig4,,
003944.png,clef_bass,clefF,,
003945.png,clef_bass,clefF,,
003946.png,clef_treble,clefG,,
003947.png,clef_treble,clefG,,
003948.png,clef_treble,clefG,,
003949.png,rest_half,restHalf,,
003950.png,rest_half,restHalf,,
003951.png,rest_half,restHalf,,
003952.png,rest_half,restHalf,,
003953.png,clef_treble,clefG,,
003954.png,clef_treble,clefG,,
003955.png,clef_treble,clefG,,
003956.png,clef_bass,clefF,,
003957.png,clef_treble,clefG,,
003958.png,clef_treble,clefG,,
003959.png,clef_treble,clefG,,
003960.png,clef_treble,clefG,,
003961.png,clef_treble,clefG,,
003962.png,clef_treble,clefG,,
003963.png,clef_treble,clefG,,
003964.png,sharp,accidentalSharp,8,
003965.png,sharp,accidentalSharp,5,
003966.png,sharp,accidentalSharp,4,
003967.png,sharp,accidentalSharp,5,
003968.png,sharp,accidentalSharp,4,
003969.png,sharp,accidentalSharp,5,
003970.png,sharp,accidentalSharp,4,
003971.png,sharp,accidentalSharp,-2,
003972.png,natural,accidentalNatural,5,
003973.png,sharp,accidentalSharp,8,
003974.png,sharp,accidentalSharp,4,
003975.png,sharp,accidentalSharp,5,
003976.png,sharp,accidentalSharp,4,
003977.png,sharp,accidentalSharp,8,
003978.png,sharp,accidentalSharp,4,
003979.png,sharp,accidentalSharp,5,
003980.png,sharp,accidentalSharp,2,
003981.png,sharp,accidentalSharp,3,
003982.png,sharp,accidentalSharp,2,
003983.png,sharp,accidentalSharp,5,
003984.png,sharp,accidentalSharp,-2,
003985.png,sharp,accidentalSharp,1,
003986.png,sharp,accidentalSharp,6,
003987.png,sharp,accidentalSharp,3,
003988.png,sharp,accidentalSharp,4,
003989.png,sharp,accidentalSharp,1,
003990.png,sharp,accidentalSharp,2,
003991.png,sharp,accidentalSharp,6,
003992.png,sharp,accidentalSharp,3,
003993.png,sharp,accidentalSharp,3,
003994.png,sharp,accidentalSharp,5,
003995.png,sharp,accidentalSharp,2,
003996.png,sharp,accidentalSharp,2,
003997.png,sharp,accidentalSharp,1,
003998.png,sharp,accidentalSharp,-5,
003999.png,sharp,accidentalSharp,-5,
004000.png,sharp,accidentalSharp,2,
004001.png,sharp,accidentalSharp,4,
004002.png,sharp,accidentalSharp,1,
004003.png,sharp,accidentalSharp,-7,
004004.png,sharp,accidentalSharp,-7,
004005.png,sharp,accidentalSharp,1,
004006.png,sharp,accidentalSharp,1,
004007.png,natural,accidentalNatural,6,
004008.png,natural,accidentalNatural,6,
004009.png,natural,accidentalNatural,3,
004010.png,natural,accidentalNatural,-4,
004011.png,sharp,accidentalSharp,1,
004012.png,sharp,accidentalSharp,2,
004013.png,sharp,accidentalSharp,-6,
004014.png,sharp,accidentalSharp,1,
004015.png,sharp,accidentalSharp,2,
004016.png,sharp,accidentalSharp,5,
004017.png,rest_8th,rest8th,,
004018.png,rest_8th,rest8th,,
004019.png,rest_8th,rest8th,,
004020.png,rest_8th,rest8th,,
004021.png,rest_8th,rest8th,,
004022.png,rest_8th,rest8th,,
004023.png,dot,augmentationDot,,
004024.png,dot,augmentationDot,,
004025.png,dot,augmentationDot,,
004026.png,dot,augmentationDot,,
004027.png,dot,augmentationDot,,
004028.png,dot,augmentationDot,,
004029.png,dot,augmentationDot,,
004030.png,rest_whole,restWhole,,
004031.png,clef_treble,clefG,,
004032.png,dot,augmentationDot,,
004033.png,dot,augmentationDot,,
004034.png,dot,augmentationDot,,
004035.png,clef_treble,clefG,,
004036.png,dot,augmentationDot,,
004037.png,dot,augmentationDot,,
004038.png,dot,augmentationDot,,
004039.png,dot,augmentationDot,,
004040.png,dot,augmentationDot,,
004041.png,dot,augmentationDot,,
004042.png,dot,augmentationDot,,
004043.png,clef_treble,clefG,,
004044.png,clef_treble,clefG,,
004045.png,clef_bass,clefF,,
004046.png,clef_treble,clefG,,
004047.png,clef_treble,clefG,,
004048.png,dot,augmentationDot,,
004049.png,dot,augmentationDot,,
004050.png,dot,augmentationDot,,
004051.png,dot,augmentationDot,,
004052.png,dot,augmentationDot,,
004053.png,dot,augmentationDot,,
004054.png,dot,augmentationDot,,
004055.png,dot,augmentationDot,,
004056.png,clef_bass,clefF,,
004057.png,dot,augmentationDot,,
004058.png,dot,augmentationDot,,
004059.png,dot,augmentationDot,,
004060.png,clef_treble,clefG,,
004061.png,dot,augmentationDot,,
004062.png,clef_bass,clefF,,
004063.png,dot,augmentationDot,,
004064.png,rest_32nd,rest32nd,,
004065.png,rest_8th,rest8th,,
004066.png,rest_8th,rest8th,,
004067.png,rest_8th,rest8th,,
004068.png,rest_whole,restWhole,,
004069.png,rest_whole,restWhole,,
004070.png,rest_whole,restWhole,,
004071.png,rest_whole,restWhole,,
004072.png,rest_whole,restWhole,,
004073.png,rest_whole,restWhole,,
004074.png,rest_32nd,rest32nd,,
004075.png,rest_16th,rest16th,,
004076.png,rest_quarter,restQuarter,,
004077.png,rest_quarter,restQuarter,,
004078.png,rest_quarter,restQuarter,,
004079.png,rest_quarter,restQuarter,,
004080.png,rest_quarter,restQuarter,,
004081.png,rest_16th,rest16th,,
004082.png,rest_32nd,rest32nd,,
004083.png,rest_32nd,rest32nd,,
004084.png,rest_32nd,rest32nd,,
004085.png,rest_32nd,rest32nd,,
004086.png,rest_whole,restWhole,,
004087.png,clef_bass,clefF,,
004088.png,rest_whole,restWhole,,
004089.png,clef_bass,clefF,,
004090.png,clef_8,clef8,,
004091.png,clef_bass,clefF,,
004092.png,clef_8,clef8,,
004093.png,clef_bass,clefF,,
004094.png,rest_whole,restWhole,,
004095.png,clef_bass,clefF,,
004096.png,clef_bass,clefF,,
004097.png,rest_16th,rest16th,,
004098.png,rest_16th,rest16th,,
004099.png,rest_16th,rest16th,,
004100.png,flat,accidentalFlat,5,
004101.png,flat,accidentalFlat,5,
004102.png,flat,accidentalFlat,1,
004103.png,flat,accidentalFlat,5,
004104.png,flat,accidentalFlat,5,
004105.png,flat,accidentalFlat,4,
004106.png,rest_quarter,restQuarter,,
004107.png,rest_whole,restWhole,,
004108.png,rest_whole,restWhole,,
004109.png,rest_8th,rest8th,,
004110.png,rest_8th,rest8th,,
004111.png,time_2,timeSig2,,
004112.png,time_4,timeSig4,,
004113.png,clef_bass,clefF,,
004114.png,time_2,timeSig2,,
004115.png,time_4,timeSig4,,
004116.png,clef_treble,clefG,,
004117.png,rest_whole,restWhole,,
004118.png,clef_bass,clefF,,
004119.png,clef_treble,clefG,,
004120.png,clef_bass,clefF,,
004121.png,clef_treble,clefG,,
004122.png,rest_8th,rest8th,,
004123.png,clef_bass,clefF,,
004124.png,clef_treble,clefG,,
004125.png,rest_8th,rest8th,,
004126.png,rest_8th,rest8th,,
004127.png,clef_bass,clefF,,
004128.png,clef_treble,clefG,,
004129.png,rest_quarter,restQuarter,,
004130.png,dot,augmentationDot,,
004131.png,dot,augmentationDot,,
004132.png,rest_quarter,restQuarter,,
004133.png,rest_8th,rest8th,,
004134.png,rest_8th,rest8th,,
004135.png,dot,augmentationDot,,
004136.png,dot,augmentationDot,,
004137.png,dot,augmentationDot,,
004138.png,rest_quarter,restQuarter,,
004139.png,dot,augmentationDot,,
004140.png,rest_quarter,restQuarter,,
004141.png,dot,augmentationDot,,
004142.png,clef_bass,clefF,,
004143.png,clef_bass,clefF,,
004144.png,dot,augmentationDot,,
004145.png,clef_bass,clefF,,
004146.png,clef_bass,clefF,,
004147.png,dot,augmentationDot,,
004148.png,dot,augmentationDot,,
004149.png,dot,augmentationDot,,
004150.png,dot,augmentationDot,,
004151.png,rest_quarter,restQuarter,,
004152.png,dot,augmentationDot,,
004153.png,dot,augmentationDot,,
004154.png,rest_quarter,restQuarter,,
004155.png,rest_quarter,restQuarter,,
004156.png,dot,augmentationDot,,
004157.png,rest_quarter,restQuarter,,
004158.png,dot,augmentationDot,,
004159.png,rest_quarter,restQuarter,,
004160.png,clef_bass,clefF,,
004161.png,clef_bass,clefF,,
004162.png,clef_bass,clefF,,
004163.png,clef_bass,clefF,,
004164.png,rest_quarter,restQuarter,,
004165.png,dot,augmentationDot,,
004166.png,dot,augmentationDot,,
004167.png,rest_quarter,restQuarter,,
004168.png,rest_quarter,restQuarter,,
004169.png,dot,augmentationDot,,
004170.png,rest_quarter,restQuarter,,
004171.png,rest_quarter,restQuarter,,
004172.png,dot,augmentationDot,,
004173.png,rest_half,restHalf,,
004174.png,rest_half,restHalf,,
004175.png,dot,augmentationDot,,
004176.png,dot,augmentationDot,,
004177.png,dot,augmentationDot,,
004178.png,dot,augmentationDot,,
004179.png,dot,augmentationDot,,
004180.png,dot,augmentationDot,,
004181.png,dot,augmentationDot,,
004182.png,dot,augmentationDot,,
004183.png,rest_quarter,restQuarter,,
004184.png,dot,augmentationDot,,
004185.png,clef_bass,clefF,,
004186.png,clef_bass,clefF,,
004187.png,clef_bass,clefF,,
004188.png,clef_bass,clefF,,
004189.png,rest_whole,restWhole,,
004190.png,rest_whole,restWhole,,
004191.png,rest_quarter,restQuarter,,
004192.png,dot,augmentationDot,,
004193.png,rest_half,restHalf,,
004194.png,rest_half,restHalf,,
004195.png,rest_quarter,restQuarter,,
004196.png,rest_quarter,restQuarter,,
004197.png,dot,augmentationDot,,
004198.png,dot,augmentationDot,,
004199.png,rest_quarter,restQuarter,,
004200.png,dot,augmentationDot,,
004201.png,rest_8th,rest8th,,
004202.png,rest_8th,rest8th,,
004203.png,dot,augmentationDot,,
004204.png,time_3,timeSig3,,
004205.png,time_4,timeSig4,,
004206.png,clef_treble,clefG,,
004207.png,dot,augmentationDot,,
004208.png,dot,augmentationDot,,
004209.png,clef_treble,clefG,,
004210.png,dot,augmentationDot,,
004211.png,clef_treble,clefG,,
004212.png,dot,augmentationDot,,
004213.png,clef_treble,clefG,,
004214.png,clef_treble,clefG,,
004215.png,dot,augmentationDot,,
004216.png,clef_treble,clefG,,
004217.png,flat,accidentalFlat,5,
004218.png,flat,accidentalFlat,5,
004219.png,dot,augmentationDot,,
004220.png,dot,augmentationDot,,
004221.png,dot,augmentationDot,,
004222.png,dot,augmentationDot,,
004223.png,dot,augmentationDot,,
004224.png,dot,augmentationDot,,
004225.png,dot,augmentationDot,,
004226.png,rest_16th,rest16th,,
004227.png,rest_16th,rest16th,,
004228.png,rest_16th,rest16th,,
004229.png,rest_16th,rest16th,,
004230.png,rest_16th,rest16th,,
004231.png,dot,augmentationDot,,
004232.png,dot,augmentationDot,,
004233.png,rest_8th,rest8th,,
004234.png,rest_8th,rest8th,,
004235.png,rest_8th,rest8th,,
004236.png,clef_bass,clefF,,
004237.png,clef_bass,clefF,,
004238.png,clef_bass,clefF,,
004239.png,rest_8th,rest8th,,
004240.png,clef_treble,clefG,,
004241.png,clef_treble,clefG,,
004242.png,clef_treble,clefG,,
004243.png,clef_treble,clefG,,
004244.png,clef_treble,clefG,,
004245.png,clef_treble,clefG,,
004246.png,clef_treble,clefG,,
004247.png,dot,augmentationDot,,
004248.png,dot,augmentationDot,,
004249.png,dot,augmentationDot,,
004250.png,dot,augmentationDot,,
004251.png,dot,augmentationDot,,
004252.png,dot,augmentationDot,,
004253.png,dot,augmentationDot,,
004254.png,clef_bass,clefF,,
004255.png,clef_bass,clefF,,
004256.png,dot,augmentationDot,,
004257.png,clef_bass,clefF,,
004258.png,clef_bass,clefF,,
004259.png,dot,augmentationDot,,
004260.png,dot,augmentationDot,,
004261.png,dot,augmentationDot,,
004262.png,dot,augmentationDot,,
004263.png,dot,augmentationDot,,
004264.png,dot,augmentationDot,,
004265.png,dot,augmentationDot,,
004266.png,dot,augmentationDot,,
004267.png,dot,augmentationDot,,
004268.png,dot,augmentationDot,,
004269.png,dot,augmentationDot,,
004270.png,clef_bass,clefF,,
004271.png,clef_bass,clefF,,
004272.png,dot,augmentationDot,,
004273.png,clef_bass,clefF,,
004274.png,clef_bass,clefF,,
004275.png,dot,augmentationDot,,
004276.png,dot,augmentationDot,,
004277.png,dot,augmentationDot,,
004278.png,dot,augmentationDot,,
004279.png,dot,augmentationDot,,
004280.png,clef_tenor,clefCTenor,,
004281.png,rest_quarter,restQuarter,,
004282.png,rest_whole,restWhole,,
004283.png,dot,augmentationDot,,
004284.png,dot,augmentationDot,,
004285.png,dot,augmentationDot,,
004286.png,dot,augmentationDot,,
004287.png,clef_bass,clefF,,
004288.png,clef_bass,clefF,,
004289.png,clef_bass,clefF,,
004290.png,clef_bass,clefF,,
004291.png,dot,augmentationDot,,
004292.png,dot,augmentationDot,,
004293.png,dot,augmentationDot,,
004294.png,dot,augmentationDot,,
004295.png,sharp,accidentalSharp,-6,
004296.png,sharp,accidentalSharp,-8,
004297.png,sharp,accidentalSharp,-1,
004298.png,sharp,accidentalSharp,1,
004299.png,sharp,accidentalSharp,-6,
004300.png,sharp,accidentalSharp,1,
004301.png,sharp,accidentalSharp,8,
004302.png,natural,accidentalNatural,-7,
004303.png,natural,accidentalNatural,-5,
004304.png,natural,accidentalNatural,2,
004305.png,flat,accidentalFlat,0,
004306.png,flat,accidentalFlat,7,
004307.png,flat,accidentalFlat,-6,
004308.png,flat,accidentalFlat,1,
004309.png,natural,accidentalNatural,0,
004310.png,natural,accidentalNatural,7,
004311.png,flat,accidentalFlat,2,
004312.png,flat,accidentalFlat,-5,
004313.png,sharp,accidentalSharp,1,
004314.png,sharp,accidentalSharp,8,
004315.png,sharp,accidentalSharp,1,
004316.png,sharp,accidentalSharp,8,
004317.png,flat,accidentalFlat,-5,
004318.png,flat,accidentalFlat,2,
004319.png,natural,accidentalNatural,-5,
004320.png,natural,accidentalNatural,2,
004321.png,sharp,accidentalSharp,1,
004322.png,sharp,accidentalSharp,8,
004323.png,sharp,accidentalSharp,1,
004324.png,sharp,accidentalSharp,8,
004325.png,rest_quarter,restQuarter,,
004326.png,rest_quarter,restQuarter,,
004327.png,clef_treble,clefG,,
004328.png,clef_treble,clefG,,
004329.png,clef_bass,clefF,,
004330.png,clef_treble,clefG,,
004331.png,rest_8th,rest8th,,
004332.png,dot,augmentationDot,,
004333.png,rest_quarter,restQuarter,,
004334.png,rest_quarter,restQuarter,,
004335.png,rest_whole,restWhole,,
004336.png,rest_quarter,restQuarter,,
004337.png,rest_quarter,restQuarter,,
004338.png,dot,augmentationDot,,
004339.png,dot,augmentationDot,,
004340.png,clef_treble,clefG,,
004341.png,clef_treble,clefG,,
004342.png,clef_bass,clefF,,
004343.png,clef_treble,clefG,,
004344.png,rest_whole,restWhole,,
004345.png,rest_quarter,restQuarter,,
004346.png,rest_quarter,restQuarter,,
004347.png,rest_quarter,restQuarter,,
004348.png,rest_quarter,restQuarter,,
004349.png,rest_quarter,restQuarter,,
004350.png,rest_8th,rest8th,,
004351.png,dot,augmentationDot,,
004352.png,clef_treble,clefG,,
004353.png,clef_bass,clefF,,
004354.png,clef_treble,clefG,,
004355.png,rest_half,restHalf,,
004356.png,rest_whole,restWhole,,
004357.png,clef_treble,clefG,,
004358.png,dot,augmentationDot,,
004359.png,rest_quarter,restQuarter,,
004360.png,dot,augmentationDot,,
004361.png,dot,augmentationDot,,
004362.png,natural,accidentalNatural,1,
004363.png,flat,accidentalFlat,7,
004364.png,natural,accidentalNatural,7,
004365.png,natural,accidentalNatural,7,
004366.png,clef_treble,clefG,,
004367.png,clef_treble,clefG,,
004368.png,clef_treble,clefG,,
004369.png,clef_treble,clefG,,
004370.png,clef_bass,clefF,,
004371.png,rest_8th,rest8th,,
004372.png,clef_bass,clefF,,
004373.png,clef_treble,clefG,,
004374.png,dot,augmentationDot,,
004375.png,clef_treble,clefG,,
004376.png,clef_bass,clefF,,
004377.png,clef_bass,clefF,,
004378.png,clef_treble,clefG,,
004379.png,rest_half,restHalf,,
004380.png,rest_half,restHalf,,
004381.png,rest_whole,restWhole,,
004382.png,rest_whole,restWhole,,
004383.png,rest_whole,restWhole,,
004384.png,rest_whole,restWhole,,
004385.png,rest_whole,restWhole,,
004386.png,rest_whole,restWhole,,
004387.png,rest_whole,restWhole,,
004388.png,rest_whole,restWhole,,
004389.png,rest_whole,restWhole,,
004390.png,rest_whole,restWhole,,
004391.png,rest_whole,restWhole,,
004392.png,rest_whole,restWhole,,
004393.png,rest_whole,restWhole,,
004394.png,dot,augmentationDot,,
004395.png,dot,augmentationDot,,
004396.png,rest_half,restHalf,,
004397.png,rest_8th,rest8th,,
004398.png,rest_8th,rest8th,,
004399.png,rest_half,restHalf,,
004400.png,clef_treble,clefG,,
004401.png,clef_8,clef8,,
004402.png,clef_treble,clefG,,
004403.png,clef_8,clef8,,
004404.png,rest_half,restHalf,,
004405.png,rest_half,restHalf,,
004406.png,clef_treble,clefG,,
004407.png,clef_treble,clefG,,
004408.png,clef_bass,clefF,,
004409.png,clef_treble,clefG,,
004410.png,clef_treble,clefG,,
004411.png,clef_treble,clefG,,
004412.png,clef_bass,clefF,,
004413.png,clef_8,clef8,,
004414.png,rest_whole,restWhole,,
004415.png,rest_whole,restWhole,,
004416.png,rest_whole,restWhole,,
004417.png,rest_whole,restWhole,,
004418.png,rest_whole,restWhole,,
004419.png,rest_whole,restWhole,,
004420.png,rest_half,restHalf,,
004421.png,rest_half,restHalf,,
004422.png,clef_treble,clefG,,
004423.png,clef_bass,clefF,,
004424.png,clef_bass,clefF,,
004425.png,clef_treble,clefG,,
004426.png,clef_treble,clefG,,
004427.png,clef_treble,clefG,,
004428.png,clef_bass,clefF,,
004429.png,clef_bass,clefF,,
004430.png,clef_treble,clefG,,
004431.png,clef_treble,clefG,,
004432.png,sharp,accidentalSharp,-3,
004433.png,sharp,accidentalSharp,2,
004434.png,sharp,accidentalSharp,-3,
004435.png,sharp,accidentalSharp,-3,
004436.png,sharp,accidentalSharp,-3,
004437.png,sharp,accidentalSharp,3,
004438.png,rest_8th,rest8th,,
004439.png,rest_quarter,restQuarter,,
004440.png,rest_8th,rest8th,,
004441.png,time_common,timeSigCommon,,
004442.png,clef_bass,clefF,,
004443.png,rest_16th,rest16th,,
004444.png,time_common,timeSigCommon,,
004445.png,clef_treble,clefG,,
004446.png,rest_16th,rest16th,,
004447.png,rest_16th,rest16th,,
004448.png,rest_8th,rest8th,,
004449.png,rest_16th,rest16th,,
004450.png,rest_quarter,restQuarter,,
004451.png,rest_16th,rest16th,,
004452.png,rest_8th,rest8th,,
004453.png,clef_treble,clefG,,
004454.png,clef_bass,clefF,,
004455.png,rest_8th,rest8th,,
004456.png,rest_16th,rest16th,,
004457.png,rest_quarter,restQuarter,,
004458.png,rest_16th,rest16th,,
004459.png,clef_bass,clefF,,
004460.png,clef_treble,clefG,,
004461.png,rest_quarter,restQuarter,,
004462.png,rest_8th,rest8th,,
004463.png,rest_16th,rest16th,,
004464.png,clef_treble,clefG,,
004465.png,clef_bass,clefF,,
004466.png,rest_16th,rest16th,,
004467.png,rest_16th,rest16th,,
004468.png,rest_8th,rest8th,,
004469.png,rest_half,restHalf,,
004470.png,rest_half,restHalf,,
004471.png,rest_whole,restWhole,,
004472.png,rest_whole,restWhole,,
004473.png,clef_bass,clefF,,
004474.png,clef_treble,clefG,,
004475.png,clef_bass,clefF,,
004476.png,clef_treble,clefG,,
004477.png,rest_half,restHalf,,
004478.png,rest_half,restHalf,,
004479.png,rest_half,restHalf,,
004480.png,rest_half,restHalf,,
004481.png,rest_whole,restWhole,,
004482.png,rest_whole,restWhole,,
004483.png,rest_whole,restWhole,,
004484.png,rest_whole,restWhole,,
004485.png,rest_half,restHalf,,
004486.png,rest_half,restHalf,,
004487.png,clef_8,clef8,,
004488.png,clef_bass,clefF,,
004489.png,clef_treble,clefG,,
004490.png,clef_bass,clefF,,
004491.png,clef_treble,clefG,,
004492.png,rest_whole,restWhole,,
004493.png,rest_whole,restWhole,,
004494.png,rest_whole,restWhole,,
004495.png,dot,augmentationDot,,
004496.png,dot,augmentationDot,,
004497.png,dot,augmentationDot,,
004498.png,dot,augmentationDot,,
004499.png,dot,augmentationDot,,
004500.png,dot,augmentationDot,,
004501.png,rest_whole,restWhole,,
004502.png,rest_whole,restWhole,,
004503.png,rest_whole,restWhole,,
004504.png,clef_8,clef8,,
004505.png,clef_treble,clefG,,
004506.png,rest_half,restHalf,,
004507.png,rest_half,restHalf,,
004508.png,dot,augmentationDot,,
004509.png,dot,augmentationDot,,
004510.png,clef_treble,clefG,,
004511.png,clef_bass,clefF,,
004512.png,dot,augmentationDot,,
004513.png,dot,augmentationDot,,
004514.png,dot,augmentationDot,,
004515.png,dot,augmentationDot,,
004516.png,dot,augmentationDot,,
004517.png,dot,augmentationDot,,
004518.png,clef_bass,clefF,,
004519.png,clef_8,clef8,,
004520.png,clef_treble,clefG,,
004521.png,rest_half,restHalf,,
004522.png,rest_half,restHalf,,
004523.png,rest_whole,restWhole,,
004524.png,clef_treble,clefG,,
004525.png,rest_half,restHalf,,
004526.png,rest_half,restHalf,,
004527.png,rest_half,restHalf,,
004528.png,clef_bass,clefF,,
004529.png,clef_8,clef8,,
004530.png,clef_treble,clefG,,
004531.png,dot,augmentationDot,,
004532.png,dot,augmentationDot,,
004533.png,dot,augmentationDot,,
004534.png,dot,augmentationDot,,
004535.png,dot,augmentationDot,,
004536.png,dot,augmentationDot,,
004537.png,flat,accidentalFlat,-3,
004538.png,sharp,accidentalSharp,-4,
004539.png,sharp,accidentalSharp,-3,
004540.png,rest_half,restHalf,,
004541.png,clef_bass,clefF,,
004542.png,time_4,timeSig4,,
004543.png,time_4,timeSig4,,
004544.png,clef_bass,clefF,,
004545.png,natural,accidentalNatural,2,
004546.png,sharp,accidentalSharp,-5,
004547.png,sharp,accidentalSharp,-2,
004548.png,sharp,accidentalSharp,0,
004549.png,time_4,timeSig4,,
004550.png,time_4,timeSig4,,
004551.png,time_4,timeSig4,,
004552.png,time_4,timeSig4,,
004553.png,time_4,timeSig4,,
004554.png,time_4,timeSig4,,
004555.png,time_4,timeSig4,,
004556.png,time_4,timeSig4,,
004557.png,rest_quarter,restQuarter,,
004558.png,rest_quarter,restQuarter,,
004559.png,rest_quarter,restQuarter,,
004560.png,rest_quarter,restQuarter,,
004561.png,time_7,timeSig7,,
004562.png,time_4,timeSig4,,
004563.png,time_7,timeSig7,,
004564.png,time_4,timeSig4,,
004565.png,time_7,timeSig7,,
004566.png,time_4,timeSig4,,
004567.png,time_7,timeSig7,,
004568.png,time_4,timeSig4,,
004569.png,clef_treble,clefG,,
004570.png,time_6,timeSig6,,
004571.png,time_4,timeSig4,,
004572.png,clef_treble,clefG,,
004573.png,clef_8,clef8,,
004574.png,time_6,timeSig6,,
004575.png,time_4,timeSig4,,
004576.png,clef_bass,clefF,,
004577.png,time_6,timeSig6,,
004578.png,time_4,timeSig4,,
004579.png,clef_treble,clefG,,
004580.png,time_6,timeSig6,,
004581.png,time_4,timeSig4,,
004582.png,time_1,timeSig1,,
004583.png,time_0,timeSig0,,
004584.png,time_4,timeSig4,,
004585.png,time_1,timeSig1,,
004586.png,time_0,timeSig0,,
004587.png,time_4,timeSig4,,
004588.png,time_1,timeSig1,,
004589.png,time_0,timeSig0,,
004590.png,time_4,timeSig4,,
004591.png,time_1,timeSig1,,
004592.png,time_0,timeSig0,,
004593.png,time_4,timeSig4,,
004594.png,dot,augmentationDot,,
004595.png,dot,augmentationDot,,
004596.png,dot,augmentationDot,,
004597.png,dot,augmentationDot,,
004598.png,dot,augmentationDot,,
004599.png,rest_quarter,restQuarter,,
004600.png,time_3,timeSig3,,
004601.png,time_2,timeSig2,,
004602.png,rest_quarter,restQuarter,,
004603.png,time_3,timeSig3,,
004604.png,time_2,timeSig2,,
004605.png,rest_half,restHalf,,
004606.png,time_3,timeSig3,,
004607.png,time_2,timeSig2,,
004608.png,rest_whole,restWhole,,
004609.png,time_3,timeSig3,,
004610.png,time_2,timeSig2,,
004611.png,dot,augmentationDot,,
004612.png,rest_quarter,restQuarter,,
004613.png,rest_quarter,restQuarter,,
004614.png,rest_quarter,restQuarter,,
004615.png,rest_quarter,restQuarter,,
004616.png,clef_treble,clefG,,
004617.png,clef_treble,clefG,,
004618.png,clef_8,clef8,,
004619.png,clef_bass,clefF,,
004620.png,clef_treble,clefG,,
004621.png,dot,augmentationDot,,
004622.png,dot,augmentationDot,,
004623.png,dot,augmentationDot,,
004624.png,dot,augmentationDot,,
004625.png,dot,augmentationDot,,
004626.png,rest_quarter,restQuarter,,
004627.png,rest_quarter,restQuarter,,
004628.png,rest_quarter,restQuarter,,
004629.png,rest_quarter,restQuarter,,
004630.png,rest_32nd,rest32nd,,
004631.png,rest_32nd,rest32nd,,
004632.png,rest_32nd,rest32nd,,
004633.png,rest_8th,rest8th,,
004634.png,rest_8th,rest8th,,
004635.png,rest_8th,rest8th,,
004636.png,rest_8th,rest8th,,
004637.png,rest_quarter,restQuarter,,
004638.png,rest_quarter,restQuarter,,
004639.png,rest_32nd,rest32nd,,
004640.png,rest_32nd,rest32nd,,
004641.png,rest_half,restHalf,,
004642.png,rest_16th,rest16th,,
004643.png,rest_16th,rest16th,,
004644.png,rest_half,restHalf,,
004645.png,rest_whole,restWhole,,
004646.png,rest_whole,restWhole,,
004647.png,rest_whole,restWhole,,
004648.png,rest_32nd,rest32nd,,
004649.png,rest_8th,rest8th,,
004650.png,rest_32nd,rest32nd,,
004651.png,clef_8,clef8,,
004652.png,clef_bass,clefF,,
004653.png,clef_bass,clefF,,
004654.png,rest_whole,restWhole,,
004655.png,clef_bass,clefF,,
004656.png,clef_8,clef8,,
004657.png,clef_bass,clefF,,
004658.png,rest_whole,restWhole,,
004659.png,rest_whole,restWhole,,
004660.png,rest_whole,restWhole,,
004661.png,clef_bass,clefF,,
004662.png,clef_bass,clefF,,
004663.png,rest_32nd,rest32nd,,
004664.png,rest_32nd,rest32nd,,
004665.png,rest_half,restHalf,,
004666.png,rest_quarter,restQuarter,,
004667.png,rest_quarter,restQuarter,,
004668.png,rest_quarter,restQuarter,,
004669.png,rest_8th,rest8th,,
004670.png,rest_8th,rest8th,,
004671.png,rest_8th,rest8th,,
004672.png,dot,augmentationDot,,
004673.png,dot,augmentationDot,,
004674.png,dot,augmentationDot,,
004675.png,rest_8th,rest8th,,
004676.png,rest_8th,rest8th,,
004677.png,rest_quarter,restQuarter,,
004678.png,rest_8th,rest8th,,
004679.png,rest_quarter,restQuarter,,
004680.png,rest_whole,restWhole,,
004681.png,rest_whole,restWhole,,
004682.png,rest_whole,restWhole,,
004683.png,rest_whole,restWhole,,
004684.png,rest_whole,restWhole,,
004685.png,rest_whole,restWhole,,
004686.png,rest_whole,restWhole,,
004687.png,rest_whole,restWhole,,
004688.png,rest_whole,restWhole,,
004689.png,rest_whole,restWhole,,
004690.png,rest_8th,rest8th,,
004691.png,rest_8th,rest8th,,
004692.png,rest_8th,rest8th,,
004693.png,rest_8th,rest8th,,
004694.png,rest_half,restHalf,,
004695.png,rest_half,restHalf,,
004696.png,rest_8th,rest8th,,
004697.png,rest_half,restHalf,,
004698.png,rest_8th,rest8th,,
004699.png,rest_8th,rest8th,,
004700.png,rest_8th,rest8th,,
004701.png,rest_8th,rest8th,,
004702.png,rest_half,restHalf,,
004703.png,rest_whole,restWhole,,
004704.png,rest_whole,restWhole,,
004705.png,rest_whole,restWhole,,
004706.png,rest_whole,restWhole,,
004707.png,rest_whole,restWhole,,
004708.png,rest_whole,restWhole,,
004709.png,rest_whole,restWhole,,
004710.png,rest_whole,restWhole,,
004711.png,rest_whole,restWhole,,
004712.png,clef_bass,clefF,,
004713.png,clef_treble,clefG,,
004714.png,clef_treble,clefG,,
004715.png,clef_treble,clefG,,
004716.png,clef_bass,clefF,,
004717.png,clef_treble,clefG,,
004718.png,clef_treble,clefG,,
004719.png,clef_treble,clefG,,
004720.png,clef_alto,clefCAlto,,
004721.png,clef_8,clef8,,
004722.png,clef_bass,clefF,,
004723.png,clef_bass,clefF,,
004724.png,clef_treble,clefG,,
004725.png,clef_treble,clefG,,
004726.png,dot,augmentationDot,,
004727.png,dot,augmentationDot,,
004728.png,dot,augmentationDot,,
004729.png,dot,augmentationDot,,
004730.png,dot,augmentationDot,,
004731.png,rest_8th,rest8th,,
004732.png,dot,augmentationDot,,
004733.png,dot,augmentationDot,,
004734.png,rest_8th,rest8th,,
004735.png,rest_8th,rest8th,,
004736.png,rest_8th,rest8th,,
004737.png,clef_treble,clefG,,
004738.png,rest_8th,rest8th,,
004739.png,rest_8th,rest8th,,
004740.png,clef_bass,clefF,,
004741.png,clef_treble,clefG,,
004742.png,clef_bass,clefF,,
004743.png,clef_treble,clefG,,
004744.png,clef_treble,clefG,,
004745.png,clef_treble,clefG,,
004746.png,rest_8th,rest8th,,
004747.png,rest_8th,rest8th,,
004748.png,rest_8th,rest8th,,
004749.png,clef_alto,clefCAlto,,
004750.png,rest_8th,rest8th,,
004751.png,rest_8th,rest8th,,
004752.png,rest_8th,rest8th,,
004753.png,rest_8th,rest8th,,
004754.png,rest_8th,rest8th,,
004755.png,rest_8th,rest8th,,
004756.png,rest_8th,rest8th,,
004757.png,rest_8th,rest8th,,
004758.png,rest_8th,rest8th,,
004759.png,rest_8th,rest8th,,
004760.png,clef_treble,clefG,,
004761.png,clef_treble,clefG,,
004762.png,clef_bass,clefF,,
004763.png,clef_treble,clefG,,
004764.png,clef_bass,clefF,,
004765.png,clef_treble,clefG,,
004766.png,rest_8th,rest8th,,
004767.png,rest_8th,rest8th,,
004768.png,rest_8th,rest8th,,
004769.png,rest_8th,rest8th,,
004770.png,rest_8th,rest8th,,
004771.png,rest_8th,rest8th,,
004772.png,rest_8th,rest8th,,
004773.png,rest_8th,rest8th,,
004774.png,rest_8th,rest8th,,
004775.png,rest_8th,rest8th,,
004776.png,rest_8th,rest8th,,
004777.png,rest_8th,rest8th,,
004778.png,rest_8th,rest8th,,
004779.png,rest_8th,rest8th,,
004780.png,rest_8th,rest8th,,
004781.png,rest_8th,rest8th,,
004782.png,rest_8th,rest8th,,
004783.png,clef_treble,clefG,,
004784.png,clef_bass,clefF,,
004785.png,clef_treble,clefG,,
004786.png,clef_bass,clefF,,
004787.png,rest_8th,rest8th,,
004788.png,clef_treble,clefG,,
004789.png,clef_treble,clefG,,
004790.png,rest_8th,rest8th,,
004791.png,rest_8th,rest8th,,
004792.png,rest_8th,rest8th,,
004793.png,rest_8th,rest8th,,
004794.png,rest_8th,rest8th,,
004795.png,rest_8th,rest8th,,
004796.png,rest_8th,rest8th,,
004797.png,rest_8th,rest8th,,
004798.png,clef_alto,clefCAlto,,
004799.png,rest_8th,rest8th,,
004800.png,clef_treble,clefG,,
004801.png,rest_8th,rest8th,,
004802.png,rest_8th,rest8th,,
004803.png,clef_bass,clefF,,
004804.png,clef_treble,clefG,,
004805.png,clef_treble,clefG,,
004806.png,clef_bass,clefF,,
004807.png,clef_alto,clefCAlto,,
004808.png,clef_treble,clefG,,
004809.png,rest_8th,rest8th,,
004810.png,natural,accidentalNatural,2,
004811.png,natural,accidentalNatural,9,
004812.png,natural,accidentalNatural,2,
004813.png,natural,accidentalNatural,9,
004814.png,clef_treble,clefG,,
004815.png,rest_quarter,restQuarter,,
004816.png,time_2,timeSig2,,
004817.png,time_4,timeSig4,,
004818.png,time_2,timeSig2,,
004819.png,time_4,timeSig4,,
004820.png,clef_treble,clefG,,
004821.png,rest_8th,rest8th,,
004822.png,rest_8th,rest8th,,
004823.png,dot,augmentationDot,,
004824.png,dot,augmentationDot,,
004825.png,dot,augmentationDot,,
004826.png,dot,augmentationDot,,
004827.png,rest_quarter,restQuarter,,
004828.png,clef_treble,clefG,,
004829.png,clef_treble,clefG,,
004830.png,rest_8th,rest8th,,
004831.png,rest_8th,rest8th,,
004832.png,rest_8th,rest8th,,
004833.png,rest_8th,rest8th,,
004834.png,dot,augmentationDot,,
004835.png,dot,augmentationDot,,
004836.png,dot,augmentationDot,,
004837.png,clef_treble,clefG,,
004838.png,clef_treble,clefG,,
004839.png,rest_quarter,restQuarter,,
004840.png,rest_8th,rest8th,,
004841.png,rest_quarter,restQuarter,,
004842.png,dot,augmentationDot,,
004843.png,dot,augmentationDot,,
004844.png,dot,augmentationDot,,
004845.png,dot,augmentationDot,,
004846.png,dot,augmentationDot,,
004847.png,rest_8th,rest8th,,
004848.png,clef_treble,clefG,,
004849.png,clef_treble,clefG,,
004850.png,rest_8th,rest8th,,
004851.png,rest_8th,rest8th,,
004852.png,rest_8th,rest8th,,
004853.png,dot,augmentationDot,,
004854.png,clef_treble,clefG,,
004855.png,clef_treble,clefG,,
004856.png,dot,augmentationDot,,
004857.png,dot,augmentationDot,,
004858.png,dot,augmentationDot,,
004859.png,rest_quarter,restQuarter,,
004860.png,rest_quarter,restQuarter,,
004861.png,time_3,timeSig3,,
004862.png,time_8,timeSig8,,
004863.png,time_3,timeSig3,,
004864.png,time_8,timeSig8,,
004865.png,rest_8th,rest8th,,
004866.png,rest_8th,rest8th,,
004867.png,clef_treble,clefG,,
004868.png,clef_treble,clefG,,
004869.png,sharp,accidentalSharp,4,
004870.png,sharp,accidentalSharp,-5,
004871.png,sharp,accidentalSharp,1,
004872.png,sharp,accidentalSharp,4,
004873.png,sharp,accidentalSharp,1,
004874.png,sharp,accidentalSharp,-5,
004875.png,sharp,accidentalSharp,1,
004876.png,sharp,accidentalSharp,-5,
004877.png,sharp,accidentalSharp,1,
004878.png,sharp,accidentalSharp,-3,
004879.png,sharp,accidentalSharp,-3,
004880.png,sharp,accidentalSharp,1,
004881.png,sharp,accidentalSharp,-3,
004882.png,sharp,accidentalSharp,1,
004883.png,sharp,accidentalSharp,-3,
004884.png,sharp,accidentalSharp,-3,
004885.png,sharp,accidentalSharp,-5,
004886.png,sharp,accidentalSharp,-3,
004887.png,sharp,accidentalSharp,1,
004888.png,rest_whole,restWhole,,
004889.png,rest_whole,restWhole,,
004890.png,rest_whole,restWhole,,
004891.png,rest_whole,restWhole,,
004892.png,rest_whole,restWhole,,
004893.png,rest_whole,restWhole,,
004894.png,clef_treble,clefG,,
004895.png,rest_whole,restWhole,,
004896.png,rest_whole,restWhole,,
004897.png,rest_whole,restWhole,,
004898.png,clef_bass,clefF,,
004899.png,time_cut,timeSigCutCommon,,
004900.png,time_cut,timeSigCutCommon,,
004901.png,clef_treble,clefG,,
004902.png,time_cut,timeSigCutCommon,,
004903.png,clef_treble,clefG,,
004904.png,time_cut,timeSigCutCommon,,
004905.png,rest_whole,restWhole,,
004906.png,rest_whole,restWhole,,
004907.png,clef_treble,clefG,,
004908.png,clef_treble,clefG,,
004909.png,rest_whole,restWhole,,
004910.png,clef_bass,clefF,,
004911.png,clef_treble,clefG,,
004912.png,dot,augmentationDot,,
004913.png,clef_treble,clefG,,
004914.png,clef_bass,clefF,,
004915.png,clef_treble,clefG,,
004916.png,clef_treble,clefG,,
004917.png,rest_half,restHalf,,
004918.png,rest_quarter,restQuarter,,
004919.png,rest_quarter,restQuarter,,
004920.png,rest_quarter,restQuarter,,
004921.png,rest_8th,rest8th,,
004922.png,rest_8th,rest8th,,
004923.png,rest_8th,rest8th,,
004924.png,dot,augmentationDot,,
004925.png,dot,augmentationDot,,
004926.png,dot,augmentationDot,,
004927.png,rest_8th,rest8th,,
004928.png,rest_8th,rest8th,,
004929.png,rest_quarter,restQuarter,,
004930.png,rest_8th,rest8th,,
004931.png,rest_quarter,restQuarter,,
004932.png,rest_whole,restWhole,,
004933.png,rest_whole,restWhole,,
004934.png,rest_whole,restWhole,,
004935.png,rest_whole,restWhole,,
004936.png,rest_whole,restWhole,,
004937.png,rest_whole,restWhole,,
004938.png,rest_whole,restWhole,,
004939.png,rest_whole,restWhole,,
004940.png,rest_whole,restWhole,,
004941.png,rest_whole,restWhole,,
004942.png,rest_8th,rest8th,,
004943.png,rest_8th,rest8th,,
004944.png,rest_8th,rest8th,,
004945.png,rest_8th,rest8th,,
004946.png,rest_half,restHalf,,
004947.png,rest_half,restHalf,,
004948.png,rest_8th,rest8th,,
004949.png,rest_half,restHalf,,
004950.png,rest_8th,rest8th,,
004951.png,rest_8th,rest8th,,
004952.png,rest_8th,rest8th,,
004953.png,rest_8th,rest8th,,
004954.png,rest_half,restHalf,,
004955.png,rest_whole,restWhole,,
004956.png,rest_whole,restWhole,,
004957.png,rest_whole,restWhole,,
004958.png,rest_whole,restWhole,,
004959.png,rest_whole,restWhole,,
004960.png,rest_whole,restWhole,,
004961.png,rest_whole,restWhole,,
004962.png,rest_whole,restWhole,,
004963.png,rest_whole,restWhole,,
004964.png,clef_bass,clefF,,
004965.png,clef_treble,clefG,,
004966.png,clef_treble,clefG,,
004967.png,clef_treble,clefG,,
004968.png,clef_bass,clefF,,
004969.png,clef_treble,clefG,,
004970.png,clef_treble,clefG,,
004971.png,clef_treble,clefG,,
004972.png,clef_alto,clefCAlto,,
004973.png,clef_8,clef8,,
004974.png,clef_bass,clefF,,
004975.png,clef_bass,clefF,,
004976.png,clef_treble,clefG,,
004977.png,clef_treble,clefG,,
004978.png,dot,augmentationDot,,
004979.png,dot,augmentationDot,,
004980.png,dot,augmentationDot,,
004981.png,dot,augmentationDot,,
004982.png,dot,augmentationDot,,
004983.png,rest_8th,rest8th,,
004984.png,dot,augmentationDot,,
004985.png,dot,augmentationDot,,
004986.png,natural,accidentalNatural,4,
004987.png,natural,accidentalNatural,5,
004988.png,natural,accidentalNatural,5,
004989.png,natural,accidentalNatural,5,
004990.png,natural,accidentalNatural,5,
004991.png,natural,accidentalNatural,5,
004992.png,natural,accidentalNatural,-1,
004993.png,natural,accidentalNatural,4,
004994.png,natural,accidentalNatural,4,
004995.png,clef_treble,clefG,,
004996.png,clef_treble,clefG,,
004997.png,clef_bass,clefF,,
004998.png,clef_bass,clefF,,
004999.png,rest_quarter,restQuarter,,
005000.png,rest_quarter,restQuarter,,
005001.png,rest_quarter,restQuarter,,
005002.png,rest_quarter,restQuarter,,
005003.png,time_6,timeSig6,,
005004.png,time_8,timeSig8,,
005005.png,time_6,timeSig6,,
005006.png,time_8,timeSig8,,
005007.png,time_6,timeSig6,,
005008.png,time_8,timeSig8,,
005009.png,time_6,timeSig6,,
005010.png,time_8,timeSig8,,
005011.png,dot,augmentationDot,,
005012.png,dot,augmentationDot,,
005013.png,dot,augmentationDot,,
005014.png,dot,augmentationDot,,
005015.png,dot,augmentationDot,,
005016.png,time_9,timeSig9,,
005017.png,time_8,timeSig8,,
005018.png,time_9,timeSig9,,
005019.png,time_8,timeSig8,,
005020.png,time_9,timeSig9,,
005021.png,time_8,timeSig8,,
005022.png,time_9,timeSig9,,
005023.png,time_8,timeSig8,,
005024.png,clef_bass,clefF,,
005025.png,clef_bass,clefF,,
005026.png,clef_treble,clefG,,
005027.png,clef_treble,clefG,,
005028.png,time_9,timeSig9,,
005029.png,time_8,timeSig8,,
005030.png,time_9,timeSig9,,
005031.png,time_8,timeSig8,,
005032.png,time_9,timeSig9,,
005033.png,time_8,timeSig8,,
005034.png,time_9,timeSig9,,
005035.png,time_8,timeSig8,,
005036.png,time_6,timeSig6,,
005037.png,time_8,timeSig8,,
005038.png,time_6,timeSig6,,
005039.png,time_8,timeSig8,,
005040.png,time_6,timeSig6,,
005041.png,time_8,timeSig8,,
005042.png,time_6,timeSig6,,
005043.png,time_8,timeSig8,,
005044.png,time_9,timeSig9,,
005045.png,time_8,timeSig8,,
005046.png,time_9,timeSig9,,
005047.png,time_8,timeSig8,,
005048.png,time_9,timeSig9,,
005049.png,time_8,timeSig8,,
005050.png,time_9,timeSig9,,
005051.png,time_8,timeSig8,,
005052.png,dot,augmentationDot,,
005053.png,dot,augmentationDot,,
005054.png,time_9,timeSig9,,
005055.png,time_8,timeSig8,,
005056.png,time_9,timeSig9,,
005057.png,time_8,timeSig8,,
005058.png,clef_treble,clefG,,
005059.png,clef_treble,clefG,,
005060.png,time_9,timeSig9,,
005061.png,time_8,timeSig8,,
005062.png,clef_bass,clefF,,
005063.png,clef_bass,clefF,,
005064.png,time_9,timeSig9,,
005065.png,time_8,timeSig8,,
005066.png,dot,augmentationDot,,
005067.png,dot,augmentationDot,,
005068.png,dot,augmentationDot,,
005069.png,dot,augmentationDot,,
005070.png,dot,augmentationDot,,
005071.png,dot,augmentationDot,,
005072.png,rest_quarter,restQuarter,,
005073.png,rest_quarter,restQuarter,,
005074.png,rest_quarter,restQuarter,,
005075.png,rest_quarter,restQuarter,,
005076.png,rest_quarter,restQuarter,,
005077.png,rest_16th,rest16th,,
005078.png,time_9,timeSig9,,
005079.png,time_8,timeSig8,,
005080.png,time_9,timeSig9,,
005081.png,time_8,timeSig8,,
005082.png,time_9,timeSig9,,
005083.png,time_8,timeSig8,,
005084.png,time_9,timeSig9,,
005085.png,time_8,timeSig8,,
005086.png,time_9,timeSig9,,
005087.png,time_8,timeSig8,,
005088.png,time_9,timeSig9,,
005089.png,time_8,timeSig8,,
005090.png,time_9,timeSig9,,
005091.png,time_8,timeSig8,,
005092.png,time_9,timeSig9,,
005093.png,time_8,timeSig8,,
005094.png,clef_treble,clefG,,
005095.png,clef_treble,clefG,,
005096.png,clef_bass,clefF,,
005097.png,clef_bass,clefF,,
005098.png,dot,augmentationDot,,
005099.png,dot,augmentationDot,,
005100.png,time_6,timeSig6,,
005101.png,time_8,timeSig8,,
005102.png,time_6,timeSig6,,
005103.png,time_8,timeSig8,,
005104.png,time_6,timeSig6,,
005105.png,time_8,timeSig8,,
005106.png,time_6,timeSig6,,
005107.png,time_8,timeSig8,,
005108.png,dot,augmentationDot,,
005109.png,natural,accidentalNatural,1,
005110.png,natural,accidentalNatural,3,
005111.png,natural,accidentalNatural,1,
005112.png,natural,accidentalNatural,4,
005113.png,natural,accidentalNatural,6,
005114.png,natural,accidentalNatural,7,
005115.png,flat,accidentalFlat,7,
005116.png,natural,accidentalNatural,7,
005117.png,natural,accidentalNatural,8,
005118.png,natural,accidentalNatural,-4,
005119.png,flat,accidentalFlat,7,
005120.png,flat,accidentalFlat,2,
005121.png,flat,accidentalFlat,2,
005122.png,natural,accidentalNatural,-3,
005123.png,flat,accidentalFlat,0,
005124.png,natural,accidentalNatural,-1,
005125.png,flat,accidentalFlat,7,
005126.png,flat,accidentalFlat,2,
005127.png,flat,accidentalFlat,7,
005128.png,natural,accidentalNatural,-1,
005129.png,natural,accidentalNatural,4,
005130.png,natural,accidentalNatural,3,
005131.png,flat,accidentalFlat,2,
005132.png,flat,accidentalFlat,2,
005133.png,natural,accidentalNatural,3,
005134.png,flat,accidentalFlat,0,
005135.png,flat,accidentalFlat,2,
005136.png,flat,accidentalFlat,2,
005137.png,flat,accidentalFlat,0,
005138.png,rest_8th,rest8th,,
005139.png,clef_treble,clefG,,
005140.png,clef_bass,clefF,,
005141.png,rest_8th,rest8th,,
005142.png,clef_bass,clefF,,
005143.png,clef_treble,clefG,,
005144.png,clef_treble,clefG,,
005145.png,clef_bass,clefF,,
005146.png,clef_bass,clefF,,
005147.png,rest_8th,rest8th,,
005148.png,clef_treble,clefG,,
005149.png,rest_8th,rest8th,,
005150.png,rest_8th,rest8th,,
005151.png,clef_bass,clefF,,
005152.png,rest_8th,rest8th,,
005153.png,clef_treble,clefG,,
005154.png,natural,accidentalNatural,-5,
005155.png,sharp,accidentalSharp,-5,
005156.png,sharp,accidentalSharp,3,
005157.png,time_4,timeSig4,,
005158.png,time_4,timeSig4,,
005159.png,clef_treble,clefG,,
005160.png,time_4,timeSig4,,
005161.png,time_4,timeSig4,,
005162.png,clef_bass,clefF,,
005163.png,clef_8,clef8,,
005164.png,time_4,timeSig4,,
005165.png,time_4,timeSig4,,
005166.png,time_4,timeSig4,,
005167.png,time_4,timeSig4,,
005168.png,time_4,timeSig4,,
005169.png,time_4,timeSig4,,
005170.png,clef_8,clef8,,
005171.png,rest_whole,restWhole,,
005172.png,rest_whole,restWhole,,
005173.png,rest_whole,restWhole,,
005174.png,rest_whole,restWhole,,
005175.png,rest_whole,restWhole,,
005176.png,rest_whole,restWhole,,
005177.png,rest_whole,restWhole,,
005178.png,rest_whole,restWhole,,
005179.png,clef_treble,clefG,,
005180.png,clef_8,clef8,,
005181.png,time_4,timeSig4,,
005182.png,time_4,timeSig4,,
005183.png,clef_treble,clefG,,
005184.png,clef_8,clef8,,
005185.png,clef_bass,clefF,,
005186.png,clef_treble,clefG,,
005187.png,rest_whole,restWhole,,
005188.png,rest_whole,restWhole,,
005189.png,rest_whole,restWhole,,
005190.png,rest_whole,restWhole,,
005191.png,clef_treble,clefG,,
005192.png,clef_8,clef8,,
005193.png,clef_treble,clefG,,
005194.png,clef_8,clef8,,
005195.png,double_sharp,accidentalDoubleSharp,3,
005196.png,double_sharp,accidentalDoubleSharp,-4,
005197.png,double_sharp,accidentalDoubleSharp,-4,
005198.png,double_sharp,accidentalDoubleSharp,3,
005199.png,natural,accidentalNatural,10,
005200.png,natural,accidentalNatural,4,
005201.png,natural,accidentalNatural,4,
005202.png,natural,accidentalNatural,4,
005203.png,natural,accidentalNatural,4,
005204.png,natural,accidentalNatural,3,
005205.png,natural,accidentalNatural,3,
005206.png,natural,accidentalNatural,3,
005207.png,natural,accidentalNatural,3,
005208.png,natural,accidentalNatural,10,
005209.png,natural,accidentalNatural,-10,
005210.png,natural,accidentalNatural,-10,
005211.png,natural,accidentalNatural,10,
005212.png,natural,accidentalNatural,-10,
005213.png,natural,accidentalNatural,10,
005214.png,natural,accidentalNatural,0,
005215.png,natural,accidentalNatural,5,
005216.png,natural,accidentalNatural,6,
005217.png,natural,accidentalNatural,5,
005218.png,natural,accidentalNatural,1,
005219.png,rest_half,restHalf,,
005220.png,rest_half,restHalf,,
005221.png,rest_half,restHalf,,
005222.png,rest_half,restHalf,,
005223.png,rest_half,restHalf,,
005224.png,clef_bass,clefF,,
005225.png,rest_half,restHalf,,
005226.png,clef_bass,clefF,,
005227.png,rest_half,restHalf,,
005228.png,rest_half,restHalf,,
005229.png,clef_tenor,clefCTenor,,
005230.png,clef_bass,clefF,,
005231.png,clef_bass,clefF,,
005232.png,clef_bass,clefF,,
005233.png,clef_bass,clefF,,
005234.png,clef_8,clef8,,
005235.png,clef_bass,clefF,,
005236.png,clef_8,clef8,,
005237.png,clef_bass,clefF,,
005238.png,clef_8,clef8,,
005239.png,rest_whole,restWhole,,
005240.png,rest_whole,restWhole,,
005241.png,clef_bass,clefF,,
005242.png,clef_bass,clefF,,
005243.png,clef_8,clef8,,
005244.png,clef_bass,clefF,,
005245.png,flat,accidentalFlat,9,
005246.png,flat,accidentalFlat,1,
005247.png,flat,accidentalFlat,-5,
005248.png,natural,accidentalNatural,4,
005249.png,natural,accidentalNatural,-4,
005250.png,flat,accidentalFlat,10,
005251.png,natural,accidentalNatural,4,
005252.png,natural,accidentalNatural,4,
005253.png,natural,accidentalNatural,-3,
005254.png,natural,accidentalNatural,-7,
005255.png,natural,accidentalNatural,1,
005256.png,rest_8th,rest8th,,
005257.png,rest_half,restHalf,,
005258.png,rest_half,restHalf,,
005259.png,rest_half,restHalf,,
005260.png,rest_quarter,restQuarter,,
005261.png,rest_8th,rest8th,,
005262.png,rest_quarter,restQuarter,,
005263.png,rest_quarter,restQuarter,,
005264.png,rest_8th,rest8th,,
005265.png,rest_8th,rest8th,,
005266.png,rest_whole,restWhole,,
005267.png,rest_whole,restWhole,,
005268.png,rest_8th,rest8th,,
005269.png,rest_8th,rest8th,,
005270.png,rest_8th,rest8th,,
005271.png,rest_quarter,restQuarter,,
005272.png,rest_8th,rest8th,,
005273.png,rest_8th,rest8th,,
005274.png,rest_quarter,restQuarter,,
005275.png,dot,augmentationDot,,
005276.png,clef_bass,clefF,,
005277.png,clef_bass,clefF,,
005278.png,clef_bass,clefF,,
005279.png,clef_treble,clefG,,
005280.png,rest_quarter,restQuarter,,
005281.png,rest_quarter,restQuarter,,
005282.png,rest_quarter,restQuarter,,
005283.png,dot,augmentationDot,,
005284.png,dot,augmentationDot,,
005285.png,rest_8th,rest8th,,
005286.png,rest_half,restHalf,,
005287.png,rest_half,restHalf,,
005288.png,rest_quarter,restQuarter,,
005289.png,dot,augmentationDot,,
005290.png,rest_8th,rest8th,,
005291.png,rest_half,restHalf,,
005292.png,rest_8th,rest8th,,
005293.png,rest_8th,rest8th,,
005294.png,rest_8th,rest8th,,
005295.png,rest_8th,rest8th,,
005296.png,rest_8th,rest8th,,
005297.png,rest_quarter,restQuarter,,
005298.png,rest_8th,rest8th,,
005299.png,rest_8th,rest8th,,
005300.png,rest_8th,rest8th,,
005301.png,rest_8th,rest8th,,
005302.png,rest_half,restHalf,,
005303.png,rest_quarter,restQuarter,,
005304.png,rest_8th,rest8th,,
005305.png,rest_8th,rest8th,,
005306.png,rest_quarter,restQuarter,,
005307.png,rest_8th,rest8th,,
005308.png,rest_half,restHalf,,
005309.png,rest_8th,rest8th,,
005310.png,rest_8th,rest8th,,
005311.png,clef_bass,clefF,,
005312.png,clef_bass,clefF,,
005313.png,clef_bass,clefF,,
005314.png,rest_8th,rest8th,,
005315.png,clef_treble,clefG,,
005316.png,rest_8th,rest8th,,
005317.png,rest_8th,rest8th,,
005318.png,rest_quarter,restQuarter,,
005319.png,rest_8th,rest8th,,
005320.png,rest_quarter,restQuarter,,
005321.png,rest_8th,rest8th,,
005322.png,rest_8th,rest8th,,
005323.png,rest_8th,rest8th,,
005324.png,rest_8th,rest8th,,
005325.png,rest_8th,rest8th,,
005326.png,rest_8th,rest8th,,
005327.png,rest_quarter,restQuarter,,
005328.png,rest_8th,rest8th,,
005329.png,rest_quarter,restQuarter,,
005330.png,rest_quarter,restQuarter,,
005331.png,rest_quarter,restQuarter,,
005332.png,rest_8th,rest8th,,
005333.png,rest_8th,rest8th,,
005334.png,rest_8th,rest8th,,
005335.png,rest_whole,restWhole,,
005336.png,rest_whole,restWhole,,
005337.png,rest_whole,restWhole,,
005338.png,rest_whole,restWhole,,
005339.png,rest_whole,restWhole,,
005340.png,rest_whole,restWhole,,
005341.png,rest_quarter,restQuarter,,
005342.png,rest_half,restHalf,,
005343.png,clef_bass,clefF,,
005344.png,clef_bass,clefF,,
005345.png,clef_bass,clefF,,
005346.png,rest_half,restHalf,,
005347.png,clef_treble,clefG,,
005348.png,dot,augmentationDot,,
005349.png,rest_quarter,restQuarter,,
005350.png,rest_quarter,restQuarter,,
005351.png,rest_quarter,restQuarter,,
005352.png,rest_half,restHalf,,
005353.png,rest_8th,rest8th,,
005354.png,rest_8th,rest8th,,
005355.png,rest_half,restHalf,,
005356.png,rest_quarter,restQuarter,,
005357.png,rest_quarter,restQuarter,,
005358.png,sharp,accidentalSharp,5,
005359.png,sharp,accidentalSharp,5,
005360.png,sharp,accidentalSharp,5,
005361.png,sharp,accidentalSharp,-2,
005362.png,sharp,accidentalSharp,5,
005363.png,sharp,accidentalSharp,-2,
005364.png,sharp,accidentalSharp,-2,
005365.png,dot,augmentationDot,,
005366.png,dot,augmentationDot,,
005367.png,dot,augmentationDot,,
005368.png,dot,augmentationDot,,
005369.png,dot,augmentationDot,,
005370.png,dot,augmentationDot,,
005371.png,dot,augmentationDot,,
005372.png,dot,augmentationDot,,
005373.png,clef_treble,clefG,,
005374.png,clef_treble,clefG,,
005375.png,time_3,timeSig3,,
005376.png,time_3,timeSig3,,
005377.png,time_2,timeSig2,,
005378.png,time_3,timeSig3,,
005379.png,time_3,timeSig3,,
005380.png,time_2,timeSig2,,
005381.png,dot,augmentationDot,,
005382.png,dot,augmentationDot,,
005383.png,dot,augmentationDot,,
005384.png,dot,augmentationDot,,
005385.png,clef_treble,clefG,,
005386.png,clef_treble,clefG,,
005387.png,clef_treble,clefG,,
005388.png,clef_treble,clefG,,
005389.png,clef_treble,clefG,,
005390.png,clef_treble,clefG,,
005391.png,clef_treble,clefG,,
005392.png,clef_treble,clefG,,
005393.png,flat,accidentalFlat,2,
005394.png,flat,accidentalFlat,1,
005395.png,sharp,accidentalSharp,3,
005396.png,flat,accidentalFlat,-1,
005397.png,sharp,accidentalSharp,3,
005398.png,sharp,accidentalSharp,-2,
005399.png,flat,accidentalFlat,2,
005400.png,sharp,accidentalSharp,5,
005401.png,sharp,accidentalSharp,3,
005402.png,sharp,accidentalSharp,3,
005403.png,sharp,accidentalSharp,-2,
005404.png,flat,accidentalFlat,-1,
005405.png,flat,accidentalFlat,3,
005406.png,flat,accidentalFlat,-4,
005407.png,flat,accidentalFlat,0,
005408.png,flat,accidentalFlat,3,
005409.png,rest_8th,rest8th,,
005410.png,rest_8th,rest8th,,
005411.png,clef_alto,clefCAlto,,
005412.png,dot,augmentationDot,,
005413.png,dot,augmentationDot,,
005414.png,dot,augmentationDot,,
005415.png,rest_half,restHalf,,
005416.png,rest_quarter,restQuarter,,
005417.png,rest_quarter,restQuarter,,
005418.png,rest_quarter,restQuarter,,
005419.png,rest_quarter,restQuarter,,
005420.png,rest_quarter,restQuarter,,
005421.png,rest_quarter,restQuarter,,
005422.png,rest_quarter,restQuarter,,
005423.png,rest_half,restHalf,,
005424.png,rest_half,restHalf,,
005425.png,rest_half,restHalf,,
005426.png,rest_quarter,restQuarter,,
005427.png,rest_quarter,restQuarter,,
005428.png,rest_quarter,restQuarter,,
005429.png,rest_quarter,restQuarter,,
005430.png,rest_quarter,restQuarter,,
005431.png,rest_quarter,restQuarter,,
005432.png,rest_quarter,restQuarter,,
005433.png,rest_quarter,restQuarter,,
005434.png,rest_quarter,restQuarter,,
005435.png,rest_quarter,restQuarter,,
005436.png,rest_quarter,restQuarter,,
005437.png,rest_quarter,restQuarter,,
005438.png,rest_quarter,restQuarter,,
005439.png,rest_quarter,restQuarter,,
005440.png,rest_quarter,restQuarter,,
005441.png,rest_whole,restWhole,,
005442.png,rest_whole,restWhole,,
005443.png,rest_whole,restWhole,,
005444.png,rest_whole,restWhole,,
005445.png,rest_whole,restWhole,,
005446.png,rest_whole,restWhole,,
005447.png,rest_whole,restWhole,,
005448.png,rest_whole,restWhole,,
005449.png,rest_whole,restWhole,,
005450.png,rest_whole,restWhole,,
005451.png,rest_whole,restWhole,,
005452.png,rest_whole,restWhole,,
005453.png,rest_whole,restWhole,,
005454.png,rest_whole,restWhole,,
005455.png,rest_whole,restWhole,,
005456.png,rest_whole,restWhole,,
005457.png,rest_whole,restWhole,,
005458.png,rest_whole,restWhole,,
005459.png,rest_whole,restWhole,,
005460.png,rest_whole,restWhole,,
005461.png,rest_whole,restWhole,,
005462.png,rest_whole,restWhole,,
005463.png,rest_whole,restWhole,,
005464.png,rest_whole,restWhole,,
005465.png,rest_whole,restWhole,,
005466.png,rest_whole,restWhole,,
005467.png,rest_whole,restWhole,,
005468.png,rest_whole,restWhole,,
005469.png,rest_whole,restWhole,,
005470.png,rest_whole,restWhole,,
005471.png,rest_whole,restWhole,,
005472.png,rest_whole,restWhole,,
005473.png,rest_whole,restWhole,,
005474.png,rest_whole,restWhole,,
005475.png,rest_whole,restWhole,,
005476.png,rest_whole,restWhole,,
005477.png,rest_whole,restWhole,,
005478.png,rest_whole,restWhole,,
005479.png,rest_whole,restWhole,,
005480.png,rest_whole,restWhole,,
005481.png,rest_whole,restWhole,,
005482.png,rest_whole,restWhole,,
005483.png,rest_whole,restWhole,,
005484.png,rest_whole,restWhole,,
005485.png,rest_whole,restWhole,,
005486.png,rest_whole,restWhole,,
005487.png,rest_whole,restWhole,,
005488.png,rest_whole,restWhole,,
005489.png,rest_whole,restWhole,,
005490.png,rest_whole,restWhole,,
005491.png,rest_whole,restWhole,,
005492.png,rest_whole,restWhole,,
005493.png,rest_whole,restWhole,,
005494.png,rest_whole,restWhole,,
005495.png,rest_whole,restWhole,,
005496.png,rest_whole,restWhole,,
005497.png,rest_whole,restWhole,,
005498.png,rest_whole,restWhole,,
005499.png,rest_whole,restWhole,,
005500.png,rest_whole,restWhole,,
005501.png,rest_whole,restWhole,,
005502.png,rest_whole,restWhole,,
005503.png,rest_whole,restWhole,,
005504.png,rest_whole,restWhole,,
005505.png,rest_whole,restWhole,,
005506.png,rest_whole,restWhole,,
005507.png,rest_whole,restWhole,,
005508.png,rest_whole,restWhole,,
005509.png,rest_whole,restWhole,,
005510.png,rest_whole,restWhole,,
005511.png,rest_whole,restWhole,,
005512.png,rest_whole,restWhole,,
005513.png,rest_whole,restWhole,,
005514.png,rest_whole,restWhole,,
005515.png,rest_whole,restWhole,,
005516.png,rest_whole,restWhole,,
005517.png,rest_whole,restWhole,,
005518.png,rest_whole,restWhole,,
005519.png,rest_whole,restWhole,,
005520.png,rest_whole,restWhole,,
005521.png,rest_whole,restWhole,,
005522.png,rest_whole,restWhole,,
005523.png,rest_whole,restWhole,,
005524.png,rest_whole,restWhole,,
005525.png,rest_whole,restWhole,,
005526.png,rest_whole,restWhole,,
005527.png,rest_whole,restWhole,,
005528.png,rest_whole,restWhole,,
005529.png,rest_whole,restWhole,,
005530.png,rest_whole,restWhole,,
005531.png,rest_whole,restWhole,,
005532.png,rest_whole,restWhole,,
005533.png,rest_whole,restWhole,,
005534.png,dot,augmentationDot,,
005535.png,dot,augmentationDot,,
005536.png,dot,augmentationDot,,
005537.png,dot,augmentationDot,,
005538.png,dot,augmentationDot,,
005539.png,rest_quarter,restQuarter,,
005540.png,rest_quarter,restQuarter,,
005541.png,rest_quarter,restQuarter,,
005542.png,rest_quarter,restQuarter,,
005543.png,dot,augmentationDot,,
005544.png,dot,augmentationDot,,
005545.png,rest_quarter,restQuarter,,
005546.png,rest_quarter,restQuarter,,
005547.png,rest_quarter,restQuarter,,
005548.png,rest_half,restHalf,,
005549.png,rest_half,restHalf,,
005550.png,dot,augmentationDot,,
005551.png,rest_quarter,restQuarter,,
005552.png,clef_treble,clefG,,
005553.png,clef_bass,clefF,,
005554.png,clef_bass,clefF,,
005555.png,clef_treble,clefG,,
005556.png,clef_alto,clefCAlto,,
005557.png,rest_whole,restWhole,,
005558.png,rest_whole,restWhole,,
005559.png,rest_whole,restWhole,,
005560.png,clef_treble,clefG,,
005561.png,clef_8,clef8,,
005562.png,clef_treble,clefG,,
005563.png,clef_8,clef8,,
005564.png,clef_treble,clefG,,
005565.png,clef_treble,clefG,,
005566.png,clef_bass,clefF,,
005567.png,clef_bass,clefF,,
005568.png,clef_8,clef8,,
005569.png,clef_treble,clefG,,
005570.png,clef_treble,clefG,,
005571.png,clef_alto,clefCAlto,,
005572.png,clef_bass,clefF,,
005573.png,clef_treble,clefG,,
005574.png,clef_bass,clefF,,
005575.png,rest_whole,restWhole,,
005576.png,clef_treble,clefG,,
005577.png,clef_treble,clefG,,
005578.png,clef_alto,clefCAlto,,
005579.png,rest_whole,restWhole,,
005580.png,rest_whole,restWhole,,
005581.png,rest_whole,restWhole,,
005582.png,rest_whole,restWhole,,
005583.png,rest_whole,restWhole,,
005584.png,rest_whole,restWhole,,
005585.png,rest_whole,restWhole,,
005586.png,rest_whole,restWhole,,
005587.png,rest_whole,restWhole,,
005588.png,rest_whole,restWhole,,
005589.png,rest_whole,restWhole,,
005590.png,rest_whole,restWhole,,
005591.png,rest_whole,restWhole,,
005592.png,rest_whole,restWhole,,
005593.png,rest_whole,restWhole,,
005594.png,rest_whole,restWhole,,
005595.png,rest_whole,restWhole,,
005596.png,rest_whole,restWhole,,
005597.png,rest_whole,restWhole,,
005598.png,rest_whole,restWhole,,
005599.png,rest_whole,restWhole,,
005600.png,rest_whole,restWhole,,
005601.png,rest_whole,restWhole,,
005602.png,rest_whole,restWhole,,
005603.png,rest_whole,restWhole,,
005604.png,rest_whole,restWhole,,
005605.png,rest_whole,restWhole,,
005606.png,rest_whole,restWhole,,
005607.png,rest_whole,restWhole,,
005608.png,rest_quarter,restQuarter,,
005609.png,rest_quarter,restQuarter,,
005610.png,dot,augmentationDot,,
005611.png,dot,augmentationDot,,
005612.png,clef_bass,clefF,,
005613.png,clef_bass,clefF,,
005614.png,clef_8,clef8,,
005615.png,rest_half,restHalf,,
005616.png,rest_quarter,restQuarter,,
005617.png,rest_quarter,restQuarter,,
005618.png,rest_quarter,restQuarter,,
005619.png,rest_quarter,restQuarter,,
005620.png,rest_quarter,restQuarter,,
005621.png,dot,augmentationDot,,
005622.png,dot,augmentationDot,,
005623.png,dot,augmentationDot,,
005624.png,rest_quarter,restQuarter,,
005625.png,rest_quarter,restQuarter,,
005626.png,rest_quarter,restQuarter,,
005627.png,rest_quarter,restQuarter,,
005628.png,rest_quarter,restQuarter,,
005629.png,rest_quarter,restQuarter,,
005630.png,rest_quarter,restQuarter,,
005631.png,rest_quarter,restQuarter,,
005632.png,rest_half,restHalf,,
005633.png,rest_quarter,restQuarter,,
005634.png,rest_quarter,restQuarter,,
005635.png,rest_quarter,restQuarter,,
005636.png,rest_quarter,restQuarter,,
005637.png,rest_half,restHalf,,
005638.png,rest_half,restHalf,,
005639.png,dot,augmentationDot,,
005640.png,natural,accidentalNatural,5,
005641.png,natural,accidentalNatural,5,
005642.png,natural,accidentalNatural,2,
005643.png,rest_8th,rest8th,,
005644.png,dot,augmentationDot,,
005645.png,rest_8th,rest8th,,
005646.png,time_3,timeSig3,,
005647.png,time_4,timeSig4,,
005648.png,clef_bass,clefF,,
005649.png,time_3,timeSig3,,
005650.png,time_4,timeSig4,,
005651.png,clef_treble,clefG,,
005652.png,rest_8th,rest8th,,
005653.png,dot,augmentationDot,,
005654.png,dot,augmentationDot,,
005655.png,dot,augmentationDot,,
005656.png,dot,augmentationDot,,
005657.png,dot,augmentationDot,,
005658.png,dot,augmentationDot,,
005659.png,dot,augmentationDot,,
005660.png,clef_bass,clefF,,
005661.png,clef_treble,clefG,,
005662.png,dot,augmentationDot,,
005663.png,dot,augmentationDot,,
005664.png,dot,augmentationDot,,
005665.png,dot,augmentationDot,,
005666.png,dot,augmentationDot,,
005667.png,rest_half,restHalf,,
005668.png,dot,augmentationDot,,
005669.png,rest_half,restHalf,,
005670.png,rest_8th,rest8th,,
005671.png,clef_bass,clefF,,
005672.png,clef_treble,clefG,,
005673.png,rest_half,restHalf,,
005674.png,rest_quarter,restQuarter,,
005675.png,rest_8th,rest8th,,
005676.png,dot,augmentationDot,,
005677.png,clef_treble,clefG,,
005678.png,clef_bass,clefF,,
005679.png,dot,augmentationDot,,
005680.png,dot,augmentationDot,,
005681.png,rest_8th,rest8th,,
005682.png,rest_8th,rest8th,,
005683.png,clef_bass,clefF,,
005684.png,clef_treble,clefG,,
005685.png,rest_8th,rest8th,,
005686.png,natural,accidentalNatural,-2,
005687.png,natural,accidentalNatural,-2,
005688.png,flat,accidentalFlat,3,
005689.png,sharp,accidentalSharp,-1,
005690.png,sharp,accidentalSharp,6,
005691.png,sharp,accidentalSharp,-1,
005692.png,rest_half,restHalf,,
005693.png,rest_quarter,restQuarter,,
005694.png,rest_quarter,restQuarter,,
005695.png,dot,augmentationDot,,
005696.png,rest_8th,rest8th,,
005697.png,clef_tenor,clefCTenor,,
005698.png,rest_whole,restWhole,,
005699.png,rest_quarter,restQuarter,,
005700.png,dot,augmentationDot,,
005701.png,dot,augmentationDot,,
005702.png,dot,augmentationDot,,
005703.png,clef_treble,clefG,,
005704.png,clef_treble,clefG,,
005705.png,clef_bass,clefF,,
005706.png,clef_bass,clefF,,
005707.png,clef_treble,clefG,,
005708.png,clef_bass,clefF,,
005709.png,rest_whole,restWhole,,
005710.png,rest_whole,restWhole,,
005711.png,dot,augmentationDot,,
005712.png,dot,augmentationDot,,
005713.png,dot,augmentationDot,,
005714.png,dot,augmentationDot,,
005715.png,dot,augmentationDot,,
005716.png,rest_quarter,restQuarter,,
005717.png,rest_quarter,restQuarter,,
005718.png,rest_8th,rest8th,,
005719.png,rest_8th,rest8th,,
005720.png,rest_quarter,restQuarter,,
005721.png,rest_quarter,restQuarter,,
005722.png,rest_quarter,restQuarter,,
005723.png,rest_quarter,restQuarter,,
005724.png,rest_quarter,restQuarter,,
005725.png,rest_quarter,restQuarter,,
005726.png,rest_8th,rest8th,,
005727.png,rest_8th,rest8th,,
005728.png,rest_quarter,restQuarter,,
005729.png,rest_8th,rest8th,,
005730.png,dot,augmentationDot,,
005731.png,dot,augmentationDot,,
005732.png,dot,augmentationDot,,
005733.png,rest_whole,restWhole,,
005734.png,dot,augmentationDot,,
005735.png,dot,augmentationDot,,
005736.png,dot,augmentationDot,,
005737.png,rest_8th,rest8th,,
005738.png,rest_8th,rest8th,,
005739.png,dot,augmentationDot,,
005740.png,dot,augmentationDot,,
005741.png,rest_8th,rest8th,,
005742.png,dot,augmentationDot,,
005743.png,clef_treble,clefG,,
005744.png,clef_treble,clefG,,
005745.png,clef_bass,clefF,,
005746.png,clef_treble,clefG,,
005747.png,clef_bass,clefF,,
005748.png,clef_tenor,clefCTenor,,
005749.png,dot,augmentationDot,,
005750.png,dot,augmentationDot,,
005751.png,rest_half,restHalf,,
005752.png,rest_half,restHalf,,
005753.png,dot,augmentationDot,,
005754.png,dot,augmentationDot,,
005755.png,dot,augmentationDot,,
005756.png,rest_8th,rest8th,,
005757.png,flat,accidentalFlat,-2,
005758.png,flat,accidentalFlat,-1,
005759.png,flat,accidentalFlat,-2,
005760.png,natural,accidentalNatural,-2,
005761.png,natural,accidentalNatural,-1,
005762.png,flat,accidentalFlat,3,
005763.png,natural,accidentalNatural,4,
005764.png,natural,accidentalNatural,-2,
005765.png,natural,accidentalNatural,-1,
005766.png,flat,accidentalFlat,5,
005767.png,natural,accidentalNatural,5,
005768.png,flat,accidentalFlat,-4,
005769.png,natural,accidentalNatural,-4,
005770.png,natural,accidentalNatural,6,
005771.png,natural,accidentalNatural,-1,
005772.png,natural,accidentalNatural,5,
005773.png,flat,accidentalFlat,5,
005774.png,flat,accidentalFlat,5,
005775.png,natural,accidentalNatural,5,
005776.png,natural,accidentalNatural,4,
005777.png,natural,accidentalNatural,5,
005778.png,flat,accidentalFlat,-2,
005779.png,natural,accidentalNatural,5,
005780.png,flat,accidentalFlat,5,
005781.png,natural,accidentalNatural,6,
005782.png,natural,accidentalNatural,3,
005783.png,flat,accidentalFlat,3,
005784.png,natural,accidentalNatural,4,
005785.png,natural,accidentalNatural,6,
005786.png,flat,accidentalFlat,-1,
005787.png,flat,accidentalFlat,2,
005788.png,natural,accidentalNatural,2,
005789.png,natural,accidentalNatural,3,
005790.png,natural,accidentalNatural,-1,
005791.png,flat,accidentalFlat,1,
005792.png,natural,accidentalNatural,-2,
005793.png,flat,accidentalFlat,-3,
005794.png,flat,accidentalFlat,-2,
005795.png,natural,accidentalNatural,-4,
005796.png,natural,accidentalNatural,-2,
005797.png,flat,accidentalFlat,5,
005798.png,natural,accidentalNatural,5,
005799.png,flat,accidentalFlat,4,
005800.png,natural,accidentalNatural,6,
005801.png,natural,accidentalNatural,5,
005802.png,natural,accidentalNatural,3,
005803.png,flat,accidentalFlat,2,
005804.png,natural,accidentalNatural,2,
005805.png,natural,accidentalNatural,4,
005806.png,natural,accidentalNatural,5,
005807.png,flat,accidentalFlat,4,
005808.png,natural,accidentalNatural,3,
005809.png,flat,accidentalFlat,0,
005810.png,natural,accidentalNatural,0,
005811.png,natural,accidentalNatural,6,
005812.png,natural,accidentalNatural,-4,
005813.png,natural,accidentalNatural,3,
005814.png,natural,accidentalNatural,-4,
005815.png,natural,accidentalNatural,-1,
005816.png,natural,accidentalNatural,6,
005817.png,flat,accidentalFlat,-3,
005818.png,natural,accidentalNatural,-3,
005819.png,flat,accidentalFlat,2,
005820.png,flat,accidentalFlat,5,
005821.png,natural,accidentalNatural,-2,
005822.png,natural,accidentalNatural,-1,
005823.png,natural,accidentalNatural,-2,
005824.png,natural,accidentalNatural,-8,
005825.png,natural,accidentalNatural,-1,
005826.png,natural,accidentalNatural,-5,
005827.png,natural,accidentalNatural,-1,
005828.png,flat,accidentalFlat,-1,
005829.png,natural,accidentalNatural,-1,
005830.png,natural,accidentalNatural,-8,
005831.png,natural,accidentalNatural,0,
005832.png,flat,accidentalFlat,-3,
005833.png,natural,accidentalNatural,-1,
005834.png,natural,accidentalNatural,-2,
005835.png,natural,accidentalNatural,-1,
005836.png,natural,accidentalNatural,-2,
005837.png,flat,accidentalFlat,-2,
005838.png,flat,accidentalFlat,-2,
005839.png,natural,accidentalNatural,-2,
005840.png,rest_quarter,restQuarter,,
005841.png,clef_bass,clefF,,
005842.png,clef_treble,clefG,,
005843.png,clef_alto,clefCAlto,,
005844.png,rest_quarter,restQuarter,,
005845.png,clef_bass,clefF,,
005846.png,clef_treble,clefG,,
005847.png,rest_quarter,restQuarter,,
005848.png,rest_quarter,restQuarter,,
005849.png,clef_alto,clefCAlto,,
005850.png,clef_treble,clefG,,
005851.png,rest_quarter,restQuarter,,
005852.png,clef_alto,clefCAlto,,
005853.png,clef_treble,clefG,,
005854.png,rest_quarter,restQuarter,,
005855.png,rest_quarter,restQuarter,,
005856.png,clef_alto,clefCAlto,,
005857.png,clef_treble,clefG,,
005858.png,rest_quarter,restQuarter,,
005859.png,rest_quarter,restQuarter,,
005860.png,rest_quarter,restQuarter,,
005861.png,dot,augmentationDot,,
005862.png,clef_alto,clefCAlto,,
005863.png,clef_treble,clefG,,
005864.png,flat,accidentalFlat,-4,
005865.png,flat,accidentalFlat,-4,
005866.png,flat,accidentalFlat,1,
005867.png,natural,accidentalNatural,1,
005868.png,flat,accidentalFlat,1,
005869.png,natural,accidentalNatural,1,
005870.png,natural,accidentalNatural,1,
005871.png,flat,accidentalFlat,1,
005872.png,flat,accidentalFlat,3,
005873.png,natural,accidentalNatural,1,
005874.png,natural,accidentalNatural,3,
005875.png,flat,accidentalFlat,1,
005876.png,natural,accidentalNatural,3,
005877.png,flat,accidentalFlat,3,
005878.png,flat,accidentalFlat,1,
005879.png,natural,accidentalNatural,1,
005880.png,flat,accidentalFlat,1,
005881.png,natural,accidentalNatural,3,
005882.png,natural,accidentalNatural,1,
005883.png,natural,accidentalNatural,1,
005884.png,flat,accidentalFlat,3,
005885.png,flat,accidentalFlat,-4,
005886.png,flat,accidentalFlat,-4,
005887.png,natural,accidentalNatural,-3,
005888.png,flat,accidentalFlat,1,
005889.png,flat,accidentalFlat,-1,
005890.png,natural,accidentalNatural,1,
005891.png,flat,accidentalFlat,-4,
005892.png,natural,accidentalNatural,-4,
005893.png,natural,accidentalNatural,-1,
005894.png,flat,accidentalFlat,1,
005895.png,natural,accidentalNatural,-4,
005896.png,flat,accidentalFlat,-1,
005897.png,flat,accidentalFlat,-1,
005898.png,natural,accidentalNatural,-1,
005899.png,flat,accidentalFlat,-2,
005900.png,flat,accidentalFlat,3,
005901.png,flat,accidentalFlat,6,
005902.png,natural,accidentalNatural,1,
005903.png,flat,accidentalFlat,-2,
005904.png,flat,accidentalFlat,-91,
005905.png,natural,accidentalNatural,11,
005906.png,flat,accidentalFlat,-4,
005907.png,natural,accidentalNatural,-1,
005908.png,natural,accidentalNatural,-4,
005909.png,flat,accidentalFlat,1,
005910.png,flat,accidentalFlat,-4,
005911.png,flat,accidentalFlat,10,
005912.png,flat,accidentalFlat,3,
005913.png,natural,accidentalNatural,3,
005914.png,flat,accidentalFlat,1,
005915.png,natural,accidentalNatural,-8,
005916.png,flat,accidentalFlat,1,
005917.png,natural,accidentalNatural,1,
005918.png,flat,accidentalFlat,1,
005919.png,natural,accidentalNatural,-5,
005920.png,flat,accidentalFlat,-2,
005921.png,flat,accidentalFlat,-5,
005922.png,natural,accidentalNatural,1,
005923.png,natural,accidentalNatural,-8,
005924.png,natural,accidentalNatural,-5,
005925.png,natural,accidentalNatural,1,
005926.png,flat,accidentalFlat,1,
005927.png,natural,accidentalNatural,1,
005928.png,natural,accidentalNatural,-5,
005929.png,natural,accidentalNatural,1,
005930.png,flat,accidentalFlat,3,
005931.png,flat,accidentalFlat,1,
005932.png,natural,accidentalNatural,3,
005933.png,natural,accidentalNatural,-8,
005934.png,time_4,timeSig4,,
005935.png,time_4,timeSig4,,
005936.png,time_4,timeSig4,,
005937.png,time_4,timeSig4,,
005938.png,time_4,timeSig4,,
005939.png,time_4,timeSig4,,
005940.png,rest_whole,restWhole,,
005941.png,rest_whole,restWhole,,
005942.png,rest_whole,restWhole,,
005943.png,rest_whole,restWhole,,
005944.png,rest_whole,restWhole,,
005945.png,rest_whole,restWhole,,
005946.png,time_7,timeSig7,,
005947.png,time_8,timeSig8,,
005948.png,time_7,timeSig7,,
005949.png,time_8,timeSig8,,
005950.png,time_7,timeSig7,,
005951.png,time_8,timeSig8,,
005952.png,rest_whole,restWhole,,
005953.png,clef_bass,clefF,,
005954.png,clef_bass,clefF,,
005955.png,clef_treble,clefG,,
005956.png,rest_whole,restWhole,,
005957.png,rest_whole,restWhole,,
005958.png,rest_whole,restWhole,,
005959.png,time_7,timeSig7,,
005960.png,time_8,timeSig8,,
005961.png,time_7,timeSig7,,
005962.png,time_8,timeSig8,,
005963.png,time_7,timeSig7,,
005964.png,time_8,timeSig8,,
005965.png,time_7,timeSig7,,
005966.png,time_8,timeSig8,,
005967.png,time_7,timeSig7,,
005968.png,time_8,timeSig8,,
005969.png,time_7,timeSig7,,
005970.png,time_8,timeSig8,,
005971.png,clef_bass,clefF,,
005972.png,rest_whole,restWhole,,
005973.png,rest_whole,restWhole,,
005974.png,rest_whole,restWhole,,
005975.png,rest_whole,restWhole,,
005976.png,clef_treble,clefG,,
005977.png,clef_bass,clefF,,
005978.png,time_4,timeSig4,,
005979.png,time_4,timeSig4,,
005980.png,time_4,timeSig4,,
005981.png,time_4,timeSig4,,
005982.png,time_4,timeSig4,,
005983.png,time_4,timeSig4,,
005984.png,rest_whole,restWhole,,
005985.png,rest_whole,restWhole,,
005986.png,rest_whole,restWhole,,
005987.png,rest_whole,restWhole,,
005988.png,rest_whole,restWhole,,
005989.png,dot,augmentationDot,,
005990.png,time_7,timeSig7,,
005991.png,time_8,timeSig8,,
005992.png,time_7,timeSig7,,
005993.png,time_8,timeSig8,,
005994.png,time_7,timeSig7,,
005995.png,time_8,timeSig8,,
005996.png,dot,augmentationDot,,
005997.png,time_3,timeSig3,,
005998.png,time_4,timeSig4,,
005999.png,time_3,timeSig3,,
006000.png,time_4,timeSig4,,
006001.png,time_3,timeSig3,,
006002.png,time_4,timeSig4,,
006003.png,time_7,timeSig7,,
006004.png,time_8,timeSig8,,
006005.png,time_7,timeSig7,,
006006.png,time_8,timeSig8,,
006007.png,time_7,timeSig7,,
006008.png,time_8,timeSig8,,
006009.png,clef_treble,clefG,,
006010.png,clef_bass,clefF,,
006011.png,clef_bass,clefF,,
006012.png,rest_whole,restWhole,,
006013.png,rest_whole,restWhole,,
006014.png,time_4,timeSig4,,
006015.png,time_4,timeSig4,,
006016.png,time_4,timeSig4,,
006017.png,time_4,timeSig4,,
006018.png,time_4,timeSig4,,
006019.png,time_4,timeSig4,,
006020.png,time_4,timeSig4,,
006021.png,time_4,timeSig4,,
006022.png,time_4,timeSig4,,
006023.png,time_4,timeSig4,,
006024.png,time_4,timeSig4,,
006025.png,time_4,timeSig4,,
006026.png,clef_bass,clefF,,
006027.png,dot,augmentationDot,,
006028.png,dot,augmentationDot,,
006029.png,clef_bass,clefF,,
006030.png,clef_bass,clefF,,
006031.png,clef_treble,clefG,,
006032.png,rest_whole,restWhole,,
006033.png,rest_whole,restWhole,,
006034.png,time_7,timeSig7,,
006035.png,time_8,timeSig8,,
006036.png,time_7,timeSig7,,
006037.png,time_8,timeSig8,,
006038.png,time_7,timeSig7,,
006039.png,time_8,timeSig8,,
006040.png,rest_whole,restWhole,,
006041.png,rest_whole,restWhole,,
006042.png,dot,augmentationDot,,
006043.png,time_7,timeSig7,,
006044.png,time_8,timeSig8,,
006045.png,time_7,timeSig7,,
006046.png,time_8,timeSig8,,
006047.png,time_7,timeSig7,,
006048.png,time_8,timeSig8,,
006049.png,dot,augmentationDot,,
006050.png,dot,augmentationDot,,
006051.png,time_4,timeSig4,,
006052.png,time_4,timeSig4,,
006053.png,time_4,timeSig4,,
006054.png,time_4,timeSig4,,
006055.png,time_4,timeSig4,,
006056.png,time_4,timeSig4,,
006057.png,time_4,timeSig4,,
006058.png,time_4,timeSig4,,
006059.png,time_4,timeSig4,,
006060.png,time_4,timeSig4,,
006061.png,time_4,timeSig4,,
006062.png,time_4,timeSig4,,
006063.png,clef_treble,clefG,,
006064.png,dot,augmentationDot,,
006065.png,rest_whole,restWhole,,
006066.png,rest_whole,restWhole,,
006067.png,clef_bass,clefF,,
006068.png,clef_bass,clefF,,
006069.png,clef_bass,clefF,,
006070.png,clef_bass,clefF,,
006071.png,clef_treble,clefG,,
006072.png,rest_8th,rest8th,,
006073.png,time_7,timeSig7,,
006074.png,time_8,timeSig8,,
006075.png,time_7,timeSig7,,
006076.png,time_8,timeSig8,,
006077.png,time_7,timeSig7,,
006078.png,time_8,timeSig8,,
006079.png,rest_whole,restWhole,,
006080.png,rest_whole,restWhole,,
006081.png,clef_treble,clefG,,
006082.png,clef_bass,clefF,,
006083.png,clef_bass,clefF,,
006084.png,time_7,timeSig7,,
006085.png,time_8,timeSig8,,
006086.png,time_7,timeSig7,,
006087.png,time_8,timeSig8,,
006088.png,time_7,timeSig7,,
006089.png,time_8,timeSig8,,
006090.png,clef_bass,clefF,,
006091.png,clef_treble,clefG,,
006092.png,clef_bass,clefF,,
006093.png,clef_bass,clefF,,
006094.png,rest_whole,restWhole,,
006095.png,rest_whole,restWhole,,
006096.png,time_7,timeSig7,,
006097.png,time_8,timeSig8,,
006098.png,time_7,timeSig7,,
006099.png,time_8,timeSig8,,
006100.png,time_7,timeSig7,,
006101.png,time_8,timeSig8,,
006102.png,time_4,timeSig4,,
006103.png,time_4,timeSig4,,
006104.png,time_4,timeSig4,,
006105.png,time_4,timeSig4,,
006106.png,time_4,timeSig4,,
006107.png,time_4,timeSig4,,
006108.png,clef_treble,clefG,,
006109.png,flat,accidentalFlat,-2,
006110.png,natural,accidentalNatural,-2,
006111.png,flat,accidentalFlat,-2,
006112.png,natural,accidentalNatural,-2,
006113.png,natural,accidentalNatural,-2,
006114.png,flat,accidentalFlat,-2,
006115.png,flat,accidentalFlat,-2,
006116.png,natural,accidentalNatural,-2,
006117.png,flat,accidentalFlat,-2,
006118.png,natural,accidentalNatural,-2,
006119.png,natural,accidentalNatural,-2,
006120.png,flat,accidentalFlat,-2,
006121.png,flat,accidentalFlat,-2,
006122.png,natural,accidentalNatural,-2,
006123.png,flat,accidentalFlat,-2,
006124.png,natural,accidentalNatural,-2,
006125.png,flat,accidentalFlat,-2,
006126.png,natural,accidentalNatural,-2,
006127.png,flat,accidentalFlat,-2,
006128.png,natural,accidentalNatural,-2,
006129.png,natural,accidentalNatural,-2,
006130.png,flat,accidentalFlat,-2,
006131.png,flat,accidentalFlat,-2,
006132.png,natural,accidentalNatural,-2,
006133.png,flat,accidentalFlat,-2,
006134.png,natural,accidentalNatural,-2,
006135.png,natural,accidentalNatural,-2,
006136.png,flat,accidentalFlat,-2,
006137.png,flat,accidentalFlat,-2,
006138.png,natural,accidentalNatural,-2,
006139.png,flat,accidentalFlat,-2,
006140.png,natural,accidentalNatural,-2,
006141.png,flat,accidentalFlat,5,
006142.png,natural,accidentalNatural,5,
006143.png,flat,accidentalFlat,5,
006144.png,natural,accidentalNatural,5,
006145.png,natural,accidentalNatural,5,
006146.png,flat,accidentalFlat,5,
006147.png,flat,accidentalFlat,5,
006148.png,natural,accidentalNatural,5,
006149.png,flat,accidentalFlat,-2,
006150.png,natural,accidentalNatural,-2,
006151.png,natural,accidentalNatural,-2,
006152.png,flat,accidentalFlat,-2,
006153.png,flat,accidentalFlat,-2,
006154.png,natural,accidentalNatural,-2,
006155.png,flat,accidentalFlat,-2,
006156.png,natural,accidentalNatural,-2,
006157.png,flat,accidentalFlat,5,
006158.png,flat,accidentalFlat,-2,
006159.png,natural,accidentalNatural,-2,
006160.png,natural,accidentalNatural,-2,
006161.png,natural,accidentalNatural,-2,
006162.png,flat,accidentalFlat,-2,
006163.png,flat,accidentalFlat,-2,
006164.png,flat,accidentalFlat,5,
006165.png,natural,accidentalNatural,-2,
006166.png,natural,accidentalNatural,5,
006167.png,flat,accidentalFlat,5,
006168.png,natural,accidentalNatural,5,
006169.png,natural,accidentalNatural,5,
006170.png,flat,accidentalFlat,5,
006171.png,flat,accidentalFlat,-2,
006172.png,natural,accidentalNatural,5,
006173.png,flat,accidentalFlat,5,
006174.png,clef_bass,clefF,,
006175.png,clef_treble,clefG,,
006176.png,clef_bass,clefF,,
006177.png,clef_treble,clefG,,
006178.png,clef_bass,clefF,,
006179.png,clef_treble,clefG,,
006180.png,clef_treble,clefG,,
006181.png,clef_bass,clefF,,
006182.png,clef_bass,clefF,,
006183.png,clef_treble,clefG,,
006184.png,dot,augmentationDot,,
006185.png,rest_8th,rest8th,,
006186.png,dot,augmentationDot,,
006187.png,dot,augmentationDot,,
006188.png,rest_8th,rest8th,,
006189.png,rest_8th,rest8th,,
006190.png,dot,augmentationDot,,
006191.png,clef_bass,clefF,,
006192.png,rest_8th,rest8th,,
006193.png,time_6,timeSig6,,
006194.png,time_8,timeSig8,,
006195.png,clef_treble,clefG,,
006196.png,rest_8th,rest8th,,
006197.png,time_6,timeSig6,,
006198.png,time_8,timeSig8,,
006199.png,clef_treble,clefG,,
006200.png,time_6,timeSig6,,
006201.png,time_8,timeSig8,,
006202.png,dot,augmentationDot,,
006203.png,dot,augmentationDot,,
006204.png,dot,augmentationDot,,
006205.png,dot,augmentationDot,,
006206.png,dot,augmentationDot,,
006207.png,rest_8th,rest8th,,
006208.png,dot,augmentationDot,,
006209.png,rest_8th,rest8th,,
006210.png,dot,augmentationDot,,
006211.png,rest_8th,rest8th,,
006212.png,clef_bass,clefF,,
006213.png,clef_treble,clefG,,
006214.png,clef_treble,clefG,,
006215.png,dot,augmentationDot,,
006216.png,dot,augmentationDot,,
006217.png,dot,augmentationDot,,
006218.png,flat,accidentalFlat,2,
006219.png,sharp,accidentalSharp,2,
006220.png,rest_half,restHalf,,
006221.png,rest_16th,rest16th,,
006222.png,rest_whole,restWhole,,
006223.png,rest_whole,restWhole,,
006224.png,rest_whole,restWhole,,
006225.png,rest_whole,restWhole,,
006226.png,rest_16th,rest16th,,
006227.png,rest_half,restHalf,,
006228.png,rest_16th,rest16th,,
006229.png,rest_16th,rest16th,,
006230.png,rest_quarter,restQuarter,,
006231.png,rest_half,restHalf,,
006232.png,rest_whole,restWhole,,
006233.png,rest_whole,restWhole,,
006234.png,rest_whole,restWhole,,
006235.png,rest_whole,restWhole,,
006236.png,rest_whole,restWhole,,
006237.png,rest_whole,restWhole,,
006238.png,rest_whole,restWhole,,
006239.png,rest_whole,restWhole,,
006240.png,rest_whole,restWhole,,
006241.png,rest_whole,restWhole,,
006242.png,clef_treble,clefG,,
006243.png,clef_treble,clefG,,
006244.png,rest_half,restHalf,,
006245.png,clef_treble,clefG,,
006246.png,clef_treble,clefG,,
006247.png,clef_treble,clefG,,
006248.png,clef_bass,clefF,,
006249.png,rest_half,restHalf,,
006250.png,rest_whole,restWhole,,
006251.png,rest_whole,restWhole,,
006252.png,rest_whole,restWhole,,
006253.png,rest_whole,restWhole,,
006254.png,rest_whole,restWhole,,
006255.png,rest_whole,restWhole,,
006256.png,rest_whole,restWhole,,
006257.png,rest_whole,restWhole,,
006258.png,clef_treble,clefG,,
006259.png,clef_bass,clefF,,
006260.png,rest_whole,restWhole,,
006261.png,clef_treble,clefG,,
006262.png,time_4,timeSig4,,
006263.png,time_4,timeSig4,,
006264.png,clef_treble,clefG,,
006265.png,time_4,timeSig4,,
006266.png,time_4,timeSig4,,
006267.png,clef_alto,clefCAlto,,
006268.png,time_4,timeSig4,,
006269.png,time_4,timeSig4,,
006270.png,rest_whole,restWhole,,
006271.png,time_4,timeSig4,,
006272.png,time_4,timeSig4,,
006273.png,clef_treble,clefG,,
006274.png,time_4,timeSig4,,
006275.png,time_4,timeSig4,,
006276.png,rest_whole,restWhole,,
006277.png,rest_whole,restWhole,,
006278.png,clef_bass,clefF,,
006279.png,time_4,timeSig4,,
006280.png,time_4,timeSig4,,
006281.png,rest_whole,restWhole,,
006282.png,clef_alto,clefCAlto,,
006283.png,dot,augmentationDot,,
006284.png,clef_treble,clefG,,
006285.png,clef_bass,clefF,,
006286.png,clef_treble,clefG,,
006287.png,clef_bass,clefF,,
006288.png,clef_treble,clefG,,
006289.png,clef_treble,clefG,,
006290.png,clef_treble,clefG,,
006291.png,dot,augmentationDot,,
006292.png,clef_bass,clefF,,
006293.png,clef_alto,clefCAlto,,
006294.png,clef_treble,clefG,,
006295.png,clef_bass,clefF,,
006296.png,clef_treble,clefG,,
006297.png,clef_treble,clefG,,
006298.png,dot,augmentationDot,,
006299.png,natural,accidentalNatural,-4,
006300.png,natural,accidentalNatural,-4,
006301.png,natural,accidentalNatural,3,
006302.png,natural,accidentalNatural,3,
006303.png,natural,accidentalNatural,3,
006304.png,natural,accidentalNatural,1,
006305.png,dot,augmentationDot,,
006306.png,dot,augmentationDot,,
006307.png,dot,augmentationDot,,
006308.png,dot,augmentationDot,,
006309.png,dot,augmentationDot,,
006310.png,dot,augmentationDot,,
006311.png,dot,augmentationDot,,
006312.png,rest_quarter,restQuarter,,
006313.png,dot,augmentationDot,,
006314.png,rest_quarter,restQuarter,,
006315.png,rest_quarter,restQuarter,,
006316.png,dot,augmentationDot,,
006317.png,dot,augmentationDot,,
006318.png,rest_whole,restWhole,,
006319.png,rest_whole,restWhole,,
006320.png,rest_whole,restWhole,,
006321.png,rest_whole,restWhole,,
006322.png,dot,augmentationDot,,
006323.png,rest_half,restHalf,,
006324.png,dot,augmentationDot,,
006325.png,rest_quarter,restQuarter,,
006326.png,dot,augmentationDot,,
006327.png,dot,augmentationDot,,
006328.png,clef_treble,clefG,,
006329.png,clef_alto,clefCAlto,,
006330.png,clef_bass,clefF,,
006331.png,clef_treble,clefG,,
006332.png,clef_bass,clefF,,
006333.png,dot,augmentationDot,,
006334.png,dot,augmentationDot,,
006335.png,dot,augmentationDot,,
006336.png,dot,augmentationDot,,
006337.png,dot,augmentationDot,,
006338.png,dot,augmentationDot,,
006339.png,dot,augmentationDot,,
006340.png,dot,augmentationDot,,
006341.png,dot,augmentationDot,,
006342.png,dot,augmentationDot,,
006343.png,flat,accidentalFlat,-2,
006344.png,flat,accidentalFlat,-5,
006345.png,flat,accidentalFlat,-2,
006346.png,flat,accidentalFlat,-9,
006347.png,dot,augmentationDot,,
006348.png,rest_whole,restWhole,,
006349.png,rest_whole,restWhole,,
006350.png,rest_whole,restWhole,,
006351.png,rest_whole,restWhole,,
006352.png,dot,augmentationDot,,
006353.png,rest_whole,restWhole,,
006354.png,rest_whole,restWhole,,
006355.png,rest_whole,restWhole,,
006356.png,rest_whole,restWhole,,
006357.png,rest_whole,restWhole,,
006358.png,rest_whole,restWhole,,
006359.png,rest_whole,restWhole,,
006360.png,rest_whole,restWhole,,
006361.png,rest_whole,restWhole,,
006362.png,rest_whole,restWhole,,
006363.png,rest_whole,restWhole,,
006364.png,rest_whole,restWhole,,
006365.png,rest_whole,restWhole,,
006366.png,clef_bass,clefF,,
006367.png,clef_bass,clefF,,
006368.png,clef_treble,clefG,,
006369.png,clef_8,clef8,,
006370.png,clef_bass,clefF,,
006371.png,rest_quarter,restQuarter,,
006372.png,dot,augmentationDot,,
006373.png,dot,augmentationDot,,
006374.png,dot,augmentationDot,,
006375.png,rest_whole,restWhole,,
006376.png,rest_whole,restWhole,,
006377.png,rest_whole,restWhole,,
006378.png,clef_bass,clefF,,
006379.png,clef_alto,clefCAlto,,
006380.png,clef_treble,clefG,,
006381.png,clef_treble,clefG,,
006382.png,clef_treble,clefG,,
006383.png,rest_whole,restWhole,,
006384.png,rest_whole,restWhole,,
006385.png,rest_whole,restWhole,,
006386.png,rest_whole,restWhole,,
006387.png,rest_whole,restWhole,,
006388.png,rest_whole,restWhole,,
006389.png,rest_whole,restWhole,,
006390.png,rest_whole,restWhole,,
006391.png,rest_quarter,restQuarter,,
006392.png,rest_quarter,restQuarter,,
006393.png,rest_half,restHalf,,
006394.png,rest_quarter,restQuarter,,
006395.png,dot,augmentationDot,,
006396.png,rest_8th,rest8th,,
006397.png,clef_alto,clefCAlto,,
006398.png,clef_bass,clefF,,
006399.png,clef_treble,clefG,,
006400.png,clef_bass,clefF,,
006401.png,clef_treble,clefG,,
006402.png,clef_treble,clefG,,
006403.png,clef_treble,clefG,,
006404.png,clef_treble,clefG,,
006405.png,clef_bass,clefF,,
006406.png,clef_alto,clefCAlto,,
006407.png,clef_bass,clefF,,
006408.png,clef_treble,clefG,,
006409.png,clef_treble,clefG,,
006410.png,clef_treble,clefG,,
006411.png,dot,augmentationDot,,
006412.png,dot,augmentationDot,,
006413.png,clef_treble,clefG,,
006414.png,clef_bass,clefF,,
006415.png,clef_treble,clefG,,
006416.png,clef_bass,clefF,,
006417.png,clef_treble,clefG,,
006418.png,clef_treble,clefG,,
006419.png,clef_alto,clefCAlto,,
006420.png,dot,augmentationDot,,
006421.png,dot,augmentationDot,,
006422.png,dot,augmentationDot,,
006423.png,dot,augmentationDot,,
006424.png,dot,augmentationDot,,
006425.png,clef_bass,clefF,,
006426.png,clef_treble,clefG,,
006427.png,clef_bass,clefF,,
006428.png,clef_alto,clefCAlto,,
006429.png,clef_treble,clefG,,
006430.png,clef_treble,clefG,,
006431.png,dot,augmentationDot,,
006432.png,dot,augmentationDot,,
006433.png,dot,augmentationDot,,
006434.png,sharp,accidentalSharp,2,
006435.png,sharp,accidentalSharp,2,
006436.png,natural,accidentalNatural,-2,
006437.png,natural,accidentalNatural,5,
006438.png,sharp,accidentalSharp,0,
006439.png,sharp,accidentalSharp,2,
006440.png,natural,accidentalNatural,3,
006441.png,sharp,accidentalSharp,4,
006442.png,natural,accidentalNatural,3,
006443.png,sharp,accidentalSharp,-1,
006444.png,natural,accidentalNatural,5,
006445.png,sharp,accidentalSharp,-1,
006446.png,dot,augmentationDot,,
006447.png,dot,augmentationDot,,
006448.png,rest_whole,restWhole,,
006449.png,rest_whole,restWhole,,
006450.png,rest_whole,restWhole,,
006451.png,rest_whole,restWhole,,
006452.png,rest_whole,restWhole,,
006453.png,rest_whole,restWhole,,
006454.png,rest_whole,restWhole,,
006455.png,rest_whole,restWhole,,
006456.png,rest_whole,restWhole,,
006457.png,rest_whole,restWhole,,
006458.png,rest_whole,restWhole,,
006459.png,rest_whole,restWhole,,
006460.png,rest_whole,restWhole,,
006461.png,dot,augmentationDot,,
006462.png,dot,augmentationDot,,
006463.png,rest_whole,restWhole,,
006464.png,clef_bass,clefF,,
006465.png,clef_treble,clefG,,
006466.png,clef_treble,clefG,,
006467.png,rest_whole,restWhole,,
006468.png,rest_whole,restWhole,,
006469.png,rest_whole,restWhole,,
006470.png,rest_whole,restWhole,,
006471.png,dot,augmentationDot,,
006472.png,clef_bass,clefF,,
006473.png,rest_8th,rest8th,,
006474.png,rest_whole,restWhole,,
006475.png,rest_whole,restWhole,,
006476.png,rest_whole,restWhole,,
006477.png,rest_whole,restWhole,,
006478.png,rest_whole,restWhole,,
006479.png,rest_whole,restWhole,,
006480.png,rest_whole,restWhole,,
006481.png,rest_whole,restWhole,,
006482.png,rest_whole,restWhole,,
006483.png,rest_whole,restWhole,,
006484.png,rest_whole,restWhole,,
006485.png,clef_treble,clefG,,
006486.png,clef_treble,clefG,,
006487.png,rest_whole,restWhole,,
006488.png,clef_bass,clefF,,
006489.png,clef_bass,clefF,,
006490.png,rest_whole,restWhole,,
006491.png,rest_whole,restWhole,,
006492.png,rest_whole,restWhole,,
006493.png,rest_whole,restWhole,,
006494.png,dot,augmentationDot,,
006495.png,rest_8th,rest8th,,
006496.png,rest_quarter,restQuarter,,
006497.png,rest_whole,restWhole,,
006498.png,rest_whole,restWhole,,
006499.png,rest_whole,restWhole,,
006500.png,rest_whole,restWhole,,
006501.png,rest_whole,restWhole,,
006502.png,rest_8th,rest8th,,
006503.png,clef_treble,clefG,,
006504.png,clef_treble,clefG,,
006505.png,clef_bass,clefF,,
006506.png,clef_bass,clefF,,
006507.png,rest_whole,restWhole,,
006508.png,rest_whole,restWhole,,
006509.png,rest_whole,restWhole,,
006510.png,rest_whole,restWhole,,
006511.png,rest_whole,restWhole,,
006512.png,rest_quarter,restQuarter,,
006513.png,rest_quarter,restQuarter,,
006514.png,rest_8th,rest8th,,
006515.png,flat,accidentalFlat,-4,
006516.png,natural,accidentalNatural,0,
006517.png,natural,accidentalNatural,5,
006518.png,sharp,accidentalSharp,6,
006519.png,sharp,accidentalSharp,1,
006520.png,sharp,accidentalSharp,1,
006521.png,sharp,accidentalSharp,-3,
006522.png,natural,accidentalNatural,-7,
006523.png,sharp,accidentalSharp,-3,
006524.png,flat,accidentalFlat,-7,
006525.png,natural,accidentalNatural,1,
006526.png,natural,accidentalNatural,1,
006527.png,flat,accidentalFlat,-6,
006528.png,flat,accidentalFlat,1,
006529.png,sharp,accidentalSharp,6,
006530.png,natural,accidentalNatural,-2,
006531.png,sharp,accidentalSharp,2,
006532.png,sharp,accidentalSharp,-3,
006533.png,natural,accidentalNatural,-3,
006534.png,sharp,accidentalSharp,-3,
006535.png,sharp,accidentalSharp,-6,
006536.png,sharp,accidentalSharp,-1,
006537.png,natural,accidentalNatural,0,
006538.png,natural,accidentalNatural,5,
006539.png,sharp,accidentalSharp,6,
006540.png,sharp,accidentalSharp,1,
006541.png,sharp,accidentalSharp,1,
006542.png,sharp,accidentalSharp,1,
006543.png,sharp,accidentalSharp,-3,
006544.png,sharp,accidentalSharp,2,
006545.png,dot,augmentationDot,,
006546.png,dot,augmentationDot,,
006547.png,dot,augmentationDot,,
006548.png,dot,augmentationDot,,
006549.png,dot,augmentationDot,,
006550.png,rest_quarter,restQuarter,,
006551.png,rest_8th,rest8th,,
006552.png,rest_8th,rest8th,,
006553.png,rest_8th,rest8th,,
006554.png,dot,augmentationDot,,
006555.png,dot,augmentationDot,,
006556.png,dot,augmentationDot,,
006557.png,dot,augmentationDot,,
006558.png,dot,augmentationDot,,
006559.png,dot,augmentationDot,,
006560.png,dot,augmentationDot,,
006561.png,dot,augmentationDot,,
006562.png,dot,augmentationDot,,
006563.png,dot,augmentationDot,,
006564.png,clef_treble,clefG,,
006565.png,clef_treble,clefG,,
006566.png,clef_bass,clefF,,
006567.png,dot,augmentationDot,,
006568.png,dot,augmentationDot,,
006569.png,dot,augmentationDot,,
006570.png,rest_half,restHalf,,
006571.png,dot,augmentationDot,,
006572.png,dot,augmentationDot,,
006573.png,dot,augmentationDot,,
006574.png,dot,augmentationDot,,
006575.png,dot,augmentationDot,,
006576.png,dot,augmentationDot,,
006577.png,dot,augmentationDot,,
006578.png,clef_treble,clefG,,
006579.png,clef_treble,clefG,,
006580.png,clef_bass,clefF,,
006581.png,dot,augmentationDot,,
006582.png,dot,augmentationDot,,
006583.png,dot,augmentationDot,,
006584.png,dot,augmentationDot,,
006585.png,dot,augmentationDot,,
006586.png,rest_8th,rest8th,,
006587.png,rest_quarter,restQuarter,,
006588.png,rest_8th,rest8th,,
006589.png,rest_8th,rest8th,,
006590.png,rest_8th,rest8th,,
006591.png,rest_8th,rest8th,,
006592.png,rest_8th,rest8th,,
006593.png,rest_8th,rest8th,,
006594.png,rest_8th,rest8th,,
006595.png,rest_quarter,restQuarter,,
006596.png,rest_quarter,restQuarter,,
006597.png,rest_quarter,restQuarter,,
006598.png,clef_treble,clefG,,
006599.png,clef_bass,clefF,,
006600.png,clef_treble,clefG,,
006601.png,flat,accidentalFlat,1,
006602.png,natural,accidentalNatural,5,
006603.png,flat,accidentalFlat,3,
006604.png,flat,accidentalFlat,2,
006605.png,flat,accidentalFlat,5,
006606.png,flat,accidentalFlat,0,
006607.png,flat,accidentalFlat,0,
006608.png,natural,accidentalNatural,0,
006609.png,flat,accidentalFlat,4,
006610.png,rest_8th,rest8th,,
006611.png,dot,augmentationDot,,
006612.png,dot,augmentationDot,,
006613.png,rest_8th,rest8th,,
006614.png,clef_treble,clefG,,
006615.png,clef_treble,clefG,,
006616.png,rest_whole,restWhole,,
006617.png,dot,augmentationDot,,
006618.png,clef_bass,clefF,,
006619.png,dot,augmentationDot,,
006620.png,rest_16th,rest16th,,
006621.png,rest_8th,rest8th,,
006622.png,dot,augmentationDot,,
006623.png,clef_bass,clefF,,
006624.png,clef_treble,clefG,,
006625.png,dot,augmentationDot,,
006626.png,dot,augmentationDot,,
006627.png,rest_16th,rest16th,,
006628.png,rest_8th,rest8th,,
006629.png,dot,augmentationDot,,
006630.png,dot,augmentationDot,,
006631.png,rest_8th,rest8th,,
006632.png,dot,augmentationDot,,
006633.png,dot,augmentationDot,,
006634.png,clef_bass,clefF,,
006635.png,dot,augmentationDot,,
006636.png,clef_treble,clefG,,
006637.png,dot,augmentationDot,,
006638.png,dot,augmentationDot,,
006639.png,dot,augmentationDot,,
006640.png,dot,augmentationDot,,
006641.png,dot,augmentationDot,,
006642.png,dot,augmentationDot,,
006643.png,dot,augmentationDot,,
006644.png,dot,augmentationDot,,
006645.png,dot,augmentationDot,,
006646.png,dot,augmentationDot,,
006647.png,dot,augmentationDot,,
006648.png,dot,augmentationDot,,
006649.png,dot,augmentationDot,,
006650.png,dot,augmentationDot,,
006651.png,clef_bass,clefF,,
006652.png,clef_treble,clefG,,
006653.png,dot,augmentationDot,,
006654.png,rest_8th,rest8th,,
006655.png,rest_whole,restWhole,,
006656.png,rest_whole,restWhole,,
006657.png,rest_whole,restWhole,,
006658.png,rest_whole,restWhole,,
006659.png,rest_whole,restWhole,,
006660.png,rest_whole,restWhole,,
006661.png,rest_whole,restWhole,,
006662.png,rest_whole,restWhole,,
006663.png,rest_whole,restWhole,,
006664.png,rest_whole,restWhole,,
006665.png,rest_whole,restWhole,,
006666.png,rest_whole,restWhole,,
006667.png,rest_whole,restWhole,,
006668.png,rest_whole,restWhole,,
006669.png,rest_whole,restWhole,,
006670.png,rest_whole,restWhole,,
006671.png,rest_whole,restWhole,,
006672.png,rest_whole,restWhole,,
006673.png,rest_whole,restWhole,,
006674.png,rest_whole,restWhole,,
006675.png,rest_whole,restWhole,,
006676.png,rest_whole,restWhole,,
006677.png,rest_whole,restWhole,,
006678.png,rest_whole,restWhole,,
006679.png,rest_whole,restWhole,,
006680.png,clef_treble,clefG,,
006681.png,clef_treble,clefG,,
006682.png,clef_treble,clefG,,
006683.png,clef_bass,clefF,,
006684.png,clef_treble,clefG,,
006685.png,clef_treble,clefG,,
006686.png,rest_whole,restWhole,,
006687.png,rest_whole,restWhole,,
006688.png,rest_whole,restWhole,,
006689.png,rest_whole,restWhole,,
006690.png,rest_whole,restWhole,,
006691.png,rest_whole,restWhole,,
006692.png,rest_whole,restWhole,,
006693.png,rest_whole,restWhole,,
006694.png,rest_whole,restWhole,,
006695.png,rest_whole,restWhole,,
006696.png,rest_whole,restWhole,,
006697.png,rest_whole,restWhole,,
006698.png,rest_whole,restWhole,,
006699.png,rest_whole,restWhole,,
006700.png,rest_whole,restWhole,,
006701.png,clef_treble,clefG,,
006702.png,clef_treble,clefG,,
006703.png,clef_treble,clefG,,
006704.png,clef_treble,clefG,,
006705.png,rest_whole,restWhole,,
006706.png,rest_whole,restWhole,,
006707.png,rest_whole,restWhole,,
006708.png,clef_bass,clefF,,
006709.png,clef_treble,clefG,,
006710.png,rest_whole,restWhole,,
006711.png,rest_whole,restWhole,,
006712.png,rest_whole,restWhole,,
006713.png,rest_whole,restWhole,,
006714.png,rest_whole,restWhole,,
006715.png,rest_whole,restWhole,,
006716.png,rest_quarter,restQuarter,,
006717.png,rest_8th,rest8th,,
006718.png,rest_8th,rest8th,,
006719.png,rest_8th,rest8th,,
006720.png,clef_treble,clefG,,
006721.png,clef_bass,clefF,,
006722.png,clef_treble,clefG,,
006723.png,clef_treble,clefG,,
006724.png,clef_bass,clefF,,
006725.png,clef_bass,clefF,,
006726.png,clef_8,clef8,,
006727.png,rest_8th,rest8th,,
006728.png,rest_8th,rest8th,,
006729.png,clef_8,clef8,,
006730.png,clef_bass,clefF,,
006731.png,clef_bass,clefF,,
006732.png,clef_treble,clefG,,
006733.png,clef_treble,clefG,,
006734.png,clef_bass,clefF,,
006735.png,clef_treble,clefG,,
006736.png,rest_8th,rest8th,,
006737.png,sharp,accidentalSharp,-3,
006738.png,sharp,accidentalSharp,-3,
006739.png,sharp,accidentalSharp,-2,
006740.png,sharp,accidentalSharp,-2,
006741.png,rest_8th,rest8th,,
006742.png,rest_8th,rest8th,,
006743.png,dot,augmentationDot,,
006744.png,dot,augmentationDot,,
006745.png,dot,augmentationDot,,
006746.png,rest_8th,rest8th,,
006747.png,dot,augmentationDot,,
006748.png,rest_8th,rest8th,,
006749.png,rest_8th,rest8th,,
006750.png,rest_whole,restWhole,,
006751.png,rest_8th,rest8th,,
006752.png,dot,augmentationDot,,
006753.png,rest_8th,rest8th,,
006754.png,rest_8th,rest8th,,
006755.png,rest_8th,rest8th,,
006756.png,clef_treble,clefG,,
006757.png,clef_treble,clefG,,
006758.png,clef_8,clef8,,
006759.png,clef_bass,clefF,,
006760.png,clef_treble,clefG,,
006761.png,clef_bass,clefF,,
006762.png,clef_8,clef8,,
006763.png,rest_whole,restWhole,,
006764.png,rest_whole,restWhole,,
006765.png,rest_whole,restWhole,,
006766.png,clef_treble,clefG,,
006767.png,rest_8th,rest8th,,
006768.png,dot,augmentationDot,,
006769.png,rest_8th,rest8th,,
006770.png,rest_8th,rest8th,,
006771.png,rest_8th,rest8th,,
006772.png,rest_quarter,restQuarter,,
006773.png,rest_8th,rest8th,,
006774.png,rest_8th,rest8th,,
006775.png,rest_8th,rest8th,,
006776.png,rest_8th,rest8th,,
006777.png,rest_8th,rest8th,,
006778.png,dot,augmentationDot,,
006779.png,rest_8th,rest8th,,
006780.png,sharp,accidentalSharp,2,
006781.png,sharp,accidentalSharp,-3,
006782.png,rest_half,restHalf,,
006783.png,rest_half,restHalf,,
006784.png,rest_half,restHalf,,
006785.png,rest_half,restHalf,,
006786.png,dot,augmentationDot,,
006787.png,clef_treble,clefG,,
006788.png,clef_treble,clefG,,
006789.png,clef_treble,clefG,,
006790.png,clef_8,clef8,,
006791.png,clef_bass,clefF,,
006792.png,clef_treble,clefG,,
006793.png,clef_bass,clefF,,
006794.png,dot,augmentationDot,,
006795.png,rest_half,restHalf,,
006796.png,rest_half,restHalf,,
006797.png,rest_half,restHalf,,
006798.png,rest_half,restHalf,,
006799.png,flat,accidentalFlat,2,
006800.png,flat,accidentalFlat,2,
006801.png,flat,accidentalFlat,2,
006802.png,flat,accidentalFlat,2,
006803.png,flat,accidentalFlat,0,
006804.png,flat,accidentalFlat,0,
006805.png,flat,accidentalFlat,-2,
006806.png,flat,accidentalFlat,-2,
006807.png,flat,accidentalFlat,0,
006808.png,flat,accidentalFlat,-2,
006809.png,flat,accidentalFlat,0,
006810.png,flat,accidentalFlat,-2,
006811.png,flat,accidentalFlat,-2,
006812.png,dot,augmentationDot,,
006813.png,dot,augmentationDot,,
006814.png,rest_quarter,restQuarter,,
006815.png,rest_quarter,restQuarter,,
006816.png,rest_quarter,restQuarter,,
006817.png,rest_quarter,restQuarter,,
006818.png,dot,augmentationDot,,
006819.png,dot,augmentationDot,,
006820.png,dot,augmentationDot,,
006821.png,time_4,timeSig4,,
006822.png,time_4,timeSig4,,
006823.png,clef_bass,clefF,,
006824.png,time_4,timeSig4,,
006825.png,time_4,timeSig4,,
006826.png,clef_treble,clefG,,
006827.png,dot,augmentationDot,,
006828.png,rest_quarter,restQuarter,,
006829.png,rest_quarter,restQuarter,,
006830.png,dot,augmentationDot,,
006831.png,dot,augmentationDot,,
006832.png,dot,augmentationDot,,
006833.png,dot,augmentationDot,,
006834.png,clef_treble,clefG,,
006835.png,clef_bass,clefF,,
006836.png,dot,augmentationDot,,
006837.png,rest_quarter,restQuarter,,
006838.png,dot,augmentationDot,,
006839.png,dot,augmentationDot,,
006840.png,clef_bass,clefF,,
006841.png,clef_treble,clefG,,
006842.png,dot,augmentationDot,,
006843.png,dot,augmentationDot,,
006844.png,dot,augmentationDot,,
006845.png,dot,augmentationDot,,
006846.png,rest_quarter,restQuarter,,
006847.png,dot,augmentationDot,,
006848.png,rest_quarter,restQuarter,,
006849.png,dot,augmentationDot,,
006850.png,clef_bass,clefF,,
006851.png,clef_treble,clefG,,
006852.png,dot,augmentationDot,,
006853.png,rest_quarter,restQuarter,,
006854.png,dot,augmentationDot,,
006855.png,rest_quarter,restQuarter,,
006856.png,dot,augmentationDot,,
006857.png,dot,augmentationDot,,
006858.png,rest_quarter,restQuarter,,
006859.png,rest_whole,restWhole,,
006860.png,rest_whole,restWhole,,
006861.png,rest_whole,restWhole,,
006862.png,rest_whole,restWhole,,
006863.png,rest_whole,restWhole,,
006864.png,rest_whole,restWhole,,
006865.png,rest_whole,restWhole,,
006866.png,rest_whole,restWhole,,
006867.png,rest_whole,restWhole,,
006868.png,rest_whole,restWhole,,
006869.png,dot,augmentationDot,,
006870.png,dot,augmentationDot,,
006871.png,rest_quarter,restQuarter,,
006872.png,rest_quarter,restQuarter,,
006873.png,rest_whole,restWhole,,
006874.png,clef_bass,clefF,,
006875.png,clef_treble,clefG,,
006876.png,rest_whole,restWhole,,
006877.png,dot,augmentationDot,,
006878.png,dot,augmentationDot,,
006879.png,dot,augmentationDot,,
006880.png,rest_quarter,restQuarter,,
006881.png,rest_quarter,restQuarter,,
006882.png,dot,augmentationDot,,
006883.png,natural,accidentalNatural,3,
006884.png,sharp,accidentalSharp,3,
006885.png,sharp,accidentalSharp,3,
006886.png,natural,accidentalNatural,3,
006887.png,sharp,accidentalSharp,6,
006888.png,sharp,accidentalSharp,2,
006889.png,sharp,accidentalSharp,7,
006890.png,natural,accidentalNatural,5,
006891.png,clef_bass,clefF,,
006892.png,dot,augmentationDot,,
006893.png,clef_bass,clefF,,
006894.png,clef_treble,clefG,,
006895.png,clef_tenor,clefCTenor,,
006896.png,clef_bass,clefF,,
006897.png,clef_treble,clefG,,
006898.png,clef_bass,clefF,,
006899.png,clef_treble,clefG,,
006900.png,clef_bass,clefF,,
006901.png,clef_bass,clefF,,
006902.png,rest_quarter,restQuarter,,
006903.png,rest_quarter,restQuarter,,
006904.png,clef_treble,clefG,,
006905.png,clef_bass,clefF,,
006906.png,clef_bass,clefF,,
006907.png,clef_tenor,clefCTenor,,
006908.png,dot,augmentationDot,,
006909.png,dot,augmentationDot,,
006910.png,dot,augmentationDot,,
006911.png,clef_treble,clefG,,
006912.png,clef_bass,clefF,,
006913.png,clef_treble,clefG,,
006914.png,clef_treble,clefG,,
006915.png,clef_bass,clefF,,
006916.png,dot,augmentationDot,,
006917.png,dot,augmentationDot,,
006918.png,dot,augmentationDot,,
006919.png,dot,augmentationDot,,
006920.png,dot,augmentationDot,,
006921.png,dot,augmentationDot,,
006922.png,dot,augmentationDot,,
006923.png,dot,augmentationDot,,
006924.png,dot,augmentationDot,,
006925.png,dot,augmentationDot,,
006926.png,dot,augmentationDot,,
006927.png,dot,augmentationDot,,
006928.png,clef_bass,clefF,,
006929.png,clef_treble,clefG,,
006930.png,clef_bass,clefF,,
006931.png,clef_treble,clefG,,
006932.png,clef_treble,clefG,,
006933.png,dot,augmentationDot,,
006934.png,dot,augmentationDot,,
006935.png,dot,augmentationDot,,
006936.png,dot,augmentationDot,,
006937.png,dot,augmentationDot,,
006938.png,dot,augmentationDot,,
006939.png,flat,accidentalFlat,1,
006940.png,flat,accidentalFlat,2,
006941.png,flat,accidentalFlat,-5,
006942.png,flat,accidentalFlat,1,
006943.png,flat,accidentalFlat,2,
006944.png,flat,accidentalFlat,1,
006945.png,flat,accidentalFlat,-5,
006946.png,flat,accidentalFlat,-5,
006947.png,flat,accidentalFlat,2,
006948.png,flat,accidentalFlat,-2,
006949.png,flat,accidentalFlat,-1,
006950.png,flat,accidentalFlat,-2,
006951.png,flat,accidentalFlat,-5,
006952.png,flat,accidentalFlat,-2,
006953.png,rest_quarter,restQuarter,,
006954.png,rest_quarter,restQuarter,,
006955.png,dot,augmentationDot,,
006956.png,clef_treble,clefG,,
006957.png,rest_8th,rest8th,,
006958.png,rest_quarter,restQuarter,,
006959.png,rest_8th,rest8th,,
006960.png,rest_8th,rest8th,,
006961.png,rest_half,restHalf,,
006962.png,clef_treble,clefG,,
006963.png,rest_8th,rest8th,,
006964.png,rest_half,restHalf,,
006965.png,rest_half,restHalf,,
006966.png,rest_8th,rest8th,,
006967.png,clef_treble,clefG,,
006968.png,rest_8th,rest8th,,
006969.png,dot,augmentationDot,,
006970.png,clef_treble,clefG,,
006971.png,rest_whole,restWhole,,
006972.png,rest_8th,rest8th,,
006973.png,rest_whole,restWhole,,
006974.png,clef_treble,clefG,,
006975.png,rest_half,restHalf,,
006976.png,clef_treble,clefG,,
006977.png,clef_treble,clefG,,
006978.png,dot,augmentationDot,,
006979.png,dot,augmentationDot,,
006980.png,time_3,timeSig3,,
006981.png,time_4,timeSig4,,
006982.png,clef_bass,clefF,,
006983.png,clef_treble,clefG,,
006984.png,time_3,timeSig3,,
006985.png,time_4,timeSig4,,
006986.png,clef_treble,clefG,,
006987.png,time_3,timeSig3,,
006988.png,time_4,timeSig4,,
006989.png,rest_quarter,restQuarter,,
006990.png,dot,augmentationDot,,
006991.png,dot,augmentationDot,,
006992.png,clef_treble,clefG,,
006993.png,clef_bass,clefF,,
006994.png,clef_treble,clefG,,
006995.png,rest_whole,restWhole,,
006996.png,rest_whole,restWhole,,
006997.png,rest_whole,restWhole,,
006998.png,dot,augmentationDot,,
006999.png,dot,augmentationDot,,
007000.png,dot,augmentationDot,,
007001.png,dot,augmentationDot,,
007002.png,dot,augmentationDot,,
007003.png,dot,augmentationDot,,
007004.png,dot,augmentationDot,,
007005.png,clef_treble,clefG,,
007006.png,clef_treble,clefG,,
007007.png,clef_bass,clefF,,
007008.png,dot,augmentationDot,,
007009.png,dot,augmentationDot,,
007010.png,clef_bass,clefF,,
007011.png,clef_bass,clefF,,
007012.png,clef_treble,clefG,,
007013.png,clef_bass,clefF,,
007014.png,dot,augmentationDot,,
007015.png,clef_bass,clefF,,
007016.png,clef_bass,clefF,,
007017.png,clef_treble,clefG,,
007018.png,clef_bass,clefF,,
007019.png,dot,augmentationDot,,
007020.png,rest_8th,rest8th,,
007021.png,flat,accidentalFlat,3,
007022.png,natural,accidentalNatural,3,
007023.png,sharp,accidentalSharp,3,
007024.png,natural,accidentalNatural,0,
007025.png,natural,accidentalNatural,5,
007026.png,flat,accidentalFlat,3,
007027.png,natural,accidentalNatural,3,
007028.png,sharp,accidentalSharp,-4,
007029.png,natural,accidentalNatural,5,
007030.png,flat,accidentalFlat,3,
007031.png,natural,accidentalNatural,0,
007032.png,sharp,accidentalSharp,-4,
007033.png,natural,accidentalNatural,3,
007034.png,flat,accidentalFlat,3,
007035.png,sharp,accidentalSharp,3,
007036.png,flat,accidentalFlat,3,
007037.png,flat,accidentalFlat,3,
007038.png,flat,accidentalFlat,3,
007039.png,natural,accidentalNatural,3,
007040.png,sharp,accidentalSharp,-4,
007041.png,sharp,accidentalSharp,3,
007042.png,natural,accidentalNatural,3,
007043.png,flat,accidentalFlat,3,
007044.png,flat,accidentalFlat,3,
007045.png,natural,accidentalNatural,5,
007046.png,natural,accidentalNatural,0,
007047.png,natural,accidentalNatural,5,
007048.png,flat,accidentalFlat,3,
007049.png,sharp,accidentalSharp,-4,
007050.png,natural,accidentalNatural,0,
007051.png,sharp,accidentalSharp,3,
007052.png,flat,accidentalFlat,3,
007053.png,natural,accidentalNatural,3,
007054.png,flat,accidentalFlat,0,
007055.png,flat,accidentalFlat,-5,
007056.png,natural,accidentalNatural,1,
007057.png,flat,accidentalFlat,4,
007058.png,sharp,accidentalSharp,3,
007059.png,natural,accidentalNatural,5,
007060.png,natural,accidentalNatural,3,
007061.png,flat,accidentalFlat,3,
007062.png,sharp,accidentalSharp,-4,
007063.png,natural,accidentalNatural,0,
007064.png,flat,accidentalFlat,3,
007065.png,flat,accidentalFlat,3,
007066.png,natural,accidentalNatural,3,
007067.png,flat,accidentalFlat,3,
007068.png,sharp,accidentalSharp,5,
007069.png,natural,accidentalNatural,-2,
007070.png,sharp,accidentalSharp,8,
007071.png,sharp,accidentalSharp,-5,
007072.png,natural,accidentalNatural,-7,
007073.png,natural,accidentalNatural,5,
007074.png,flat,accidentalFlat,3,
007075.png,flat,accidentalFlat,3,
007076.png,natural,accidentalNatural,3,
007077.png,sharp,accidentalSharp,-4,
007078.png,natural,accidentalNatural,0,
007079.png,flat,accidentalFlat,3,
007080.png,natural,accidentalNatural,3,
007081.png,sharp,accidentalSharp,3,
007082.png,flat,accidentalFlat,-3,
007083.png,natural,accidentalNatural,9,
007084.png,natural,accidentalNatural,2,
007085.png,sharp,accidentalSharp,9,
007086.png,sharp,accidentalSharp,4,
007087.png,sharp,accidentalSharp,2,
007088.png,flat,accidentalFlat,-2,
007089.png,natural,accidentalNatural,4,
007090.png,natural,accidentalNatural,2,
007091.png,flat,accidentalFlat,8,
007092.png,natural,accidentalNatural,8,
007093.png,sharp,accidentalSharp,2,
007094.png,sharp,accidentalSharp,4,
007095.png,sharp,accidentalSharp,2,
007096.png,sharp,accidentalSharp,4,
007097.png,dot,augmentationDot,,
007098.png,dot,augmentationDot,,
007099.png,dot,augmentationDot,,
007100.png,clef_bass,clefF,,
007101.png,clef_treble,clefG,,
007102.png,dot,augmentationDot,,
007103.png,dot,augmentationDot,,
007104.png,dot,augmentationDot,,
007105.png,clef_bass,clefF,,
007106.png,clef_treble,clefG,,
007107.png,dot,augmentationDot,,
007108.png,dot,augmentationDot,,
007109.png,clef_bass,clefF,,
007110.png,clef_treble,clefG,,
007111.png,dot,augmentationDot,,
007112.png,rest_half,restHalf,,
007113.png,dot,augmentationDot,,
007114.png,clef_bass,clefF,,
007115.png,clef_treble,clefG,,
007116.png,dot,augmentationDot,,
007117.png,dot,augmentationDot,,
007118.png,dot,augmentationDot,,
007119.png,dot,augmentationDot,,
007120.png,dot,augmentationDot,,
007121.png,dot,augmentationDot,,
007122.png,dot,augmentationDot,,
007123.png,dot,augmentationDot,,
007124.png,dot,augmentationDot,,
007125.png,dot,augmentationDot,,
007126.png,dot,augmentationDot,,
007127.png,clef_bass,clefF,,
007128.png,clef_treble,clefG,,
007129.png,dot,augmentationDot,,
007130.png,dot,augmentationDot,,
007131.png,rest_8th,rest8th,,
007132.png,dot,augmentationDot,,
007133.png,dot,augmentationDot,,
007134.png,dot,augmentationDot,,
007135.png,dot,augmentationDot,,
007136.png,dot,augmentationDot,,
007137.png,clef_bass,clefF,,
007138.png,clef_treble,clefG,,
007139.png,dot,augmentationDot,,
007140.png,dot,augmentationDot,,
007141.png,dot,augmentationDot,,
007142.png,dot,augmentationDot,,
007143.png,dot,augmentationDot,,
007144.png,time_3,timeSig3,,
007145.png,time_4,timeSig4,,
007146.png,clef_treble,clefG,,
007147.png,dot,augmentationDot,,
007148.png,dot,augmentationDot,,
007149.png,clef_treble,clefG,,
007150.png,dot,augmentationDot,,
007151.png,clef_treble,clefG,,
007152.png,dot,augmentationDot,,
007153.png,clef_treble,clefG,,
007154.png,clef_treble,clefG,,
007155.png,dot,augmentationDot,,
007156.png,clef_treble,clefG,,
007157.png,sharp,accidentalSharp,-5,
007158.png,sharp,accidentalSharp,-5,
007159.png,sharp,accidentalSharp,-5,
007160.png,sharp,accidentalSharp,-5,
007161.png,sharp,accidentalSharp,-1,
007162.png,sharp,accidentalSharp,-1,
007163.png,natural,accidentalNatural,-2,
007164.png,natural,accidentalNatural,-3,
007165.png,sharp,accidentalSharp,-3,
007166.png,sharp,accidentalSharp,-3,
007167.png,sharp,accidentalSharp,-5,
007168.png,sharp,accidentalSharp,-6,
007169.png,sharp,accidentalSharp,-2,
007170.png,clef_treble,clefG,,
007171.png,time_2,timeSig2,,
007172.png,time_4,timeSig4,,
007173.png,clef_treble,clefG,,
007174.png,rest_quarter,restQuarter,,
007175.png,clef_treble,clefG,,
007176.png,rest_8th,rest8th,,
007177.png,rest_8th,rest8th,,
007178.png,clef_treble,clefG,,
007179.png,rest_8th,rest8th,,
007180.png,rest_8th,rest8th,,
007181.png,clef_treble,clefG,,
007182.png,rest_8th,rest8th,,
007183.png,rest_8th,rest8th,,
007184.png,rest_8th,rest8th,,
007185.png,clef_treble,clefG,,
007186.png,sharp,accidentalSharp,0,
007187.png,sharp,accidentalSharp,1,
007188.png,sharp,accidentalSharp,1,
007189.png,sharp,accidentalSharp,1,
007190.png,sharp,accidentalSharp,-1,
007191.png,sharp,accidentalSharp,-1,
007192.png,sharp,accidentalSharp,1,
007193.png,sharp,accidentalSharp,1,
007194.png,sharp,accidentalSharp,5,
007195.png,sharp,accidentalSharp,-1,
007196.png,sharp,accidentalSharp,6,
007197.png,sharp,accidentalSharp,0,
007198.png,sharp,accidentalSharp,-1,
007199.png,sharp,accidentalSharp,1,
007200.png,sharp,accidentalSharp,5,
007201.png,sharp,accidentalSharp,0,
007202.png,sharp,accidentalSharp,1,
007203.png,sharp,accidentalSharp,1,
007204.png,sharp,accidentalSharp,1,
007205.png,sharp,accidentalSharp,1,
007206.png,sharp,accidentalSharp,5,
007207.png,natural,accidentalNatural,1,
007208.png,natural,accidentalNatural,1,
007209.png,natural,accidentalNatural,1,
007210.png,natural,accidentalNatural,5,
007211.png,sharp,accidentalSharp,6,
007212.png,natural,accidentalNatural,2,
007213.png,natural,accidentalNatural,2,
007214.png,flat,accidentalFlat,-2,
007215.png,sharp,accidentalSharp,1,
007216.png,sharp,accidentalSharp,1,
007217.png,sharp,accidentalSharp,5,
007218.png,sharp,accidentalSharp,1,
007219.png,sharp,accidentalSharp,2,
007220.png,sharp,accidentalSharp,6,
007221.png,sharp,accidentalSharp,2,
007222.png,sharp,accidentalSharp,2,
007223.png,sharp,accidentalSharp,-2,
007224.png,sharp,accidentalSharp,-2,
007225.png,sharp,accidentalSharp,2,
007226.png,natural,accidentalNatural,6,
007227.png,natural,accidentalNatural,2,
007228.png,sharp,accidentalSharp,7,
007229.png,sharp,accidentalSharp,-2,
007230.png,dot,augmentationDot,,
007231.png,dot,augmentationDot,,
007232.png,dot,augmentationDot,,
007233.png,dot,augmentationDot,,
007234.png,rest_whole,restWhole,,
007235.png,rest_whole,restWhole,,
007236.png,rest_whole,restWhole,,
007237.png,rest_whole,restWhole,,
007238.png,rest_whole,restWhole,,
007239.png,rest_whole,restWhole,,
007240.png,rest_quarter,restQuarter,,
007241.png,rest_quarter,restQuarter,,
007242.png,rest_quarter,restQuarter,,
007243.png,rest_quarter,restQuarter,,
007244.png,rest_quarter,restQuarter,,
007245.png,dot,augmentationDot,,
007246.png,dot,augmentationDot,,
007247.png,rest_quarter,restQuarter,,
007248.png,rest_quarter,restQuarter,,
007249.png,rest_quarter,restQuarter,,
007250.png,clef_bass,clefF,,
007251.png,rest_whole,restWhole,,
007252.png,rest_whole,restWhole,,
007253.png,rest_whole,restWhole,,
007254.png,clef_alto,clefCAlto,,
007255.png,clef_treble,clefG,,
007256.png,clef_treble,clefG,,
007257.png,clef_bass,clefF,,
007258.png,clef_treble,clefG,,
007259.png,clef_treble,clefG,,
007260.png,rest_8th,rest8th,,
007261.png,rest_8th,rest8th,,
007262.png,rest_8th,rest8th,,
007263.png,rest_quarter,restQuarter,,
007264.png,rest_8th,rest8th,,
007265.png,rest_8th,rest8th,,
007266.png,rest_8th,rest8th,,
007267.png,rest_8th,rest8th,,
007268.png,dot,augmentationDot,,
007269.png,rest_quarter,restQuarter,,
007270.png,rest_quarter,restQuarter,,
007271.png,rest_quarter,restQuarter,,
007272.png,rest_quarter,restQuarter,,
007273.png,rest_quarter,restQuarter,,
007274.png,rest_whole,restWhole,,
007275.png,rest_whole,restWhole,,
007276.png,rest_whole,restWhole,,
007277.png,rest_whole,restWhole,,
007278.png,rest_whole,restWhole,,
007279.png,dot,augmentationDot,,
007280.png,dot,augmentationDot,,
007281.png,dot,augmentationDot,,
007282.png,dot,augmentationDot,,
007283.png,clef_bass,clefF,,
007284.png,rest_whole,restWhole,,
007285.png,rest_whole,restWhole,,
007286.png,clef_alto,clefCAlto,,
007287.png,clef_treble,clefG,,
007288.png,clef_treble,clefG,,
007289.png,clef_bass,clefF,,
007290.png,clef_treble,clefG,,
007291.png,clef_treble,clefG,,
007292.png,rest_8th,rest8th,,
007293.png,rest_8th,rest8th,,
007294.png,rest_8th,rest8th,,
007295.png,rest_8th,rest8th,,
007296.png,flat,accidentalFlat,1,
007297.png,flat,accidentalFlat,2,
007298.png,flat,accidentalFlat,-5,
007299.png,flat,accidentalFlat,1,
007300.png,flat,accidentalFlat,2,
007301.png,flat,accidentalFlat,1,
007302.png,flat,accidentalFlat,-5,
007303.png,flat,accidentalFlat,-5,
007304.png,flat,accidentalFlat,2,
007305.png,flat,accidentalFlat,-2,
007306.png,flat,accidentalFlat,-1,
007307.png,flat,accidentalFlat,-2,
007308.png,flat,accidentalFlat,-5,
007309.png,flat,accidentalFlat,-2,
007310.png,rest_quarter,restQuarter,,
007311.png,rest_quarter,restQuarter,,
007312.png,dot,augmentationDot,,
007313.png,clef_treble,clefG,,
007314.png,rest_8th,rest8th,,
007315.png,rest_quarter,restQuarter,,
007316.png,rest_8th,rest8th,,
007317.png,rest_8th,rest8th,,
007318.png,rest_half,restHalf,,
007319.png,clef_treble,clefG,,
007320.png,rest_8th,rest8th,,
007321.png,rest_half,restHalf,,
007322.png,rest_half,restHalf,,
007323.png,rest_8th,rest8th,,
007324.png,clef_treble,clefG,,
007325.png,rest_8th,rest8th,,
007326.png,dot,augmentationDot,,
007327.png,clef_treble,clefG,,
007328.png,rest_whole,restWhole,,
007329.png,rest_8th,rest8th,,
007330.png,rest_whole,restWhole,,
007331.png,clef_treble,clefG,,
007332.png,rest_half,restHalf,,
007333.png,clef_treble,clefG,,
007334.png,clef_treble,clefG,,
007335.png,rest_8th,rest8th,,
007336.png,rest_8th,rest8th,,
007337.png,rest_8th,rest8th,,
007338.png,rest_8th,rest8th,,
007339.png,rest_8th,rest8th,,
007340.png,rest_8th,rest8th,,
007341.png,rest_8th,rest8th,,
007342.png,rest_8th,rest8th,,
007343.png,clef_8,clef8,,
007344.png,clef_bass,clefF,,
007345.png,clef_treble,clefG,,
007346.png,clef_8,clef8,,
007347.png,clef_treble,clefG,,
007348.png,clef_treble,clefG,,
007349.png,clef_treble,clefG,,
007350.png,clef_8,clef8,,
007351.png,rest_8th,rest8th,,
007352.png,rest_8th,rest8th,,
007353.png,rest_8th,rest8th,,
007354.png,rest_8th,rest8th,,
007355.png,rest_8th,rest8th,,
007356.png,rest_8th,rest8th,,
007357.png,rest_8th,rest8th,,
007358.png,rest_8th,rest8th,,
007359.png,clef_8,clef8,,
007360.png,clef_bass,clefF,,
007361.png,clef_8,clef8,,
007362.png,clef_treble,clefG,,
007363.png,clef_treble,clefG,,
007364.png,clef_treble,clefG,,
007365.png,clef_8,clef8,,
007366.png,clef_treble,clefG,,
007367.png,rest_8th,rest8th,,
007368.png,rest_8th,rest8th,,
007369.png,rest_8th,rest8th,,
007370.png,rest_8th,rest8th,,
007371.png,sharp,accidentalSharp,5,
007372.png,sharp,accidentalSharp,5,
007373.png,sharp,accidentalSharp,5,
007374.png,sharp,accidentalSharp,-2,
007375.png,sharp,accidentalSharp,5,
007376.png,sharp,accidentalSharp,-2,
007377.png,sharp,accidentalSharp,-2,
007378.png,dot,augmentationDot,,
007379.png,dot,augmentationDot,,
007380.png,dot,augmentationDot,,
007381.png,dot,augmentationDot,,
007382.png,dot,augmentationDot,,
007383.png,dot,augmentationDot,,
007384.png,dot,augmentationDot,,
007385.png,dot,augmentationDot,,
007386.png,clef_treble,clefG,,
007387.png,clef_treble,clefG,,
007388.png,time_3,timeSig3,,
007389.png,time_3,timeSig3,,
007390.png,time_2,timeSig2,,
007391.png,time_3,timeSig3,,
007392.png,time_3,timeSig3,,
007393.png,time_2,timeSig2,,
007394.png,dot,augmentationDot,,
007395.png,dot,augmentationDot,,
007396.png,dot,augmentationDot,,
007397.png,dot,augmentationDot,,
007398.png,clef_treble,clefG,,
007399.png,clef_treble,clefG,,
007400.png,clef_treble,clefG,,
007401.png,clef_treble,clefG,,
007402.png,clef_treble,clefG,,
007403.png,clef_treble,clefG,,
007404.png,clef_treble,clefG,,
007405.png,clef_treble,clefG,,
007406.png,rest_quarter,restQuarter,,
007407.png,dot,augmentationDot,,
007408.png,dot,augmentationDot,,
007409.png,rest_quarter,restQuarter,,
007410.png,rest_8th,rest8th,,
007411.png,rest_8th,rest8th,,
007412.png,dot,augmentationDot,,
007413.png,dot,augmentationDot,,
007414.png,dot,augmentationDot,,
007415.png,rest_quarter,restQuarter,,
007416.png,dot,augmentationDot,,
007417.png,rest_quarter,restQuarter,,
007418.png,dot,augmentationDot,,
007419.png,clef_bass,clefF,,
007420.png,clef_bass,clefF,,
007421.png,dot,augmentationDot,,
007422.png,clef_bass,clefF,,
007423.png,clef_bass,clefF,,
007424.png,dot,augmentationDot,,
007425.png,dot,augmentationDot,,
007426.png,dot,augmentationDot,,
007427.png,dot,augmentationDot,,
007428.png,rest_quarter,restQuarter,,
007429.png,dot,augmentationDot,,
007430.png,dot,augmentationDot,,
007431.png,rest_quarter,restQuarter,,
007432.png,rest_quarter,restQuarter,,
007433.png,dot,augmentationDot,,
007434.png,rest_quarter,restQuarter,,
007435.png,dot,augmentationDot,,
007436.png,rest_quarter,restQuarter,,
007437.png,clef_bass,clefF,,
007438.png,clef_bass,clefF,,
007439.png,clef_bass,clefF,,
007440.png,clef_bass,clefF,,
007441.png,rest_quarter,restQuarter,,
007442.png,dot,augmentationDot,,
007443.png,dot,augmentationDot,,
007444.png,rest_quarter,restQuarter,,
007445.png,rest_quarter,restQuarter,,
007446.png,dot,augmentationDot,,
007447.png,rest_quarter,restQuarter,,
007448.png,rest_quarter,restQuarter,,
007449.png,dot,augmentationDot,,
007450.png,rest_half,restHalf,,
007451.png,rest_half,restHalf,,
007452.png,dot,augmentationDot,,
007453.png,dot,augmentationDot,,
007454.png,dot,augmentationDot,,
007455.png,dot,augmentationDot,,
007456.png,dot,augmentationDot,,
007457.png,dot,augmentationDot,,
007458.png,dot,augmentationDot,,
007459.png,dot,augmentationDot,,
007460.png,rest_quarter,restQuarter,,
007461.png,dot,augmentationDot,,
007462.png,clef_bass,clefF,,
007463.png,clef_bass,clefF,,
007464.png,clef_bass,clefF,,
007465.png,clef_bass,clefF,,
007466.png,rest_whole,restWhole,,
007467.png,rest_whole,restWhole,,
007468.png,rest_quarter,restQuarter,,
007469.png,dot,augmentationDot,,
007470.png,rest_half,restHalf,,
007471.png,rest_half,restHalf,,
007472.png,rest_quarter,restQuarter,,
007473.png,rest_quarter,restQuarter,,
007474.png,dot,augmentationDot,,
007475.png,dot,augmentationDot,,
007476.png,rest_quarter,restQuarter,,
007477.png,dot,augmentationDot,,
007478.png,rest_8th,rest8th,,
007479.png,rest_8th,rest8th,,
007480.png,time_4,timeSig4,,
007481.png,time_4,timeSig4,,
007482.png,clef_bass,clefF,,
007483.png,time_4,timeSig4,,
007484.png,time_4,timeSig4,,
007485.png,clef_treble,clefG,,
007486.png,clef_bass,clefF,,
007487.png,clef_treble,clefG,,
007488.png,clef_bass,clefF,,
007489.png,clef_treble,clefG,,
007490.png,clef_bass,clefF,,
007491.png,clef_treble,clefG,,
007492.png,clef_bass,clefF,,
007493.png,clef_treble,clefG,,
007494.png,rest_8th,rest8th,,
007495.png,rest_8th,rest8th,,
007496.png,rest_8th,rest8th,,
007497.png,clef_treble,clefG,,
007498.png,clef_bass,clefF,,
007499.png,clef_treble,clefG,,
007500.png,clef_treble,clefG,,
007501.png,clef_bass,clefF,,
007502.png,clef_bass,clefF,,
007503.png,clef_8,clef8,,
007504.png,rest_8th,rest8th,,
007505.png,rest_quarter,restQuarter,,
007506.png,rest_quarter,restQuarter,,
007507.png,clef_8,clef8,,
007508.png,clef_bass,clefF,,
007509.png,clef_bass,clefF,,
007510.png,clef_treble,clefG,,
007511.png,clef_bass,clefF,,
007512.png,clef_treble,clefG,,
007513.png,clef_treble,clefG,,
007514.png,dot,augmentationDot,,
007515.png,dot,augmentationDot,,
007516.png,sharp,accidentalSharp,1,
007517.png,sharp,accidentalSharp,8,
007518.png,flat,accidentalFlat,-5,
007519.png,flat,accidentalFlat,2,
007520.png,natural,accidentalNatural,-5,
007521.png,natural,accidentalNatural,2,
007522.png,sharp,accidentalSharp,1,
007523.png,sharp,accidentalSharp,8,
007524.png,sharp,accidentalSharp,1,
007525.png,sharp,accidentalSharp,8,
007526.png,rest_quarter,restQuarter,,
007527.png,rest_quarter,restQuarter,,
007528.png,rest_quarter,restQuarter,,
007529.png,rest_8th,rest8th,,
007530.png,dot,augmentationDot,,
007531.png,clef_treble,clefG,,
007532.png,clef_bass,clefF,,
007533.png,clef_treble,clefG,,
007534.png,rest_half,restHalf,,
007535.png,rest_whole,restWhole,,
007536.png,clef_treble,clefG,,
007537.png,dot,augmentationDot,,
007538.png,rest_quarter,restQuarter,,
007539.png,dot,augmentationDot,,
007540.png,dot,augmentationDot,,
007541.png,sharp,accidentalSharp,3,
007542.png,sharp,accidentalSharp,7,
007543.png,sharp,accidentalSharp,4,
007544.png,natural,accidentalNatural,4,
007545.png,sharp,accidentalSharp,4,
007546.png,sharp,accidentalSharp,6,
007547.png,sharp,accidentalSharp,3,
007548.png,sharp,accidentalSharp,1,
007549.png,sharp,accidentalSharp,4,
007550.png,sharp,accidentalSharp,7,
007551.png,sharp,accidentalSharp,6,
007552.png,sharp,accidentalSharp,0,
007553.png,sharp,accidentalSharp,3,
007554.png,sharp,accidentalSharp,0,
007555.png,natural,accidentalNatural,9,
007556.png,sharp,accidentalSharp,-3,
007557.png,natural,accidentalNatural,-1,
007558.png,double_sharp,accidentalDoubleSharp,2,
007559.png,sharp,accidentalSharp,0,
007560.png,sharp,accidentalSharp,3,
007561.png,sharp,accidentalSharp,-2,
007562.png,sharp,accidentalSharp,-4,
007563.png,sharp,accidentalSharp,-3,
007564.png,sharp,accidentalSharp,6,
007565.png,sharp,accidentalSharp,3,
007566.png,natural,accidentalNatural,5,
007567.png,natural,accidentalNatural,-3,
007568.png,sharp,accidentalSharp,3,
007569.png,sharp,accidentalSharp,3,
007570.png,sharp,accidentalSharp,3,
007571.png,natural,accidentalNatural,5,
007572.png,dot,augmentationDot,,
007573.png,dot,augmentationDot,,
007574.png,rest_whole,restWhole,,
007575.png,rest_quarter,restQuarter,,
007576.png,clef_bass,clefF,,
007577.png,rest_half,restHalf,,
007578.png,clef_tenor,clefCTenor,,
007579.png,rest_quarter,restQuarter,,
007580.png,dot,augmentationDot,,
007581.png,rest_8th,rest8th,,
007582.png,rest_quarter,restQuarter,,
007583.png,dot,augmentationDot,,
007584.png,rest_quarter,restQuarter,,
007585.png,dot,augmentationDot,,
007586.png,dot,augmentationDot,,
007587.png,clef_tenor,clefCTenor,,
007588.png,dot,augmentationDot,,
007589.png,dot,augmentationDot,,
007590.png,dot,augmentationDot,,
007591.png,dot,augmentationDot,,
007592.png,rest_8th,rest8th,,
007593.png,dot,augmentationDot,,
007594.png,rest_8th,rest8th,,
007595.png,rest_quarter,restQuarter,,
007596.png,dot,augmentationDot,,
007597.png,dot,augmentationDot,,
007598.png,dot,augmentationDot,,
007599.png,clef_tenor,clefCTenor,,
007600.png,clef_tenor,clefCTenor,,
007601.png,clef_tenor,clefCTenor,,
007602.png,rest_16th,rest16th,,
007603.png,clef_tenor,clefCTenor,,
007604.png,clef_bass,clefF,,
007605.png,clef_tenor,clefCTenor,,
007606.png,clef_bass,clefF,,
007607.png,clef_treble,clefG,,
007608.png,clef_tenor,clefCTenor,,
007609.png,rest_16th,rest16th,,
007610.png,clef_bass,clefF,,
007611.png,clef_tenor,clefCTenor,,
007612.png,rest_16th,rest16th,,
007613.png,rest_8th,rest8th,,
007614.png,clef_tenor,clefCTenor,,
007615.png,dot,augmentationDot,,
007616.png,rest_half,restHalf,,
007617.png,rest_quarter,restQuarter,,
007618.png,rest_whole,restWhole,,
007619.png,rest_half,restHalf,,
007620.png,rest_8th,rest8th,,
007621.png,rest_16th,rest16th,,
007622.png,clef_treble,clefG,,
007623.png,rest_16th,rest16th,,
007624.png,dot,augmentationDot,,
007625.png,dot,augmentationDot,,
007626.png,rest_8th,rest8th,,
007627.png,dot,augmentationDot,,
007628.png,dot,augmentationDot,,
007629.png,rest_8th,rest8th,,
007630.png,clef_tenor,clefCTenor,,
007631.png,rest_half,restHalf,,
007632.png,rest_whole,restWhole,,
007633.png,dot,augmentationDot,,
007634.png,rest_8th,rest8th,,
007635.png,dot,augmentationDot,,
007636.png,rest_quarter,restQuarter,,
007637.png,dot,augmentationDot,,
007638.png,clef_tenor,clefCTenor,,
007639.png,dot,augmentationDot,,
007640.png,clef_bass,clefF,,
007641.png,rest_half,restHalf,,
007642.png,rest_8th,rest8th,,
007643.png,dot,augmentationDot,,
007644.png,clef_treble,clefG,,
007645.png,clef_bass,clefF,,
007646.png,dot,augmentationDot,,
007647.png,rest_8th,rest8th,,
007648.png,dot,augmentationDot,,
007649.png,rest_8th,rest8th,,
007650.png,dot,augmentationDot,,
007651.png,dot,augmentationDot,,
007652.png,rest_quarter,restQuarter,,
007653.png,rest_quarter,restQuarter,,
007654.png,rest_quarter,restQuarter,,
007655.png,rest_quarter,restQuarter,,
007656.png,rest_8th,rest8th,,
007657.png,rest_8th,rest8th,,
007658.png,rest_quarter,restQuarter,,
007659.png,rest_quarter,restQuarter,,
007660.png,rest_quarter,restQuarter,,
007661.png,rest_8th,rest8th,,
007662.png,rest_8th,rest8th,,
007663.png,rest_8th,rest8th,,
007664.png,rest_8th,rest8th,,
007665.png,rest_8th,rest8th,,
007666.png,rest_8th,rest8th,,
007667.png,rest_8th,rest8th,,
007668.png,rest_8th,rest8th,,
007669.png,rest_8th,rest8th,,
007670.png,rest_8th,rest8th,,
007671.png,rest_8th,rest8th,,
007672.png,rest_quarter,restQuarter,,
007673.png,rest_quarter,restQuarter,,
007674.png,rest_quarter,restQuarter,,
007675.png,clef_treble,clefG,,
007676.png,clef_alto,clefCAlto,,
007677.png,clef_bass,clefF,,
007678.png,clef_bass,clefF,,
007679.png,clef_8,clef8,,
007680.png,clef_treble,clefG,,
007681.png,dot,augmentationDot,,
007682.png,dot,augmentationDot,,
007683.png,clef_tenor,clefCTenor,,
007684.png,rest_8th,rest8th,,
007685.png,rest_8th,rest8th,,
007686.png,rest_8th,rest8th,,
007687.png,rest_8th,rest8th,,
007688.png,rest_8th,rest8th,,
007689.png,rest_8th,rest8th,,
007690.png,rest_8th,rest8th,,
007691.png,rest_8th,rest8th,,
007692.png,rest_8th,rest8th,,
007693.png,rest_quarter,restQuarter,,
007694.png,rest_8th,rest8th,,
007695.png,rest_8th,rest8th,,
007696.png,clef_treble,clefG,,
007697.png,clef_alto,clefCAlto,,
007698.png,clef_tenor,clefCTenor,,
007699.png,clef_bass,clefF,,
007700.png,clef_8,clef8,,
007701.png,rest_8th,rest8th,,
007702.png,rest_8th,rest8th,,
007703.png,clef_treble,clefG,,
007704.png,rest_8th,rest8th,,
007705.png,dot,augmentationDot,,
007706.png,rest_quarter,restQuarter,,
007707.png,rest_quarter,restQuarter,,
007708.png,dot,augmentationDot,,
007709.png,rest_8th,rest8th,,
007710.png,rest_8th,rest8th,,
007711.png,rest_quarter,restQuarter,,
007712.png,rest_quarter,restQuarter,,
007713.png,sharp,accidentalSharp,14,
007714.png,sharp,accidentalSharp,13,
007715.png,sharp,accidentalSharp,7,
007716.png,sharp,accidentalSharp,6,
007717.png,sharp,accidentalSharp,0,
007718.png,sharp,accidentalSharp,7,
007719.png,sharp,accidentalSharp,7,
007720.png,sharp,accidentalSharp,6,
007721.png,sharp,accidentalSharp,4,
007722.png,sharp,accidentalSharp,14,
007723.png,natural,accidentalNatural,4,
007724.png,natural,accidentalNatural,6,
007725.png,natural,accidentalNatural,14,
007726.png,sharp,accidentalSharp,4,
007727.png,sharp,accidentalSharp,14,
007728.png,sharp,accidentalSharp,7,
007729.png,sharp,accidentalSharp,6,
007730.png,flat,accidentalFlat,8,
007731.png,sharp,accidentalSharp,3,
007732.png,natural,accidentalNatural,16,
007733.png,natural,accidentalNatural,9,
007734.png,sharp,accidentalSharp,10,
007735.png,natural,accidentalNatural,9,
007736.png,sharp,accidentalSharp,7,
007737.png,natural,accidentalNatural,14,
007738.png,sharp,accidentalSharp,14,
007739.png,sharp,accidentalSharp,13,
007740.png,natural,accidentalNatural,16,
007741.png,dot,augmentationDot,,
007742.png,rest_8th,rest8th,,
007743.png,rest_8th,rest8th,,
007744.png,clef_bass,clefF,,
007745.png,clef_bass,clefF,,
007746.png,dot,augmentationDot,,
007747.png,dot,augmentationDot,,
007748.png,rest_8th,rest8th,,
007749.png,rest_8th,rest8th,,
007750.png,dot,augmentationDot,,
007751.png,rest_8th,rest8th,,
007752.png,rest_8th,rest8th,,
007753.png,clef_bass,clefF,,
007754.png,clef_bass,clefF,,
007755.png,dot,augmentationDot,,
007756.png,rest_8th,rest8th,,
007757.png,rest_8th,rest8th,,
007758.png,dot,augmentationDot,,
007759.png,rest_8th,rest8th,,
007760.png,clef_bass,clefF,,
007761.png,clef_bass,clefF,,
007762.png,dot,augmentationDot,,
007763.png,rest_8th,rest8th,,
007764.png,rest_8th,rest8th,,
007765.png,dot,augmentationDot,,
007766.png,rest_16th,rest16th,,
007767.png,rest_8th,rest8th,,
007768.png,rest_16th,rest16th,,
007769.png,rest_8th,rest8th,,
007770.png,dot,augmentationDot,,
007771.png,dot,augmentationDot,,
007772.png,dot,augmentationDot,,
007773.png,dot,augmentationDot,,
007774.png,clef_bass,clefF,,
007775.png,clef_bass,clefF,,
007776.png,rest_quarter,restQuarter,,
007777.png,rest_16th,rest16th,,
007778.png,dot,augmentationDot,,
007779.png,dot,augmentationDot,,
007780.png,dot,augmentationDot,,
007781.png,dot,augmentationDot,,
007782.png,dot,augmentationDot,,
007783.png,dot,augmentationDot,,
007784.png,clef_bass,clefF,,
007785.png,clef_bass,clefF,,
007786.png,dot,augmentationDot,,
007787.png,dot,augmentationDot,,
007788.png,sharp,accidentalSharp,6,
007789.png,sharp,accidentalSharp,6,
007790.png,sharp,accidentalSharp,-1,
007791.png,rest_8th,rest8th,,
007792.png,dot,augmentationDot,,
007793.png,rest_8th,rest8th,,
007794.png,rest_8th,rest8th,,
007795.png,rest_8th,rest8th,,
007796.png,rest_8th,rest8th,,
007797.png,rest_8th,rest8th,,
007798.png,rest_8th,rest8th,,
007799.png,rest_8th,rest8th,,
007800.png,rest_8th,rest8th,,
007801.png,dot,augmentationDot,,
007802.png,time_4,timeSig4,,
007803.png,time_4,timeSig4,,
007804.png,clef_8,clef8,,
007805.png,clef_treble,clefG,,
007806.png,rest_8th,rest8th,,
007807.png,dot,augmentationDot,,
007808.png,rest_8th,rest8th,,
007809.png,rest_8th,rest8th,,
007810.png,rest_8th,rest8th,,
007811.png,rest_8th,rest8th,,
007812.png,dot,augmentationDot,,
007813.png,rest_8th,rest8th,,
007814.png,rest_8th,rest8th,,
007815.png,rest_8th,rest8th,,
007816.png,rest_8th,rest8th,,
007817.png,dot,augmentationDot,,
007818.png,rest_8th,rest8th,,
007819.png,rest_8th,rest8th,,
007820.png,dot,augmentationDot,,
007821.png,rest_8th,rest8th,,
007822.png,clef_8,clef8,,
007823.png,clef_treble,clefG,,
007824.png,rest_8th,rest8th,,
007825.png,rest_8th,rest8th,,
007826.png,dot,augmentationDot,,
007827.png,rest_8th,rest8th,,
007828.png,rest_8th,rest8th,,
007829.png,dot,augmentationDot,,
007830.png,rest_8th,rest8th,,
007831.png,rest_quarter,restQuarter,,
007832.png,rest_8th,rest8th,,
007833.png,dot,augmentationDot,,
007834.png,rest_8th,rest8th,,
007835.png,rest_quarter,restQuarter,,
007836.png,dot,augmentationDot,,
007837.png,rest_8th,rest8th,,
007838.png,rest_8th,rest8th,,
007839.png,rest_8th,rest8th,,
007840.png,rest_8th,rest8th,,
007841.png,clef_8,clef8,,
007842.png,clef_treble,clefG,,
007843.png,rest_8th,rest8th,,
007844.png,rest_8th,rest8th,,
007845.png,rest_8th,rest8th,,
007846.png,rest_8th,rest8th,,
007847.png,rest_8th,rest8th,,
007848.png,rest_quarter,restQuarter,,
007849.png,rest_8th,rest8th,,
007850.png,rest_8th,rest8th,,
007851.png,rest_8th,rest8th,,
007852.png,rest_8th,rest8th,,
007853.png,rest_8th,rest8th,,
007854.png,dot,augmentationDot,,
007855.png,clef_treble,clefG,,
007856.png,clef_8,clef8,,
007857.png,dot,augmentationDot,,
007858.png,rest_8th,rest8th,,
007859.png,rest_8th,rest8th,,
007860.png,dot,augmentationDot,,
007861.png,rest_8th,rest8th,,
007862.png,rest_8th,rest8th,,
007863.png,rest_8th,rest8th,,
007864.png,rest_8th,rest8th,,
007865.png,rest_8th,rest8th,,
007866.png,rest_quarter,restQuarter,,
007867.png,rest_8th,rest8th,,
007868.png,clef_treble,clefG,,
007869.png,rest_8th,rest8th,,
007870.png,rest_8th,rest8th,,
007871.png,clef_8,clef8,,
007872.png,rest_quarter,restQuarter,,
007873.png,rest_8th,rest8th,,
007874.png,natural,accidentalNatural,1,
007875.png,sharp,accidentalSharp,-1,
007876.png,dot,augmentationDot,,
007877.png,dot,augmentationDot,,
007878.png,dot,augmentationDot,,
007879.png,dot,augmentationDot,,
007880.png,rest_half,restHalf,,
007881.png,dot,augmentationDot,,
007882.png,dot,augmentationDot,,
007883.png,time_4,timeSig4,,
007884.png,time_4,timeSig4,,
007885.png,dot,augmentationDot,,
007886.png,time_4,timeSig4,,
007887.png,time_4,timeSig4,,
007888.png,clef_treble,clefG,,
007889.png,clef_8,clef8,,
007890.png,clef_treble,clefG,,
007891.png,dot,augmentationDot,,
007892.png,rest_half,restHalf,,
007893.png,dot,augmentationDot,,
007894.png,dot,augmentationDot,,
007895.png,rest_half,restHalf,,
007896.png,rest_quarter,restQuarter,,
007897.png,rest_quarter,restQuarter,,
007898.png,dot,augmentationDot,,
007899.png,clef_treble,clefG,,
007900.png,clef_8,clef8,,
007901.png,clef_treble,clefG,,
007902.png,dot,augmentationDot,,
007903.png,rest_half,restHalf,,
007904.png,rest_quarter,restQuarter,,
007905.png,rest_8th,rest8th,,
007906.png,dot,augmentationDot,,
007907.png,rest_whole,restWhole,,
007908.png,rest_whole,restWhole,,
007909.png,rest_whole,restWhole,,
007910.png,clef_8,clef8,,
007911.png,clef_treble,clefG,,
007912.png,clef_treble,clefG,,
007913.png,dot,augmentationDot,,
007914.png,dot,augmentationDot,,
007915.png,clef_treble,clefG,,
007916.png,clef_8,clef8,,
007917.png,clef_treble,clefG,,
007918.png,clef_treble,clefG,,
007919.png,clef_8,clef8,,
007920.png,clef_treble,clefG,,
007921.png,sharp,accidentalSharp,2,
007922.png,sharp,accidentalSharp,2,
007923.png,natural,accidentalNatural,-2,
007924.png,natural,accidentalNatural,5,
007925.png,sharp,accidentalSharp,0,
007926.png,sharp,accidentalSharp,2,
007927.png,natural,accidentalNatural,3,
007928.png,sharp,accidentalSharp,4,
007929.png,natural,accidentalNatural,3,
007930.png,sharp,accidentalSharp,-1,
007931.png,natural,accidentalNatural,5,
007932.png,sharp,accidentalSharp,-1,
007933.png,dot,augmentationDot,,
007934.png,dot,augmentationDot,,
007935.png,rest_whole,restWhole,,
007936.png,rest_whole,restWhole,,
007937.png,rest_whole,restWhole,,
007938.png,rest_whole,restWhole,,
007939.png,rest_whole,restWhole,,
007940.png,rest_whole,restWhole,,
007941.png,rest_whole,restWhole,,
007942.png,rest_whole,restWhole,,
007943.png,rest_whole,restWhole,,
007944.png,rest_whole,restWhole,,
007945.png,rest_whole,restWhole,,
007946.png,rest_whole,restWhole,,
007947.png,rest_whole,restWhole,,
007948.png,dot,augmentationDot,,
007949.png,dot,augmentationDot,,
007950.png,rest_whole,restWhole,,
007951.png,clef_bass,clefF,,
007952.png,clef_treble,clefG,,
007953.png,clef_treble,clefG,,
007954.png,rest_whole,restWhole,,
007955.png,rest_whole,restWhole,,
007956.png,rest_whole,restWhole,,
007957.png,rest_whole,restWhole,,
007958.png,dot,augmentationDot,,
007959.png,clef_bass,clefF,,
007960.png,rest_8th,rest8th,,
007961.png,rest_whole,restWhole,,
007962.png,rest_whole,restWhole,,
007963.png,rest_whole,restWhole,,
007964.png,rest_whole,restWhole,,
007965.png,rest_whole,restWhole,,
007966.png,rest_whole,restWhole,,
007967.png,rest_whole,restWhole,,
007968.png,rest_whole,restWhole,,
007969.png,rest_whole,restWhole,,
007970.png,rest_whole,restWhole,,
007971.png,rest_whole,restWhole,,
007972.png,clef_treble,clefG,,
007973.png,clef_treble,clefG,,
007974.png,rest_whole,restWhole,,
007975.png,clef_bass,clefF,,
007976.png,clef_bass,clefF,,
007977.png,rest_whole,restWhole,,
007978.png,rest_whole,restWhole,,
007979.png,rest_whole,restWhole,,
007980.png,rest_whole,restWhole,,
007981.png,dot,augmentationDot,,
007982.png,rest_8th,rest8th,,
007983.png,rest_quarter,restQuarter,,
007984.png,rest_whole,restWhole,,
007985.png,rest_whole,restWhole,,
007986.png,rest_whole,restWhole,,
007987.png,rest_whole,restWhole,,
007988.png,rest_whole,restWhole,,
007989.png,rest_8th,rest8th,,
007990.png,clef_treble,clefG,,
007991.png,clef_treble,clefG,,
007992.png,clef_bass,clefF,,
007993.png,clef_bass,clefF,,
007994.png,rest_whole,restWhole,,
007995.png,rest_whole,restWhole,,
007996.png,rest_whole,restWhole,,
007997.png,rest_whole,restWhole,,
007998.png,rest_whole,restWhole,,
007999.png,rest_quarter,restQuarter,,
008000.png,rest_quarter,restQuarter,,
008001.png,rest_8th,rest8th,,
008002.png,rest_whole,restWhole,,
008003.png,rest_whole,restWhole,,
008004.png,rest_whole,restWhole,,
008005.png,rest_whole,restWhole,,
008006.png,rest_whole,restWhole,,
008007.png,rest_whole,restWhole,,
008008.png,clef_treble,clefG,,
008009.png,rest_whole,restWhole,,
008010.png,rest_whole,restWhole,,
008011.png,rest_whole,restWhole,,
008012.png,clef_bass,clefF,,
008013.png,time_cut,timeSigCutCommon,,
008014.png,time_cut,timeSigCutCommon,,
008015.png,clef_treble,clefG,,
008016.png,time_cut,timeSigCutCommon,,
008017.png,clef_treble,clefG,,
008018.png,time_cut,timeSigCutCommon,,
008019.png,rest_whole,restWhole,,
008020.png,rest_whole,restWhole,,
008021.png,clef_treble,clefG,,
008022.png,clef_treble,clefG,,
008023.png,rest_whole,restWhole,,
008024.png,clef_bass,clefF,,
008025.png,clef_treble,clefG,,
008026.png,dot,augmentationDot,,
008027.png,clef_treble,clefG,,
008028.png,clef_bass,clefF,,
008029.png,clef_treble,clefG,,
008030.png,clef_treble,clefG,,
008031.png,clef_treble,clefG,,
008032.png,time_3,timeSig3,,
008033.png,time_4,timeSig4,,
008034.png,clef_treble,clefG,,
008035.png,rest_half,restHalf,,
008036.png,time_3,timeSig3,,
008037.png,time_4,timeSig4,,
008038.png,rest_half,restHalf,,
008039.png,clef_treble,clefG,,
008040.png,clef_treble,clefG,,
008041.png,dot,augmentationDot,,
008042.png,dot,augmentationDot,,
008043.png,clef_treble,clefG,,
008044.png,clef_treble,clefG,,
008045.png,clef_treble,clefG,,
008046.png,clef_treble,clefG,,
008047.png,dot,augmentationDot,,
008048.png,dot,augmentationDot,,
008049.png,dot,augmentationDot,,
008050.png,dot,augmentationDot,,
008051.png,clef_treble,clefG,,
008052.png,clef_treble,clefG,,
008053.png,clef_treble,clefG,,
008054.png,clef_treble,clefG,,
008055.png,rest_whole,restWhole,,
008056.png,rest_whole,restWhole,,
008057.png,rest_whole,restWhole,,
008058.png,clef_bass,clefF,,
008059.png,clef_treble,clefG,,
008060.png,clef_8,clef8,,
008061.png,time_4,timeSig4,,
008062.png,time_4,timeSig4,,
008063.png,clef_treble,clefG,,
008064.png,time_4,timeSig4,,
008065.png,time_4,timeSig4,,
008066.png,clef_treble,clefG,,
008067.png,time_4,timeSig4,,
008068.png,time_4,timeSig4,,
008069.png,clef_treble,clefG,,
008070.png,time_4,timeSig4,,
008071.png,time_4,timeSig4,,
008072.png,time_4,timeSig4,,
008073.png,time_4,timeSig4,,
008074.png,clef_treble,clefG,,
008075.png,time_4,timeSig4,,
008076.png,time_4,timeSig4,,
008077.png,clef_bass,clefF,,
008078.png,time_4,timeSig4,,
008079.png,time_4,timeSig4,,
008080.png,clef_bass,clefF,,
008081.png,clef_8,clef8,,
008082.png,time_4,timeSig4,,
008083.png,time_4,timeSig4,,
008084.png,time_4,timeSig4,,
008085.png,time_4,timeSig4,,
008086.png,rest_whole,restWhole,,
008087.png,rest_whole,restWhole,,
008088.png,rest_whole,restWhole,,
008089.png,rest_whole,restWhole,,
008090.png,rest_whole,restWhole,,
008091.png,rest_whole,restWhole,,
008092.png,rest_whole,restWhole,,
008093.png,rest_whole,restWhole,,
008094.png,rest_whole,restWhole,,
008095.png,rest_half,restHalf,,
008096.png,rest_half,restHalf,,
008097.png,rest_whole,restWhole,,
008098.png,rest_whole,restWhole,,
008099.png,rest_whole,restWhole,,
008100.png,rest_whole,restWhole,,
008101.png,rest_whole,restWhole,,
008102.png,rest_whole,restWhole,,
008103.png,rest_whole,restWhole,,
008104.png,rest_whole,restWhole,,
008105.png,rest_whole,restWhole,,
008106.png,rest_whole,restWhole,,
008107.png,rest_whole,restWhole,,
008108.png,rest_whole,restWhole,,
008109.png,rest_whole,restWhole,,
008110.png,dot,augmentationDot,,
008111.png,dot,augmentationDot,,
008112.png,rest_half,restHalf,,
008113.png,rest_8th,rest8th,,
008114.png,rest_8th,rest8th,,
008115.png,rest_half,restHalf,,
008116.png,clef_treble,clefG,,
008117.png,clef_8,clef8,,
008118.png,clef_treble,clefG,,
008119.png,clef_8,clef8,,
008120.png,rest_half,restHalf,,
008121.png,rest_half,restHalf,,
008122.png,clef_treble,clefG,,
008123.png,clef_treble,clefG,,
008124.png,clef_bass,clefF,,
008125.png,clef_treble,clefG,,
008126.png,clef_treble,clefG,,
008127.png,clef_treble,clefG,,
008128.png,clef_bass,clefF,,
008129.png,clef_8,clef8,,
008130.png,rest_whole,restWhole,,
008131.png,rest_whole,restWhole,,
008132.png,rest_whole,restWhole,,
008133.png,rest_whole,restWhole,,
008134.png,rest_whole,restWhole,,
008135.png,rest_whole,restWhole,,
008136.png,rest_half,restHalf,,
008137.png,rest_half,restHalf,,
008138.png,sharp,accidentalSharp,-15,
008139.png,sharp,accidentalSharp,-8,
008140.png,sharp,accidentalSharp,-15,
008141.png,sharp,accidentalSharp,-8,
008142.png,rest_8th,rest8th,,
008143.png,rest_quarter,restQuarter,,
008144.png,rest_quarter,restQuarter,,
008145.png,rest_8th,rest8th,,
008146.png,clef_bass,clefF,,
008147.png,clef_treble,clefG,,
008148.png,clef_treble,clefG,,
008149.png,clef_treble,clefG,,
008150.png,rest_8th,rest8th,,
008151.png,rest_quarter,restQuarter,,
008152.png,rest_8th,rest8th,,
008153.png,rest_quarter,restQuarter,,
008154.png,rest_8th,rest8th,,
008155.png,rest_quarter,restQuarter,,
008156.png,rest_quarter,restQuarter,,
008157.png,clef_bass,clefF,,
008158.png,clef_treble,clefG,,
008159.png,clef_treble,clefG,,
008160.png,rest_8th,rest8th,,
008161.png,clef_treble,clefG,,
008162.png,rest_quarter,restQuarter,,
008163.png,rest_8th,rest8th,,
008164.png,rest_8th,rest8th,,
008165.png,rest_quarter,restQuarter,,
008166.png,sharp,accidentalSharp,-3,
008167.png,sharp,accidentalSharp,-2,
008168.png,sharp,accidentalSharp,-2,
008169.png,sharp,accidentalSharp,-2,
008170.png,sharp,accidentalSharp,-3,
008171.png,dot,augmentationDot,,
008172.png,dot,augmentationDot,,
008173.png,dot,augmentationDot,,
008174.png,dot,augmentationDot,,
008175.png,dot,augmentationDot,,
008176.png,clef_treble,clefG,,
008177.png,clef_8,clef8,,
008178.png,time_4,timeSig4,,
008179.png,time_4,timeSig4,,
008180.png,dot,augmentationDot,,
008181.png,dot,augmentationDot,,
008182.png,dot,augmentationDot,,
008183.png,dot,augmentationDot,,
008184.png,rest_quarter,restQuarter,,
008185.png,clef_treble,clefG,,
008186.png,clef_8,clef8,,
008187.png,dot,augmentationDot,,
008188.png,dot,augmentationDot,,
008189.png,dot,augmentationDot,,
008190.png,dot,augmentationDot,,
008191.png,rest_quarter,restQuarter,,
008192.png,clef_treble,clefG,,
008193.png,clef_8,clef8,,
008194.png,dot,augmentationDot,,
008195.png,time_4,timeSig4,,
008196.png,time_4,timeSig4,,
008197.png,dot,augmentationDot,,
008198.png,time_5,timeSig5,,
008199.png,time_4,timeSig4,,
008200.png,dot,augmentationDot,,
008201.png,dot,augmentationDot,,
008202.png,dot,augmentationDot,,
008203.png,clef_treble,clefG,,
008204.png,clef_8,clef8,,
008205.png,rest_quarter,restQuarter,,
008206.png,dot,augmentationDot,,
008207.png,clef_8,clef8,,
008208.png,clef_treble,clefG,,
008209.png,rest_whole,restWhole,,
008210.png,dot,augmentationDot,,
008211.png,dot,augmentationDot,,
008212.png,clef_8,clef8,,
008213.png,clef_treble,clefG,,
008214.png,dot,augmentationDot,,
008215.png,dot,augmentationDot,,
008216.png,rest_half,restHalf,,
008217.png,rest_quarter,restQuarter,,
008218.png,dot,augmentationDot,,
008219.png,dot,augmentationDot,,
008220.png,clef_8,clef8,,
008221.png,clef_treble,clefG,,
008222.png,natural,accidentalNatural,-2,
008223.png,clef_treble,clefG,,
008224.png,clef_treble,clefG,,
008225.png,clef_alto,clefCAlto,,
008226.png,clef_bass,clefF,,
008227.png,rest_whole,restWhole,,
008228.png,rest_whole,restWhole,,
008229.png,rest_whole,restWhole,,
008230.png,rest_whole,restWhole,,
008231.png,clef_8,clef8,,
008232.png,clef_bass,clefF,,
008233.png,sharp,accidentalSharp,2,
008234.png,sharp,accidentalSharp,3,
008235.png,sharp,accidentalSharp,-3,
008236.png,natural,accidentalNatural,1,
008237.png,natural,accidentalNatural,-4,
008238.png,rest_quarter,restQuarter,,
008239.png,rest_8th,rest8th,,
008240.png,dot,augmentationDot,,
008241.png,rest_8th,rest8th,,
008242.png,rest_quarter,restQuarter,,
008243.png,rest_8th,rest8th,,
008244.png,clef_tenor,clefCTenor,,
008245.png,rest_quarter,restQuarter,,
008246.png,rest_8th,rest8th,,
008247.png,dot,augmentationDot,,
008248.png,rest_8th,rest8th,,
008249.png,rest_quarter,restQuarter,,
008250.png,rest_whole,restWhole,,
008251.png,rest_whole,restWhole,,
008252.png,rest_whole,restWhole,,
008253.png,rest_8th,rest8th,,
008254.png,dot,augmentationDot,,
008255.png,dot,augmentationDot,,
008256.png,dot,augmentationDot,,
008257.png,dot,augmentationDot,,
008258.png,dot,augmentationDot,,
008259.png,dot,augmentationDot,,
008260.png,dot,augmentationDot,,
008261.png,clef_treble,clefG,,
008262.png,clef_treble,clefG,,
008263.png,clef_alto,clefCAlto,,
008264.png,clef_bass,clefF,,
008265.png,clef_bass,clefF,,
008266.png,clef_8,clef8,,
008267.png,rest_whole,restWhole,,
008268.png,rest_whole,restWhole,,
008269.png,clef_bass,clefF,,
008270.png,dot,augmentationDot,,
008271.png,dot,augmentationDot,,
008272.png,dot,augmentationDot,,
008273.png,dot,augmentationDot,,
008274.png,dot,augmentationDot,,
008275.png,dot,augmentationDot,,
008276.png,dot,augmentationDot,,
008277.png,dot,augmentationDot,,
008278.png,dot,augmentationDot,,
008279.png,rest_whole,restWhole,,
008280.png,dot,augmentationDot,,
008281.png,rest_whole,restWhole,,
008282.png,rest_whole,restWhole,,
008283.png,dot,augmentationDot,,
008284.png,dot,augmentationDot,,
008285.png,dot,augmentationDot,,
008286.png,rest_quarter,restQuarter,,
008287.png,rest_8th,rest8th,,
008288.png,rest_quarter,restQuarter,,
008289.png,rest_8th,rest8th,,
008290.png,dot,augmentationDot,,
008291.png,clef_tenor,clefCTenor,,
008292.png,clef_treble,clefG,,
008293.png,clef_treble,clefG,,
008294.png,clef_alto,clefCAlto,,
008295.png,clef_bass,clefF,,
008296.png,clef_bass,clefF,,
008297.png,clef_8,clef8,,
008298.png,rest_whole,restWhole,,
008299.png,rest_whole,restWhole,,
008300.png,dot,augmentationDot,,
008301.png,rest_8th,rest8th,,
008302.png,rest_quarter,restQuarter,,
008303.png,rest_8th,rest8th,,
008304.png,rest_8th,rest8th,,
008305.png,rest_quarter,restQuarter,,
008306.png,rest_8th,rest8th,,
008307.png,dot,augmentationDot,,
008308.png,dot,augmentationDot,,
008309.png,sharp,accidentalSharp,1,
008310.png,sharp,accidentalSharp,1,
008311.png,sharp,accidentalSharp,1,
008312.png,sharp,accidentalSharp,1,
008313.png,sharp,accidentalSharp,1,
008314.png,sharp,accidentalSharp,1,
008315.png,rest_half,restHalf,,
008316.png,rest_quarter,restQuarter,,
008317.png,rest_8th,rest8th,,
008318.png,rest_8th,rest8th,,
008319.png,rest_8th,rest8th,,
008320.png,rest_8th,rest8th,,
008321.png,rest_8th,rest8th,,
008322.png,rest_8th,rest8th,,
008323.png,rest_8th,rest8th,,
008324.png,rest_8th,rest8th,,
008325.png,dot,augmentationDot,,
008326.png,rest_8th,rest8th,,
008327.png,rest_8th,rest8th,,
008328.png,rest_8th,rest8th,,
008329.png,rest_quarter,restQuarter,,
008330.png,rest_8th,rest8th,,
008331.png,rest_8th,rest8th,,
008332.png,rest_8th,rest8th,,
008333.png,rest_8th,rest8th,,
008334.png,rest_8th,rest8th,,
008335.png,rest_8th,rest8th,,
008336.png,rest_8th,rest8th,,
008337.png,rest_8th,rest8th,,
008338.png,rest_8th,rest8th,,
008339.png,rest_quarter,restQuarter,,
008340.png,rest_8th,rest8th,,
008341.png,rest_8th,rest8th,,
008342.png,rest_8th,rest8th,,
008343.png,rest_8th,rest8th,,
008344.png,rest_8th,rest8th,,
008345.png,rest_8th,rest8th,,
008346.png,rest_8th,rest8th,,
008347.png,dot,augmentationDot,,
008348.png,dot,augmentationDot,,
008349.png,dot,augmentationDot,,
008350.png,rest_8th,rest8th,,
008351.png,rest_quarter,restQuarter,,
008352.png,rest_8th,rest8th,,
008353.png,rest_8th,rest8th,,
008354.png,rest_8th,rest8th,,
008355.png,rest_8th,rest8th,,
008356.png,rest_8th,rest8th,,
008357.png,clef_bass,clefF,,
008358.png,clef_8,clef8,,
008359.png,clef_treble,clefG,,
008360.png,clef_bass,clefF,,
008361.png,clef_treble,clefG,,
008362.png,clef_bass,clefF,,
008363.png,clef_treble,clefG,,
008364.png,rest_quarter,restQuarter,,
008365.png,clef_8,clef8,,
008366.png,clef_treble,clefG,,
008367.png,clef_treble,clefG,,
008368.png,clef_treble,clefG,,
008369.png,clef_treble,clefG,,
008370.png,clef_8,clef8,,
008371.png,clef_treble,clefG,,
008372.png,rest_whole,restWhole,,
008373.png,rest_8th,rest8th,,
008374.png,rest_8th,rest8th,,
008375.png,rest_8th,rest8th,,
008376.png,dot,augmentationDot,,
008377.png,dot,augmentationDot,,
008378.png,dot,augmentationDot,,
008379.png,rest_8th,rest8th,,
008380.png,rest_8th,rest8th,,
008381.png,rest_8th,rest8th,,
008382.png,dot,augmentationDot,,
008383.png,dot,augmentationDot,,
008384.png,dot,augmentationDot,,
008385.png,dot,augmentationDot,,
008386.png,dot,augmentationDot,,
008387.png,dot,augmentationDot,,
008388.png,rest_quarter,restQuarter,,
008389.png,natural,accidentalNatural,-2,
008390.png,flat,accidentalFlat,-2,
008391.png,flat,accidentalFlat,-2,
008392.png,natural,accidentalNatural,0,
008393.png,natural,accidentalNatural,-2,
008394.png,sharp,accidentalSharp,-2,
008395.png,sharp,accidentalSharp,3,
008396.png,sharp,accidentalSharp,2,
008397.png,sharp,accidentalSharp,-2,
008398.png,sharp,accidentalSharp,-2,
008399.png,sharp,accidentalSharp,-1,
008400.png,sharp,accidentalSharp,-1,
008401.png,sharp,accidentalSharp,-2,
008402.png,sharp,accidentalSharp,4,
008403.png,sharp,accidentalSharp,3,
008404.png,sharp,accidentalSharp,-1,
008405.png,sharp,accidentalSharp,0,
008406.png,sharp,accidentalSharp,-2,
008407.png,sharp,accidentalSharp,-1,
008408.png,sharp,accidentalSharp,-1,
008409.png,sharp,accidentalSharp,-2,
008410.png,rest_8th,rest8th,,
008411.png,time_3,timeSig3,,
008412.png,time_8,timeSig8,,
008413.png,time_3,timeSig3,,
008414.png,time_8,timeSig8,,
008415.png,dot,augmentationDot,,
008416.png,dot,augmentationDot,,
008417.png,dot,augmentationDot,,
008418.png,clef_treble,clefG,,
008419.png,clef_bass,clefF,,
008420.png,rest_whole,restWhole,,
008421.png,rest_quarter,restQuarter,,
008422.png,clef_treble,clefG,,
008423.png,clef_bass,clefF,,
008424.png,rest_8th,rest8th,,
008425.png,time_3,timeSig3,,
008426.png,time_8,timeSig8,,
008427.png,time_3,timeSig3,,
008428.png,time_8,timeSig8,,
008429.png,rest_8th,rest8th,,
008430.png,rest_8th,rest8th,,
008431.png,dot,augmentationDot,,
008432.png,rest_8th,rest8th,,
008433.png,clef_bass,clefF,,
008434.png,clef_treble,clefG,,
008435.png,rest_8th,rest8th,,
008436.png,rest_8th,rest8th,,
008437.png,clef_treble,clefG,,
008438.png,clef_bass,clefF,,
008439.png,clef_treble,clefG,,
008440.png,rest_8th,rest8th,,
008441.png,dot,augmentationDot,,
008442.png,rest_8th,rest8th,,
008443.png,dot,augmentationDot,,
008444.png,rest_16th,rest16th,,
008445.png,dot,augmentationDot,,
008446.png,dot,augmentationDot,,
008447.png,clef_treble,clefG,,
008448.png,clef_treble,clefG,,
008449.png,clef_bass,clefF,,
008450.png,sharp,accidentalSharp,0,
008451.png,sharp,accidentalSharp,3,
008452.png,sharp,accidentalSharp,0,
008453.png,sharp,accidentalSharp,3,
008454.png,sharp,accidentalSharp,0,
008455.png,sharp,accidentalSharp,3,
008456.png,sharp,accidentalSharp,3,
008457.png,sharp,accidentalSharp,0,
008458.png,sharp,accidentalSharp,0,
008459.png,sharp,accidentalSharp,0,
008460.png,sharp,accidentalSharp,0,
008461.png,sharp,accidentalSharp,3,
008462.png,sharp,accidentalSharp,4,
008463.png,sharp,accidentalSharp,-10,
008464.png,sharp,accidentalSharp,-3,
008465.png,sharp,accidentalSharp,3,
008466.png,sharp,accidentalSharp,11,
008467.png,sharp,accidentalSharp,3,
008468.png,clef_alto,clefCAlto,,
008469.png,rest_whole,restWhole,,
008470.png,clef_alto,clefCAlto,,
008471.png,clef_alto,clefCAlto,,
008472.png,rest_whole,restWhole,,
008473.png,dot,augmentationDot,,
008474.png,dot,augmentationDot,,
008475.png,dot,augmentationDot,,
008476.png,dot,augmentationDot,,
008477.png,dot,augmentationDot,,
008478.png,dot,augmentationDot,,
008479.png,dot,augmentationDot,,
008480.png,clef_treble,clefG,,
008481.png,clef_alto,clefCAlto,,
008482.png,dot,augmentationDot,,
008483.png,dot,augmentationDot,,
008484.png,dot,augmentationDot,,
008485.png,rest_half,restHalf,,
008486.png,clef_alto,clefCAlto,,
008487.png,dot,augmentationDot,,
008488.png,dot,augmentationDot,,
008489.png,dot,augmentationDot,,
008490.png,rest_quarter,restQuarter,,
008491.png,rest_quarter,restQuarter,,
008492.png,rest_half,restHalf,,
008493.png,rest_quarter,restQuarter,,
008494.png,rest_half,restHalf,,
008495.png,rest_quarter,restQuarter,,
008496.png,rest_quarter,restQuarter,,
008497.png,rest_quarter,restQuarter,,
008498.png,rest_quarter,restQuarter,,
008499.png,dot,augmentationDot,,
008500.png,rest_8th,rest8th,,
008501.png,rest_quarter,restQuarter,,
008502.png,rest_quarter,restQuarter,,
008503.png,rest_quarter,restQuarter,,
008504.png,rest_whole,restWhole,,
008505.png,rest_whole,restWhole,,
008506.png,rest_8th,rest8th,,
008507.png,rest_quarter,restQuarter,,
008508.png,rest_8th,rest8th,,
008509.png,rest_quarter,restQuarter,,
008510.png,rest_quarter,restQuarter,,
008511.png,rest_quarter,restQuarter,,
008512.png,rest_quarter,restQuarter,,
008513.png,rest_8th,rest8th,,
008514.png,rest_quarter,restQuarter,,
008515.png,rest_quarter,restQuarter,,
008516.png,rest_16th,rest16th,,
008517.png,rest_16th,rest16th,,
008518.png,dot,augmentationDot,,
008519.png,rest_quarter,restQuarter,,
008520.png,rest_quarter,restQuarter,,
008521.png,dot,augmentationDot,,
008522.png,clef_treble,clefG,,
008523.png,rest_whole,restWhole,,
008524.png,rest_whole,restWhole,,
008525.png,clef_treble,clefG,,
008526.png,rest_whole,restWhole,,
008527.png,clef_alto,clefCAlto,,
008528.png,clef_bass,clefF,,
008529.png,rest_half,restHalf,,
008530.png,clef_bass,clefF,,
008531.png,clef_8,clef8,,
008532.png,rest_quarter,restQuarter,,
008533.png,rest_8th,rest8th,,
008534.png,rest_8th,rest8th,,
008535.png,rest_quarter,restQuarter,,
008536.png,rest_quarter,restQuarter,,
008537.png,rest_quarter,restQuarter,,
008538.png,rest_quarter,restQuarter,,
008539.png,rest_quarter,restQuarter,,
008540.png,rest_quarter,restQuarter,,
008541.png,dot,augmentationDot,,
008542.png,rest_quarter,restQuarter,,
008543.png,rest_quarter,restQuarter,,
008544.png,rest_quarter,restQuarter,,
008545.png,dot,augmentationDot,,
008546.png,rest_quarter,restQuarter,,
008547.png,dot,augmentationDot,,
008548.png,dot,augmentationDot,,
008549.png,flat,accidentalFlat,3,
008550.png,flat,accidentalFlat,2,
008551.png,flat,accidentalFlat,-1,
008552.png,flat,accidentalFlat,6,
008553.png,flat,accidentalFlat,8,
008554.png,flat,accidentalFlat,2,
008555.png,flat,accidentalFlat,2,
008556.png,flat,accidentalFlat,3,
008557.png,flat,accidentalFlat,3,
008558.png,flat,accidentalFlat,-1,
008559.png,flat,accidentalFlat,-4,
008560.png,flat,accidentalFlat,-4,
008561.png,flat,accidentalFlat,3,
008562.png,sharp,accidentalSharp,-6,
008563.png,flat,accidentalFlat,-1,
008564.png,flat,accidentalFlat,2,
008565.png,flat,accidentalFlat,3,
008566.png,flat,accidentalFlat,-1,
008567.png,flat,accidentalFlat,-1,
008568.png,flat,accidentalFlat,6,
008569.png,flat,accidentalFlat,2,
008570.png,flat,accidentalFlat,-1,
008571.png,flat,accidentalFlat,2,
008572.png,flat,accidentalFlat,3,
008573.png,flat,accidentalFlat,-1,
008574.png,flat,accidentalFlat,3,
008575.png,rest_quarter,restQuarter,,
008576.png,rest_8th,rest8th,,
008577.png,rest_8th,rest8th,,
008578.png,rest_8th,rest8th,,
008579.png,rest_8th,rest8th,,
008580.png,rest_8th,rest8th,,
008581.png,rest_quarter,restQuarter,,
008582.png,clef_treble,clefG,,
008583.png,clef_bass,clefF,,
008584.png,clef_treble,clefG,,
008585.png,clef_treble,clefG,,
008586.png,rest_16th,rest16th,,
008587.png,rest_8th,rest8th,,
008588.png,rest_8th,rest8th,,
008589.png,rest_quarter,restQuarter,,
008590.png,rest_8th,rest8th,,
008591.png,rest_8th,rest8th,,
008592.png,rest_8th,rest8th,,
008593.png,rest_8th,rest8th,,
008594.png,rest_8th,rest8th,,
008595.png,dot,augmentationDot,,
008596.png,dot,augmentationDot,,
008597.png,dot,augmentationDot,,
008598.png,dot,augmentationDot,,
008599.png,rest_quarter,restQuarter,,
008600.png,rest_quarter,restQuarter,,
008601.png,clef_treble,clefG,,
008602.png,clef_treble,clefG,,
008603.png,clef_bass,clefF,,
008604.png,clef_treble,clefG,,
008605.png,rest_8th,rest8th,,
008606.png,rest_8th,rest8th,,
008607.png,rest_8th,rest8th,,
008608.png,rest_half,restHalf,,
008609.png,rest_half,restHalf,,
008610.png,rest_half,restHalf,,
008611.png,rest_half,restHalf,,
008612.png,rest_8th,rest8th,,
008613.png,rest_8th,rest8th,,
008614.png,rest_8th,rest8th,,
008615.png,clef_treble,clefG,,
008616.png,clef_treble,clefG,,
008617.png,clef_treble,clefG,,
008618.png,clef_bass,clefF,,
008619.png,rest_8th,rest8th,,
008620.png,rest_8th,rest8th,,
008621.png,rest_8th,rest8th,,
008622.png,flat,accidentalFlat,-4,
008623.png,natural,accidentalNatural,0,
008624.png,natural,accidentalNatural,5,
008625.png,sharp,accidentalSharp,6,
008626.png,sharp,accidentalSharp,1,
008627.png,sharp,accidentalSharp,1,
008628.png,sharp,accidentalSharp,-3,
008629.png,natural,accidentalNatural,-7,
008630.png,sharp,accidentalSharp,-3,
008631.png,flat,accidentalFlat,-7,
008632.png,natural,accidentalNatural,1,
008633.png,natural,accidentalNatural,1,
008634.png,flat,accidentalFlat,-6,
008635.png,flat,accidentalFlat,1,
008636.png,sharp,accidentalSharp,6,
008637.png,natural,accidentalNatural,-4,
008638.png,sharp,accidentalSharp,2,
008639.png,sharp,accidentalSharp,-3,
008640.png,natural,accidentalNatural,-3,
008641.png,sharp,accidentalSharp,-3,
008642.png,sharp,accidentalSharp,-6,
008643.png,sharp,accidentalSharp,-1,
008644.png,natural,accidentalNatural,0,
008645.png,natural,accidentalNatural,5,
008646.png,sharp,accidentalSharp,6,
008647.png,sharp,accidentalSharp,1,
008648.png,sharp,accidentalSharp,1,
008649.png,sharp,accidentalSharp,1,
008650.png,sharp,accidentalSharp,-3,
008651.png,sharp,accidentalSharp,2,
008652.png,dot,augmentationDot,,
008653.png,dot,augmentationDot,,
008654.png,dot,augmentationDot,,
008655.png,dot,augmentationDot,,
008656.png,dot,augmentationDot,,
008657.png,rest_quarter,restQuarter,,
008658.png,rest_8th,rest8th,,
008659.png,rest_8th,rest8th,,
008660.png,rest_8th,rest8th,,
008661.png,dot,augmentationDot,,
008662.png,dot,augmentationDot,,
008663.png,dot,augmentationDot,,
008664.png,dot,augmentationDot,,
008665.png,dot,augmentationDot,,
008666.png,dot,augmentationDot,,
008667.png,dot,augmentationDot,,
008668.png,dot,augmentationDot,,
008669.png,dot,augmentationDot,,
008670.png,dot,augmentationDot,,
008671.png,clef_treble,clefG,,
008672.png,clef_treble,clefG,,
008673.png,clef_bass,clefF,,
008674.png,dot,augmentationDot,,
008675.png,dot,augmentationDot,,
008676.png,dot,augmentationDot,,
008677.png,rest_half,restHalf,,
008678.png,dot,augmentationDot,,
008679.png,dot,augmentationDot,,
008680.png,dot,augmentationDot,,
008681.png,dot,augmentationDot,,
008682.png,dot,augmentationDot,,
008683.png,dot,augmentationDot,,
008684.png,dot,augmentationDot,,
008685.png,clef_treble,clefG,,
008686.png,clef_treble,clefG,,
008687.png,clef_bass,clefF,,
008688.png,dot,augmentationDot,,
008689.png,dot,augmentationDot,,
008690.png,dot,augmentationDot,,
008691.png,dot,augmentationDot,,
008692.png,dot,augmentationDot,,
008693.png,rest_8th,rest8th,,
008694.png,rest_quarter,restQuarter,,
008695.png,rest_8th,rest8th,,
008696.png,rest_8th,rest8th,,
008697.png,rest_8th,rest8th,,
008698.png,rest_8th,rest8th,,
008699.png,rest_8th,rest8th,,
008700.png,rest_8th,rest8th,,
008701.png,rest_8th,rest8th,,
008702.png,rest_quarter,restQuarter,,
008703.png,rest_quarter,restQuarter,,
008704.png,rest_quarter,restQuarter,,
008705.png,clef_treble,clefG,,
008706.png,clef_bass,clefF,,
008707.png,clef_treble,clefG,,
008708.png,sharp,accidentalSharp,-1,
008709.png,sharp,accidentalSharp,-2,
008710.png,sharp,accidentalSharp,0,
008711.png,sharp,accidentalSharp,-3,
008712.png,sharp,accidentalSharp,0,
008713.png,sharp,accidentalSharp,1,
008714.png,sharp,accidentalSharp,4,
008715.png,sharp,accidentalSharp,-1,
008716.png,sharp,accidentalSharp,1,
008717.png,sharp,accidentalSharp,5,
008718.png,sharp,accidentalSharp,-3,
008719.png,sharp,accidentalSharp,0,
008720.png,sharp,accidentalSharp,1,
008721.png,sharp,accidentalSharp,1,
008722.png,sharp,accidentalSharp,-3,
008723.png,sharp,accidentalSharp,-6,
008724.png,sharp,accidentalSharp,-9,
008725.png,sharp,accidentalSharp,-5,
008726.png,sharp,accidentalSharp,-3,
008727.png,sharp,accidentalSharp,1,
008728.png,sharp,accidentalSharp,-1,
008729.png,sharp,accidentalSharp,-5,
008730.png,sharp,accidentalSharp,-4,
008731.png,sharp,accidentalSharp,-1,
008732.png,sharp,accidentalSharp,-4,
008733.png,sharp,accidentalSharp,-6,
008734.png,natural,accidentalNatural,-4,
008735.png,natural,accidentalNatural,-4,
008736.png,sharp,accidentalSharp,-4,
008737.png,sharp,accidentalSharp,-8,
008738.png,natural,accidentalNatural,-6,
008739.png,sharp,accidentalSharp,-6,
008740.png,sharp,accidentalSharp,2,
008741.png,sharp,accidentalSharp,-1,
008742.png,sharp,accidentalSharp,-2,
008743.png,sharp,accidentalSharp,3,
008744.png,sharp,accidentalSharp,-3,
008745.png,sharp,accidentalSharp,1,
008746.png,sharp,accidentalSharp,4,
008747.png,sharp,accidentalSharp,-3,
008748.png,sharp,accidentalSharp,-6,
008749.png,sharp,accidentalSharp,1,
008750.png,sharp,accidentalSharp,0,
008751.png,flat,accidentalFlat,-6,
008752.png,flat,accidentalFlat,0,
008753.png,sharp,accidentalSharp,-7,
008754.png,natural,accidentalNatural,-6,
008755.png,sharp,accidentalSharp,-6,
008756.png,sharp,accidentalSharp,5,
008757.png,sharp,accidentalSharp,-6,
008758.png,sharp,accidentalSharp,-9,
008759.png,flat,accidentalFlat,0,
008760.png,sharp,accidentalSharp,0,
008761.png,flat,accidentalFlat,-7,
008762.png,flat,accidentalFlat,-5,
008763.png,flat,accidentalFlat,-1,
008764.png,flat,accidentalFlat,-7,
008765.png,natural,accidentalNatural,0,
008766.png,dot,augmentationDot,,
008767.png,dot,augmentationDot,,
008768.png,dot,augmentationDot,,
008769.png,dot,augmentationDot,,
008770.png,rest_8th,rest8th,,
008771.png,rest_8th,rest8th,,
008772.png,rest_8th,rest8th,,
008773.png,dot,augmentationDot,,
008774.png,dot,augmentationDot,,
008775.png,clef_bass,clefF,,
008776.png,clef_treble,clefG,,
008777.png,clef_treble,clefG,,
008778.png,clef_alto,clefCAlto,,
008779.png,dot,augmentationDot,,
008780.png,dot,augmentationDot,,
008781.png,dot,augmentationDot,,
008782.png,dot,augmentationDot,,
008783.png,rest_8th,rest8th,,
008784.png,rest_8th,rest8th,,
008785.png,rest_8th,rest8th,,
008786.png,dot,augmentationDot,,
008787.png,rest_8th,rest8th,,
008788.png,rest_8th,rest8th,,
008789.png,rest_8th,rest8th,,
008790.png,rest_8th,rest8th,,
008791.png,rest_8th,rest8th,,
008792.png,rest_8th,rest8th,,
008793.png,clef_treble,clefG,,
008794.png,clef_treble,clefG,,
008795.png,clef_alto,clefCAlto,,
008796.png,clef_bass,clefF,,
008797.png,dot,augmentationDot,,
008798.png,dot,augmentationDot,,
008799.png,rest_8th,rest8th,,
008800.png,rest_8th,rest8th,,
008801.png,rest_8th,rest8th,,
008802.png,rest_8th,rest8th,,
008803.png,dot,augmentationDot,,
008804.png,dot,augmentationDot,,
008805.png,dot,augmentationDot,,
008806.png,rest_8th,rest8th,,
008807.png,rest_quarter,restQuarter,,
008808.png,dot,augmentationDot,,
008809.png,clef_tenor,clefCTenor,,
008810.png,dot,augmentationDot,,
008811.png,rest_8th,rest8th,,
008812.png,rest_quarter,restQuarter,,
008813.png,rest_whole,restWhole,,
008814.png,rest_8th,rest8th,,
008815.png,rest_8th,rest8th,,
008816.png,dot,augmentationDot,,
008817.png,dot,augmentationDot,,
008818.png,rest_8th,rest8th,,
008819.png,rest_8th,rest8th,,
008820.png,rest_8th,rest8th,,
008821.png,clef_treble,clefG,,
008822.png,clef_treble,clefG,,
008823.png,clef_alto,clefCAlto,,
008824.png,clef_bass,clefF,,
008825.png,dot,augmentationDot,,
008826.png,dot,augmentationDot,,
008827.png,dot,augmentationDot,,
008828.png,rest_quarter,restQuarter,,
008829.png,rest_quarter,restQuarter,,
008830.png,sharp,accidentalSharp,-3,
008831.png,sharp,accidentalSharp,4,
008832.png,sharp,accidentalSharp,-2,
008833.png,sharp,accidentalSharp,3,
008834.png,sharp,accidentalSharp,-7,
008835.png,sharp,accidentalSharp,0,
008836.png,sharp,accidentalSharp,0,
008837.png,flat,accidentalFlat,6,
008838.png,flat,accidentalFlat,0,
008839.png,flat,accidentalFlat,-1,
008840.png,sharp,accidentalSharp,0,
008841.png,natural,accidentalNatural,0,
008842.png,sharp,accidentalSharp,4,
008843.png,sharp,accidentalSharp,-2,
008844.png,sharp,accidentalSharp,0,
008845.png,sharp,accidentalSharp,3,
008846.png,sharp,accidentalSharp,4,
008847.png,sharp,accidentalSharp,-2,
008848.png,sharp,accidentalSharp,-3,
008849.png,sharp,accidentalSharp,-3,
008850.png,dot,augmentationDot,,
008851.png,dot,augmentationDot,,
008852.png,dot,augmentationDot,,
008853.png,dot,augmentationDot,,
008854.png,dot,augmentationDot,,
008855.png,rest_8th,rest8th,,
008856.png,clef_alto,clefCAlto,,
008857.png,clef_alto,clefCAlto,,
008858.png,clef_treble,clefG,,
008859.png,rest_8th,rest8th,,
008860.png,rest_8th,rest8th,,
008861.png,dot,augmentationDot,,
008862.png,dot,augmentationDot,,
008863.png,rest_8th,rest8th,,
008864.png,dot,augmentationDot,,
008865.png,dot,augmentationDot,,
008866.png,dot,augmentationDot,,
008867.png,dot,augmentationDot,,
008868.png,dot,augmentationDot,,
008869.png,rest_8th,rest8th,,
008870.png,dot,augmentationDot,,
008871.png,clef_alto,clefCAlto,,
008872.png,clef_alto,clefCAlto,,
008873.png,clef_treble,clefG,,
008874.png,dot,augmentationDot,,
008875.png,dot,augmentationDot,,
008876.png,rest_8th,rest8th,,
008877.png,dot,augmentationDot,,
008878.png,dot,augmentationDot,,
008879.png,dot,augmentationDot,,
008880.png,dot,augmentationDot,,
008881.png,rest_quarter,restQuarter,,
008882.png,rest_8th,rest8th,,
008883.png,rest_quarter,restQuarter,,
008884.png,clef_alto,clefCAlto,,
008885.png,clef_alto,clefCAlto,,
008886.png,clef_treble,clefG,,
008887.png,dot,augmentationDot,,
008888.png,dot,augmentationDot,,
008889.png,rest_quarter,restQuarter,,
008890.png,rest_quarter,restQuarter,,
008891.png,rest_quarter,restQuarter,,
008892.png,clef_alto,clefCAlto,,
008893.png,clef_alto,clefCAlto,,
008894.png,clef_treble,clefG,,
008895.png,dot,augmentationDot,,
008896.png,dot,augmentationDot,,
008897.png,sharp,accidentalSharp,2,
008898.png,sharp,accidentalSharp,1,
008899.png,sharp,accidentalSharp,2,
008900.png,sharp,accidentalSharp,0,
008901.png,sharp,accidentalSharp,-5,
008902.png,sharp,accidentalSharp,-2,
008903.png,sharp,accidentalSharp,-7,
008904.png,natural,accidentalNatural,-3,
008905.png,sharp,accidentalSharp,-8,
008906.png,sharp,accidentalSharp,-5,
008907.png,sharp,accidentalSharp,5,
008908.png,sharp,accidentalSharp,-5,
008909.png,sharp,accidentalSharp,2,
008910.png,sharp,accidentalSharp,3,
008911.png,sharp,accidentalSharp,3,
008912.png,natural,accidentalNatural,5,
008913.png,rest_8th,rest8th,,
008914.png,rest_8th,rest8th,,
008915.png,rest_16th,rest16th,,
008916.png,rest_8th,rest8th,,
008917.png,rest_8th,rest8th,,
008918.png,rest_16th,rest16th,,
008919.png,clef_bass,clefF,,
008920.png,clef_treble,clefG,,
008921.png,rest_8th,rest8th,,
008922.png,rest_8th,rest8th,,
008923.png,rest_8th,rest8th,,
008924.png,rest_8th,rest8th,,
008925.png,rest_8th,rest8th,,
008926.png,clef_bass,clefF,,
008927.png,rest_8th,rest8th,,
008928.png,clef_bass,clefF,,
008929.png,clef_treble,clefG,,
008930.png,rest_8th,rest8th,,
008931.png,rest_8th,rest8th,,
008932.png,clef_alto,clefCAlto,,
008933.png,rest_8th,rest8th,,
008934.png,clef_tenor,clefCTenor,,
008935.png,rest_8th,rest8th,,
008936.png,rest_8th,rest8th,,
008937.png,rest_8th,rest8th,,
008938.png,clef_treble,clefG,,
008939.png,clef_bass,clefF,,
008940.png,rest_8th,rest8th,,
008941.png,rest_8th,rest8th,,
008942.png,natural,accidentalNatural,2,
008943.png,natural,accidentalNatural,6,
008944.png,natural,accidentalNatural,6,
008945.png,rest_whole,restWhole,,
008946.png,time_4,timeSig4,,
008947.png,time_4,timeSig4,,
008948.png,clef_alto,clefCAlto,,
008949.png,dot,augmentationDot,,
008950.png,dot,augmentationDot,,
008951.png,clef_alto,clefCAlto,,
008952.png,dot,augmentationDot,,
008953.png,dot,augmentationDot,,
008954.png,clef_alto,clefCAlto,,
008955.png,dot,augmentationDot,,
008956.png,dot,augmentationDot,,
008957.png,clef_alto,clefCAlto,,
008958.png,clef_alto,clefCAlto,,
008959.png,dot,augmentationDot,,
008960.png,rest_quarter,restQuarter,,
008961.png,clef_alto,clefCAlto,,
008962.png,natural,accidentalNatural,-4,
008963.png,natural,accidentalNatural,7,
008964.png,sharp,accidentalSharp,2,
008965.png,flat,accidentalFlat,4,
008966.png,natural,accidentalNatural,11,
008967.png,natural,accidentalNatural,2,
008968.png,natural,accidentalNatural,-3,
008969.png,natural,accidentalNatural,9,
008970.png,sharp,accidentalSharp,-1,
008971.png,natural,accidentalNatural,4,
008972.png,flat,accidentalFlat,-3,
008973.png,sharp,accidentalSharp,-3,
008974.png,flat,accidentalFlat,0,
008975.png,flat,accidentalFlat,3,
008976.png,flat,accidentalFlat,0,
008977.png,flat,accidentalFlat,-5,
008978.png,flat,accidentalFlat,3,
008979.png,flat,accidentalFlat,-1,
008980.png,flat,accidentalFlat,2,
008981.png,flat,accidentalFlat,-1,
008982.png,sharp,accidentalSharp,-5,
008983.png,flat,accidentalFlat,0,
008984.png,sharp,accidentalSharp,1,
008985.png,sharp,accidentalSharp,1,
008986.png,sharp,accidentalSharp,-2,
008987.png,sharp,accidentalSharp,-2,
008988.png,sharp,accidentalSharp,-3,
008989.png,sharp,accidentalSharp,5,
008990.png,natural,accidentalNatural,0,
008991.png,flat,accidentalFlat,7,
008992.png,sharp,accidentalSharp,-2,
008993.png,natural,accidentalNatural,0,
008994.png,sharp,accidentalSharp,1,
008995.png,rest_whole,restWhole,,
008996.png,dot,augmentationDot,,
008997.png,rest_8th,rest8th,,
008998.png,rest_whole,restWhole,,
008999.png,rest_whole,restWhole,,
009000.png,rest_whole,restWhole,,
009001.png,rest_whole,restWhole,,
009002.png,rest_whole,restWhole,,
009003.png,rest_8th,rest8th,,
009004.png,rest_quarter,restQuarter,,
009005.png,rest_quarter,restQuarter,,
009006.png,rest_half,restHalf,,
009007.png,rest_quarter,restQuarter,,
009008.png,dot,augmentationDot,,
009009.png,rest_8th,rest8th,,
009010.png,rest_quarter,restQuarter,,
009011.png,rest_quarter,restQuarter,,
009012.png,dot,augmentationDot,,
009013.png,dot,augmentationDot,,
009014.png,dot,augmentationDot,,
009015.png,dot,augmentationDot,,
009016.png,dot,augmentationDot,,
009017.png,rest_8th,rest8th,,
009018.png,rest_quarter,restQuarter,,
009019.png,rest_quarter,restQuarter,,
009020.png,rest_quarter,restQuarter,,
009021.png,rest_quarter,restQuarter,,
009022.png,rest_whole,restWhole,,
009023.png,rest_whole,restWhole,,
009024.png,rest_whole,restWhole,,
009025.png,rest_whole,restWhole,,
009026.png,rest_whole,restWhole,,
009027.png,rest_whole,restWhole,,
009028.png,rest_whole,restWhole,,
009029.png,rest_whole,restWhole,,
009030.png,rest_whole,restWhole,,
009031.png,rest_whole,restWhole,,
009032.png,rest_whole,restWhole,,
009033.png,rest_whole,restWhole,,
009034.png,rest_quarter,restQuarter,,
009035.png,dot,augmentationDot,,
009036.png,dot,augmentationDot,,
009037.png,rest_8th,rest8th,,
009038.png,rest_8th,rest8th,,
009039.png,dot,augmentationDot,,
009040.png,dot,augmentationDot,,
009041.png,dot,augmentationDot,,
009042.png,dot,augmentationDot,,
009043.png,rest_quarter,restQuarter,,
009044.png,rest_quarter,restQuarter,,
009045.png,rest_quarter,restQuarter,,
009046.png,rest_8th,rest8th,,
009047.png,rest_quarter,restQuarter,,
009048.png,rest_whole,restWhole,,
009049.png,rest_whole,restWhole,,
009050.png,rest_whole,restWhole,,
009051.png,rest_whole,restWhole,,
009052.png,rest_quarter,restQuarter,,
009053.png,rest_quarter,restQuarter,,
009054.png,rest_quarter,restQuarter,,
009055.png,clef_bass,clefF,,
009056.png,rest_8th,rest8th,,
009057.png,rest_quarter,restQuarter,,
009058.png,rest_quarter,restQuarter,,
009059.png,clef_tenor,clefCTenor,,
009060.png,clef_treble,clefG,,
009061.png,clef_treble,clefG,,
009062.png,clef_8,clef8,,
009063.png,clef_bass,clefF,,
009064.png,clef_tenor,clefCTenor,,
009065.png,clef_treble,clefG,,
009066.png,clef_treble,clefG,,
009067.png,clef_treble,clefG,,
009068.png,clef_alto,clefCAlto,,
009069.png,clef_treble,clefG,,
009070.png,clef_treble,clefG,,
009071.png,clef_bass,clefF,,
009072.png,clef_bass,clefF,,
009073.png,clef_alto,clefCAlto,,
009074.png,clef_treble,clefG,,
009075.png,rest_whole,restWhole,,
009076.png,rest_whole,restWhole,,
009077.png,rest_whole,restWhole,,
009078.png,rest_whole,restWhole,,
009079.png,rest_whole,restWhole,,
009080.png,rest_whole,restWhole,,
009081.png,rest_whole,restWhole,,
009082.png,rest_whole,restWhole,,
009083.png,rest_whole,restWhole,,
009084.png,rest_whole,restWhole,,
009085.png,rest_whole,restWhole,,
009086.png,rest_whole,restWhole,,
009087.png,rest_whole,restWhole,,
009088.png,rest_whole,restWhole,,
009089.png,clef_bass,clefF,,
009090.png,dot,augmentationDot,,
009091.png,rest_quarter,restQuarter,,
009092.png,clef_8,clef8,,
009093.png,clef_bass,clefF,,
009094.png,dot,augmentationDot,,
009095.png,dot,augmentationDot,,
009096.png,dot,augmentationDot,,
009097.png,dot,augmentationDot,,
009098.png,rest_8th,rest8th,,
009099.png,rest_whole,restWhole,,
009100.png,rest_whole,restWhole,,
009101.png,rest_whole,restWhole,,
009102.png,rest_quarter,restQuarter,,
009103.png,rest_quarter,restQuarter,,
009104.png,rest_8th,rest8th,,
009105.png,dot,augmentationDot,,
009106.png,rest_quarter,restQuarter,,
009107.png,dot,augmentationDot,,
009108.png,dot,augmentationDot,,
009109.png,rest_whole,restWhole,,
009110.png,dot,augmentationDot,,
009111.png,dot,augmentationDot,,
009112.png,dot,augmentationDot,,
009113.png,dot,augmentationDot,,
009114.png,dot,augmentationDot,,
009115.png,dot,augmentationDot,,
009116.png,sharp,accidentalSharp,-10,
009117.png,sharp,accidentalSharp,-3,
009118.png,sharp,accidentalSharp,2,
009119.png,sharp,accidentalSharp,3,
009120.png,sharp,accidentalSharp,-10,
009121.png,sharp,accidentalSharp,-4,
009122.png,natural,accidentalNatural,-5,
009123.png,sharp,accidentalSharp,-10,
009124.png,sharp,accidentalSharp,-10,
009125.png,sharp,accidentalSharp,-10,
009126.png,sharp,accidentalSharp,-5,
009127.png,sharp,accidentalSharp,-10,
009128.png,rest_quarter,restQuarter,,
009129.png,rest_8th,rest8th,,
009130.png,rest_quarter,restQuarter,,
009131.png,rest_quarter,restQuarter,,
009132.png,rest_8th,rest8th,,
009133.png,rest_quarter,restQuarter,,
009134.png,rest_quarter,restQuarter,,
009135.png,rest_quarter,restQuarter,,
009136.png,rest_quarter,restQuarter,,
009137.png,time_4,timeSig4,,
009138.png,time_4,timeSig4,,
009139.png,clef_treble,clefG,,
009140.png,time_4,timeSig4,,
009141.png,time_4,timeSig4,,
009142.png,clef_alto,clefCAlto,,
009143.png,time_4,timeSig4,,
009144.png,time_4,timeSig4,,
009145.png,clef_bass,clefF,,
009146.png,dot,augmentationDot,,
009147.png,dot,augmentationDot,,
009148.png,dot,augmentationDot,,
009149.png,dot,augmentationDot,,
009150.png,dot,augmentationDot,,
009151.png,rest_quarter,restQuarter,,
009152.png,rest_quarter,restQuarter,,
009153.png,rest_quarter,restQuarter,,
009154.png,rest_quarter,restQuarter,,
009155.png,rest_quarter,restQuarter,,
009156.png,rest_quarter,restQuarter,,
009157.png,rest_quarter,restQuarter,,
009158.png,rest_quarter,restQuarter,,
009159.png,rest_quarter,restQuarter,,
009160.png,rest_quarter,restQuarter,,
009161.png,clef_treble,clefG,,
009162.png,clef_bass,clefF,,
009163.png,rest_quarter,restQuarter,,
009164.png,clef_alto,clefCAlto,,
009165.png,rest_quarter,restQuarter,,
009166.png,rest_quarter,restQuarter,,
009167.png,rest_quarter,restQuarter,,
009168.png,rest_quarter,restQuarter,,
009169.png,rest_quarter,restQuarter,,
009170.png,rest_quarter,restQuarter,,
009171.png,rest_quarter,restQuarter,,
009172.png,rest_quarter,restQuarter,,
009173.png,rest_quarter,restQuarter,,
009174.png,dot,augmentationDot,,
009175.png,rest_8th,rest8th,,
009176.png,rest_8th,rest8th,,
009177.png,rest_8th,rest8th,,
009178.png,rest_quarter,restQuarter,,
009179.png,rest_quarter,restQuarter,,
009180.png,rest_quarter,restQuarter,,
009181.png,rest_quarter,restQuarter,,
009182.png,rest_quarter,restQuarter,,
009183.png,clef_treble,clefG,,
009184.png,clef_bass,clefF,,
009185.png,rest_quarter,restQuarter,,
009186.png,clef_alto,clefCAlto,,
009187.png,rest_quarter,restQuarter,,
009188.png,rest_quarter,restQuarter,,
009189.png,rest_quarter,restQuarter,,
009190.png,rest_quarter,restQuarter,,
009191.png,rest_quarter,restQuarter,,
009192.png,rest_quarter,restQuarter,,
009193.png,clef_treble,clefG,,
009194.png,rest_8th,rest8th,,
009195.png,rest_quarter,restQuarter,,
009196.png,rest_8th,rest8th,,
009197.png,clef_alto,clefCAlto,,
009198.png,rest_quarter,restQuarter,,
009199.png,rest_quarter,restQuarter,,
009200.png,rest_8th,rest8th,,
009201.png,rest_8th,rest8th,,
009202.png,rest_8th,rest8th,,
009203.png,rest_quarter,restQuarter,,
009204.png,clef_alto,clefCAlto,,
009205.png,clef_treble,clefG,,
009206.png,clef_bass,clefF,,
009207.png,rest_quarter,restQuarter,,
009208.png,rest_8th,rest8th,,
009209.png,rest_quarter,restQuarter,,
009210.png,rest_8th,rest8th,,
009211.png,rest_8th,rest8th,,
009212.png,rest_quarter,restQuarter,,
009213.png,clef_8,clef8,,
009214.png,rest_whole,restWhole,,
009215.png,rest_whole,restWhole,,
009216.png,rest_whole,restWhole,,
009217.png,rest_whole,restWhole,,
009218.png,rest_whole,restWhole,,
009219.png,rest_whole,restWhole,,
009220.png,rest_whole,restWhole,,
009221.png,clef_bass,clefF,,
009222.png,clef_bass,clefF,,
009223.png,clef_alto,clefCAlto,,
009224.png,clef_treble,clefG,,
009225.png,clef_treble,clefG,,
009226.png,clef_treble,clefG,,
009227.png,clef_treble,clefG,,
009228.png,rest_half,restHalf,,
009229.png,dot,augmentationDot,,
009230.png,clef_treble,clefG,,
009231.png,clef_treble,clefG,,
009232.png,clef_treble,clefG,,
009233.png,clef_treble,clefG,,
009234.png,clef_alto,clefCAlto,,
009235.png,clef_bass,clefF,,
009236.png,clef_bass,clefF,,
009237.png,clef_8,clef8,,
009238.png,rest_whole,restWhole,,
009239.png,rest_whole,restWhole,,
009240.png,rest_whole,restWhole,,
009241.png,rest_whole,restWhole,,
009242.png,rest_whole,restWhole,,
009243.png,rest_whole,restWhole,,
009244.png,rest_whole,restWhole,,
009245.png,rest_whole,restWhole,,
009246.png,rest_whole,restWhole,,
009247.png,rest_whole,restWhole,,
009248.png,rest_quarter,restQuarter,,
009249.png,dot,augmentationDot,,
009250.png,rest_half,restHalf,,
009251.png,clef_tenor,clefCTenor,,
009252.png,rest_8th,rest8th,,
009253.png,rest_half,restHalf,,
009254.png,dot,augmentationDot,,
009255.png,dot,augmentationDot,,
009256.png,rest_8th,rest8th,,
009257.png,rest_half,restHalf,,
009258.png,dot,augmentationDot,,
009259.png,dot,augmentationDot,,
009260.png,time_4,timeSig4,,
009261.png,time_4,timeSig4,,
009262.png,clef_8,clef8,,
009263.png,clef_treble,clefG,,
009264.png,rest_quarter,restQuarter,,
009265.png,time_4,timeSig4,,
009266.png,time_4,timeSig4,,
009267.png,clef_treble,clefG,,
009268.png,rest_8th,rest8th,,
009269.png,dot,augmentationDot,,
009270.png,rest_8th,rest8th,,
009271.png,rest_half,restHalf,,
009272.png,dot,augmentationDot,,
009273.png,rest_8th,rest8th,,
009274.png,rest_half,restHalf,,
009275.png,rest_8th,rest8th,,
009276.png,rest_half,restHalf,,
009277.png,clef_8,clef8,,
009278.png,clef_treble,clefG,,
009279.png,clef_treble,clefG,,
009280.png,rest_8th,rest8th,,
009281.png,rest_half,restHalf,,
009282.png,rest_half,restHalf,,
009283.png,rest_whole,restWhole,,
009284.png,rest_half,restHalf,,
009285.png,clef_treble,clefG,,
009286.png,clef_8,clef8,,
009287.png,clef_treble,clefG,,
009288.png,rest_half,restHalf,,
009289.png,rest_quarter,restQuarter,,
009290.png,rest_whole,restWhole,,
009291.png,rest_quarter,restQuarter,,
009292.png,rest_half,restHalf,,
009293.png,rest_half,restHalf,,
009294.png,clef_8,clef8,,
009295.png,clef_treble,clefG,,
009296.png,clef_treble,clefG,,
009297.png,rest_half,restHalf,,
009298.png,rest_half,restHalf,,
009299.png,rest_quarter,restQuarter,,
009300.png,rest_half,restHalf,,
009301.png,rest_8th,rest8th,,
009302.png,clef_8,clef8,,
009303.png,clef_treble,clefG,,
009304.png,clef_treble,clefG,,
009305.png,rest_whole,restWhole,,
009306.png,rest_half,restHalf,,
009307.png,flat,accidentalFlat,-4,
009308.png,natural,accidentalNatural,0,
009309.png,natural,accidentalNatural,5,
009310.png,natural,accidentalNatural,-7,
009311.png,flat,accidentalFlat,-7,
009312.png,natural,accidentalNatural,1,
009313.png,natural,accidentalNatural,1,
009314.png,flat,accidentalFlat,-6,
009315.png,flat,accidentalFlat,1,
009316.png,natural,accidentalNatural,-4,
009317.png,natural,accidentalNatural,-3,
009318.png,natural,accidentalNatural,0,
009319.png,natural,accidentalNatural,5,
009320.png,dot,augmentationDot,,
009321.png,dot,augmentationDot,,
009322.png,dot,augmentationDot,,
009323.png,dot,augmentationDot,,
009324.png,dot,augmentationDot,,
009325.png,rest_quarter,restQuarter,,
009326.png,rest_8th,rest8th,,
009327.png,rest_8th,rest8th,,
009328.png,rest_8th,rest8th,,
009329.png,dot,augmentationDot,,
009330.png,dot,augmentationDot,,
009331.png,dot,augmentationDot,,
009332.png,dot,augmentationDot,,
009333.png,dot,augmentationDot,,
009334.png,dot,augmentationDot,,
009335.png,dot,augmentationDot,,
009336.png,dot,augmentationDot,,
009337.png,dot,augmentationDot,,
009338.png,dot,augmentationDot,,
009339.png,clef_treble,clefG,,
009340.png,clef_treble,clefG,,
009341.png,clef_bass,clefF,,
009342.png,dot,augmentationDot,,
009343.png,dot,augmentationDot,,
009344.png,dot,augmentationDot,,
009345.png,rest_half,restHalf,,
009346.png,dot,augmentationDot,,
009347.png,dot,augmentationDot,,
009348.png,dot,augmentationDot,,
009349.png,dot,augmentationDot,,
009350.png,dot,augmentationDot,,
009351.png,dot,augmentationDot,,
009352.png,dot,augmentationDot,,
009353.png,clef_treble,clefG,,
009354.png,clef_treble,clefG,,
009355.png,clef_bass,clefF,,
009356.png,dot,augmentationDot,,
009357.png,dot,augmentationDot,,
009358.png,dot,augmentationDot,,
009359.png,dot,augmentationDot,,
009360.png,dot,augmentationDot,,
009361.png,rest_8th,rest8th,,
009362.png,rest_quarter,restQuarter,,
009363.png,rest_8th,rest8th,,
009364.png,rest_8th,rest8th,,
009365.png,rest_8th,rest8th,,
009366.png,rest_8th,rest8th,,
009367.png,rest_8th,rest8th,,
009368.png,rest_8th,rest8th,,
009369.png,rest_8th,rest8th,,
009370.png,rest_quarter,restQuarter,,
009371.png,rest_quarter,restQuarter,,
009372.png,rest_quarter,restQuarter,,
009373.png,clef_treble,clefG,,
009374.png,clef_bass,clefF,,
009375.png,clef_treble,clefG,,
009376.png,flat,accidentalFlat,-5,
009377.png,flat,accidentalFlat,-5,
009378.png,flat,accidentalFlat,-2,
009379.png,flat,accidentalFlat,-9,
009380.png,flat,accidentalFlat,1,
009381.png,flat,accidentalFlat,2,
009382.png,flat,accidentalFlat,-6,
009383.png,sharp,accidentalSharp,2,
009384.png,natural,accidentalNatural,-4,
009385.png,sharp,accidentalSharp,-4,
009386.png,flat,accidentalFlat,-4,
009387.png,natural,accidentalNatural,2,
009388.png,flat,accidentalFlat,5,
009389.png,natural,accidentalNatural,4,
009390.png,sharp,accidentalSharp,-1,
009391.png,flat,accidentalFlat,6,
009392.png,flat,accidentalFlat,4,
009393.png,sharp,accidentalSharp,4,
009394.png,sharp,accidentalSharp,6,
009395.png,natural,accidentalNatural,6,
009396.png,natural,accidentalNatural,-3,
009397.png,sharp,accidentalSharp,-1,
009398.png,sharp,accidentalSharp,-8,
009399.png,sharp,accidentalSharp,5,
009400.png,sharp,accidentalSharp,-2,
009401.png,sharp,accidentalSharp,-4,
009402.png,flat,accidentalFlat,5,
009403.png,flat,accidentalFlat,5,
009404.png,flat,accidentalFlat,5,
009405.png,sharp,accidentalSharp,-8,
009406.png,sharp,accidentalSharp,-8,
009407.png,sharp,accidentalSharp,-8,
009408.png,sharp,accidentalSharp,-8,
009409.png,sharp,accidentalSharp,-6,
009410.png,rest_8th,rest8th,,
009411.png,dot,augmentationDot,,
009412.png,clef_treble,clefG,,
009413.png,clef_bass,clefF,,
009414.png,rest_8th,rest8th,,
009415.png,dot,augmentationDot,,
009416.png,dot,augmentationDot,,
009417.png,dot,augmentationDot,,
009418.png,dot,augmentationDot,,
009419.png,dot,augmentationDot,,
009420.png,dot,augmentationDot,,
009421.png,dot,augmentationDot,,
009422.png,rest_8th,rest8th,,
009423.png,rest_8th,rest8th,,
009424.png,clef_bass,clefF,,
009425.png,clef_treble,clefG,,
009426.png,rest_32nd,rest32nd,,
009427.png,clef_bass,clefF,,
009428.png,rest_8th,rest8th,,
009429.png,clef_bass,clefF,,
009430.png,clef_treble,clefG,,
009431.png,rest_8th,rest8th,,
009432.png,rest_8th,rest8th,,
009433.png,rest_8th,rest8th,,
009434.png,rest_8th,rest8th,,
009435.png,rest_8th,rest8th,,
009436.png,rest_8th,rest8th,,
009437.png,clef_bass,clefF,,
009438.png,rest_8th,rest8th,,
009439.png,clef_bass,clefF,,
009440.png,rest_whole,restWhole,,
009441.png,rest_8th,rest8th,,
009442.png,rest_8th,rest8th,,
009443.png,rest_8th,rest8th,,
009444.png,rest_8th,rest8th,,
009445.png,rest_8th,rest8th,,
009446.png,rest_8th,rest8th,,
009447.png,rest_8th,rest8th,,
009448.png,rest_8th,rest8th,,
009449.png,rest_8th,rest8th,,
009450.png,rest_8th,rest8th,,
009451.png,clef_treble,clefG,,
009452.png,rest_quarter,restQuarter,,
009453.png,rest_8th,rest8th,,
009454.png,rest_8th,rest8th,,
009455.png,rest_8th,rest8th,,
009456.png,clef_bass,clefF,,
009457.png,clef_bass,clefF,,
009458.png,rest_8th,rest8th,,
009459.png,rest_16th,rest16th,,
009460.png,rest_8th,rest8th,,
009461.png,rest_16th,rest16th,,
009462.png,rest_8th,rest8th,,
009463.png,rest_16th,rest16th,,
009464.png,rest_16th,rest16th,,
009465.png,rest_8th,rest8th,,
009466.png,rest_quarter,restQuarter,,
009467.png,rest_quarter,restQuarter,,
009468.png,rest_whole,restWhole,,
009469.png,rest_8th,rest8th,,
009470.png,rest_8th,rest8th,,
009471.png,clef_bass,clefF,,
009472.png,clef_treble,clefG,,
009473.png,rest_quarter,restQuarter,,
009474.png,clef_bass,clefF,,
009475.png,natural,accidentalNatural,5,
009476.png,sharp,accidentalSharp,-3,
009477.png,natural,accidentalNatural,5,
009478.png,natural,accidentalNatural,-2,
009479.png,sharp,accidentalSharp,5,
009480.png,sharp,accidentalSharp,-3,
009481.png,sharp,accidentalSharp,5,
009482.png,flat,accidentalFlat,8,
009483.png,sharp,accidentalSharp,2,
009484.png,sharp,accidentalSharp,-5,
009485.png,natural,accidentalNatural,-7,
009486.png,sharp,accidentalSharp,-3,
009487.png,flat,accidentalFlat,3,
009488.png,sharp,accidentalSharp,2,
009489.png,sharp,accidentalSharp,1,
009490.png,sharp,accidentalSharp,6,
009491.png,sharp,accidentalSharp,-1,
009492.png,sharp,accidentalSharp,1,
009493.png,natural,accidentalNatural,7,
009494.png,flat,accidentalFlat,8,
009495.png,flat,accidentalFlat,3,
009496.png,sharp,accidentalSharp,-3,
009497.png,sharp,accidentalSharp,5,
009498.png,sharp,accidentalSharp,-2,
009499.png,sharp,accidentalSharp,-3,
009500.png,sharp,accidentalSharp,2,
009501.png,natural,accidentalNatural,0,
009502.png,sharp,accidentalSharp,4,
009503.png,flat,accidentalFlat,2,
009504.png,flat,accidentalFlat,7,
009505.png,flat,accidentalFlat,2,
009506.png,flat,accidentalFlat,7,
009507.png,sharp,accidentalSharp,-2,
009508.png,sharp,accidentalSharp,-2,
009509.png,natural,accidentalNatural,0,
009510.png,sharp,accidentalSharp,0,
009511.png,sharp,accidentalSharp,-7,
009512.png,sharp,accidentalSharp,-3,
009513.png,sharp,accidentalSharp,-3,
009514.png,clef_bass,clefF,,
009515.png,rest_quarter,restQuarter,,
009516.png,rest_quarter,restQuarter,,
009517.png,dot,augmentationDot,,
009518.png,clef_treble,clefG,,
009519.png,time_cut,timeSigCutCommon,,
009520.png,clef_treble,clefG,,
009521.png,time_cut,timeSigCutCommon,,
009522.png,dot,augmentationDot,,
009523.png,rest_quarter,restQuarter,,
009524.png,rest_8th,rest8th,,
009525.png,rest_quarter,restQuarter,,
009526.png,clef_treble,clefG,,
009527.png,clef_bass,clefF,,
009528.png,dot,augmentationDot,,
009529.png,dot,augmentationDot,,
009530.png,rest_8th,rest8th,,
009531.png,clef_treble,clefG,,
009532.png,clef_bass,clefF,,
009533.png,clef_treble,clefG,,
009534.png,clef_bass,clefF,,
009535.png,dot,augmentationDot,,
009536.png,dot,augmentationDot,,
009537.png,dot,augmentationDot,,
009538.png,dot,augmentationDot,,
009539.png,rest_8th,rest8th,,
009540.png,dot,augmentationDot,,
009541.png,dot,augmentationDot,,
009542.png,rest_quarter,restQuarter,,
009543.png,dot,augmentationDot,,
009544.png,dot,augmentationDot,,
009545.png,clef_treble,clefG,,
009546.png,clef_bass,clefF,,
009547.png,dot,augmentationDot,,
009548.png,dot,augmentationDot,,
009549.png,rest_quarter,restQuarter,,
009550.png,dot,augmentationDot,,
009551.png,dot,augmentationDot,,
009552.png,dot,augmentationDot,,
009553.png,dot,augmentationDot,,
009554.png,dot,augmentationDot,,
009555.png,clef_bass,clefF,,
009556.png,clef_treble,clefG,,
009557.png,rest_8th,rest8th,,
009558.png,rest_8th,rest8th,,
009559.png,dot,augmentationDot,,
009560.png,dot,augmentationDot,,
009561.png,dot,augmentationDot,,
009562.png,dot,augmentationDot,,
009563.png,clef_bass,clefF,,
009564.png,clef_treble,clefG,,
009565.png,flat,accidentalFlat,-4,
009566.png,flat,accidentalFlat,-4,
009567.png,flat,accidentalFlat,1,
009568.png,natural,accidentalNatural,1,
009569.png,flat,accidentalFlat,1,
009570.png,natural,accidentalNatural,1,
009571.png,natural,accidentalNatural,1,
009572.png,flat,accidentalFlat,1,
009573.png,flat,accidentalFlat,3,
009574.png,natural,accidentalNatural,1,
009575.png,natural,accidentalNatural,3,
009576.png,flat,accidentalFlat,1,
009577.png,natural,accidentalNatural,3,
009578.png,flat,accidentalFlat,3,
009579.png,flat,accidentalFlat,1,
009580.png,natural,accidentalNatural,1,
009581.png,flat,accidentalFlat,1,
009582.png,natural,accidentalNatural,3,
009583.png,natural,accidentalNatural,1,
009584.png,natural,accidentalNatural,1,
009585.png,flat,accidentalFlat,3,
009586.png,flat,accidentalFlat,-4,
009587.png,flat,accidentalFlat,-4,
009588.png,natural,accidentalNatural,-3,
009589.png,flat,accidentalFlat,1,
009590.png,flat,accidentalFlat,-1,
009591.png,natural,accidentalNatural,1,
009592.png,flat,accidentalFlat,-4,
009593.png,natural,accidentalNatural,-4,
009594.png,natural,accidentalNatural,-1,
009595.png,flat,accidentalFlat,1,
009596.png,natural,accidentalNatural,-4,
009597.png,flat,accidentalFlat,-1,
009598.png,flat,accidentalFlat,-1,
009599.png,natural,accidentalNatural,-1,
009600.png,flat,accidentalFlat,-2,
009601.png,flat,accidentalFlat,3,
009602.png,flat,accidentalFlat,6,
009603.png,natural,accidentalNatural,1,
009604.png,flat,accidentalFlat,-2,
009605.png,flat,accidentalFlat,1,
009606.png,natural,accidentalNatural,11,
009607.png,flat,accidentalFlat,-4,
009608.png,natural,accidentalNatural,-1,
009609.png,natural,accidentalNatural,-4,
009610.png,flat,accidentalFlat,1,
009611.png,flat,accidentalFlat,-4,
009612.png,flat,accidentalFlat,10,
009613.png,flat,accidentalFlat,3,
009614.png,natural,accidentalNatural,3,
009615.png,flat,accidentalFlat,1,
009616.png,natural,accidentalNatural,-8,
009617.png,flat,accidentalFlat,1,
009618.png,natural,accidentalNatural,1,
009619.png,flat,accidentalFlat,1,
009620.png,natural,accidentalNatural,-5,
009621.png,flat,accidentalFlat,-2,
009622.png,flat,accidentalFlat,-5,
009623.png,natural,accidentalNatural,1,
009624.png,natural,accidentalNatural,-8,
009625.png,natural,accidentalNatural,-5,
009626.png,natural,accidentalNatural,1,
009627.png,flat,accidentalFlat,1,
009628.png,natural,accidentalNatural,1,
009629.png,natural,accidentalNatural,-5,
009630.png,natural,accidentalNatural,1,
009631.png,flat,accidentalFlat,3,
009632.png,flat,accidentalFlat,1,
009633.png,natural,accidentalNatural,3,
009634.png,natural,accidentalNatural,-8,
009635.png,natural,accidentalNatural,-198,
009636.png,time_4,timeSig4,,
009637.png,time_4,timeSig4,,
009638.png,time_4,timeSig4,,
009639.png,time_4,timeSig4,,
009640.png,time_4,timeSig4,,
009641.png,time_4,timeSig4,,
009642.png,rest_whole,restWhole,,
009643.png,rest_whole,restWhole,,
009644.png,rest_whole,restWhole,,
009645.png,rest_whole,restWhole,,
009646.png,rest_whole,restWhole,,
009647.png,rest_whole,restWhole,,
009648.png,time_7,timeSig7,,
009649.png,time_8,timeSig8,,
009650.png,time_7,timeSig7,,
009651.png,time_8,timeSig8,,
009652.png,time_7,timeSig7,,
009653.png,time_8,timeSig8,,
009654.png,rest_whole,restWhole,,
009655.png,clef_bass,clefF,,
009656.png,clef_bass,clefF,,
009657.png,clef_treble,clefG,,
009658.png,rest_whole,restWhole,,
009659.png,rest_whole,restWhole,,
009660.png,rest_whole,restWhole,,
009661.png,time_7,timeSig7,,
009662.png,time_8,timeSig8,,
009663.png,time_7,timeSig7,,
009664.png,time_8,timeSig8,,
009665.png,time_7,timeSig7,,
009666.png,time_8,timeSig8,,
009667.png,time_7,timeSig7,,
009668.png,time_8,timeSig8,,
009669.png,time_7,timeSig7,,
009670.png,time_8,timeSig8,,
009671.png,time_7,timeSig7,,
009672.png,time_8,timeSig8,,
009673.png,clef_bass,clefF,,
009674.png,rest_whole,restWhole,,
009675.png,rest_whole,restWhole,,
009676.png,rest_whole,restWhole,,
009677.png,rest_whole,restWhole,,
009678.png,clef_treble,clefG,,
009679.png,clef_bass,clefF,,
009680.png,time_4,timeSig4,,
009681.png,time_4,timeSig4,,
009682.png,time_4,timeSig4,,
009683.png,time_4,timeSig4,,
009684.png,time_4,timeSig4,,
009685.png,time_4,timeSig4,,
009686.png,rest_whole,restWhole,,
009687.png,rest_whole,restWhole,,
009688.png,rest_whole,restWhole,,
009689.png,rest_whole,restWhole,,
009690.png,rest_whole,restWhole,,
009691.png,dot,augmentationDot,,
009692.png,time_7,timeSig7,,
009693.png,time_8,timeSig8,,
009694.png,time_7,timeSig7,,
009695.png,time_8,timeSig8,,
009696.png,time_7,timeSig7,,
009697.png,time_8,timeSig8,,
009698.png,dot,augmentationDot,,
009699.png,time_3,timeSig3,,
009700.png,time_4,timeSig4,,
009701.png,time_3,timeSig3,,
009702.png,time_4,timeSig4,,
009703.png,time_3,timeSig3,,
009704.png,time_4,timeSig4,,
009705.png,time_4,timeSig4,,
009706.png,time_4,timeSig4,,
009707.png,time_4,timeSig4,,
009708.png,time_4,timeSig4,,
009709.png,time_4,timeSig4,,
009710.png,time_4,timeSig4,,
009711.png,dot,augmentationDot,,
009712.png,time_7,timeSig7,,
009713.png,time_8,timeSig8,,
009714.png,time_7,timeSig7,,
009715.png,time_8,timeSig8,,
009716.png,time_7,timeSig7,,
009717.png,time_8,timeSig8,,
009718.png,clef_treble,clefG,,
009719.png,clef_bass,clefF,,
009720.png,clef_bass,clefF,,
009721.png,rest_whole,restWhole,,
009722.png,rest_whole,restWhole,,
009723.png,time_4,timeSig4,,
009724.png,time_4,timeSig4,,
009725.png,time_4,timeSig4,,
009726.png,time_4,timeSig4,,
009727.png,time_4,timeSig4,,
009728.png,time_4,timeSig4,,
009729.png,time_4,timeSig4,,
009730.png,time_4,timeSig4,,
009731.png,time_4,timeSig4,,
009732.png,time_4,timeSig4,,
009733.png,time_4,timeSig4,,
009734.png,time_4,timeSig4,,
009735.png,clef_bass,clefF,,
009736.png,dot,augmentationDot,,
009737.png,dot,augmentationDot,,
009738.png,clef_bass,clefF,,
009739.png,clef_bass,clefF,,
009740.png,clef_treble,clefG,,
009741.png,rest_whole,restWhole,,
009742.png,rest_whole,restWhole,,
009743.png,time_7,timeSig7,,
009744.png,time_8,timeSig8,,
009745.png,time_7,timeSig7,,
009746.png,time_8,timeSig8,,
009747.png,time_7,timeSig7,,
009748.png,time_8,timeSig8,,
009749.png,rest_whole,restWhole,,
009750.png,rest_whole,restWhole,,
009751.png,rest_whole,restWhole,,
009752.png,dot,augmentationDot,,
009753.png,time_7,timeSig7,,
009754.png,time_8,timeSig8,,
009755.png,time_7,timeSig7,,
009756.png,time_8,timeSig8,,
009757.png,time_7,timeSig7,,
009758.png,time_8,timeSig8,,
009759.png,dot,augmentationDot,,
009760.png,dot,augmentationDot,,
009761.png,time_4,timeSig4,,
009762.png,time_4,timeSig4,,
009763.png,time_4,timeSig4,,
009764.png,time_4,timeSig4,,
009765.png,time_4,timeSig4,,
009766.png,time_4,timeSig4,,
009767.png,time_4,timeSig4,,
009768.png,time_4,timeSig4,,
009769.png,time_4,timeSig4,,
009770.png,time_4,timeSig4,,
009771.png,time_4,timeSig4,,
009772.png,time_4,timeSig4,,
009773.png,clef_treble,clefG,,
009774.png,dot,augmentationDot,,
009775.png,rest_whole,restWhole,,
009776.png,rest_whole,restWhole,,
009777.png,clef_bass,clefF,,
009778.png,clef_bass,clefF,,
009779.png,clef_bass,clefF,,
009780.png,clef_bass,clefF,,
009781.png,clef_treble,clefG,,
009782.png,rest_8th,rest8th,,
009783.png,time_7,timeSig7,,
009784.png,time_8,timeSig8,,
009785.png,time_7,timeSig7,,
009786.png,time_8,timeSig8,,
009787.png,time_7,timeSig7,,
009788.png,time_8,timeSig8,,
009789.png,time_7,timeSig7,,
009790.png,time_8,timeSig8,,
009791.png,time_7,timeSig7,,
009792.png,time_8,timeSig8,,
009793.png,time_7,timeSig7,,
009794.png,time_8,timeSig8,,
009795.png,rest_whole,restWhole,,
009796.png,rest_whole,restWhole,,
009797.png,clef_treble,clefG,,
009798.png,clef_bass,clefF,,
009799.png,clef_bass,clefF,,
009800.png,time_7,timeSig7,,
009801.png,time_8,timeSig8,,
009802.png,time_7,timeSig7,,
009803.png,time_8,timeSig8,,
009804.png,time_7,timeSig7,,
009805.png,time_8,timeSig8,,
009806.png,clef_bass,clefF,,
009807.png,clef_treble,clefG,,
009808.png,clef_bass,clefF,,
009809.png,clef_bass,clefF,,
009810.png,rest_whole,restWhole,,
009811.png,rest_whole,restWhole,,
009812.png,time_7,timeSig7,,
009813.png,time_8,timeSig8,,
009814.png,time_7,timeSig7,,
009815.png,time_8,timeSig8,,
009816.png,time_7,timeSig7,,
009817.png,time_8,timeSig8,,
009818.png,time_4,timeSig4,,
009819.png,time_4,timeSig4,,
009820.png,time_4,timeSig4,,
009821.png,time_4,timeSig4,,
009822.png,time_4,timeSig4,,
009823.png,time_4,timeSig4,,
009824.png,clef_treble,clefG,,
009825.png,sharp,accidentalSharp,4,
009826.png,flat,accidentalFlat,3,
009827.png,flat,accidentalFlat,3,
009828.png,sharp,accidentalSharp,4,
009829.png,flat,accidentalFlat,-4,
009830.png,flat,accidentalFlat,3,
009831.png,flat,accidentalFlat,3,
009832.png,flat,accidentalFlat,-4,
009833.png,natural,accidentalNatural,-4,
009834.png,flat,accidentalFlat,-4,
009835.png,flat,accidentalFlat,3,
009836.png,flat,accidentalFlat,-4,
009837.png,rest_8th,rest8th,,
009838.png,clef_treble,clefG,,
009839.png,clef_treble,clefG,,
009840.png,rest_8th,rest8th,,
009841.png,rest_8th,rest8th,,
009842.png,rest_8th,rest8th,,
009843.png,clef_treble,clefG,,
009844.png,clef_treble,clefG,,
009845.png,clef_treble,clefG,,
009846.png,rest_8th,rest8th,,
009847.png,clef_treble,clefG,,
009848.png,dot,augmentationDot,,
009849.png,clef_treble,clefG,,
009850.png,clef_treble,clefG,,
009851.png,flat,accidentalFlat,5,
009852.png,natural,accidentalNatural,4,
009853.png,natural,accidentalNatural,-3,
009854.png,natural,accidentalNatural,-4,
009855.png,natural,accidentalNatural,-1,
009856.png,natural,accidentalNatural,-8,
009857.png,natural,accidentalNatural,5,
009858.png,natural,accidentalNatural,4,
009859.png,flat,accidentalFlat,-2,
009860.png,flat,accidentalFlat,-2,
009861.png,natural,accidentalNatural,-3,
009862.png,natural,accidentalNatural,4,
009863.png,natural,accidentalNatural,11,
009864.png,flat,accidentalFlat,1,
009865.png,natural,accidentalNatural,1,
009866.png,flat,accidentalFlat,7,
009867.png,natural,accidentalNatural,4,
009868.png,natural,accidentalNatural,-3,
009869.png,natural,accidentalNatural,3,
009870.png,natural,accidentalNatural,3,
009871.png,natural,accidentalNatural,11,
009872.png,natural,accidentalNatural,2,
009873.png,rest_quarter,restQuarter,,
009874.png,rest_half,restHalf,,
009875.png,rest_quarter,restQuarter,,
009876.png,rest_quarter,restQuarter,,
009877.png,rest_whole,restWhole,,
009878.png,rest_whole,restWhole,,
009879.png,rest_whole,restWhole,,
009880.png,rest_whole,restWhole,,
009881.png,rest_whole,restWhole,,
009882.png,rest_whole,restWhole,,
009883.png,rest_whole,restWhole,,
009884.png,rest_quarter,restQuarter,,
009885.png,rest_quarter,restQuarter,,
009886.png,rest_quarter,restQuarter,,
009887.png,rest_quarter,restQuarter,,
009888.png,rest_quarter,restQuarter,,
009889.png,rest_8th,rest8th,,
009890.png,rest_quarter,restQuarter,,
009891.png,rest_quarter,restQuarter,,
009892.png,rest_quarter,restQuarter,,
009893.png,rest_quarter,restQuarter,,
009894.png,rest_half,restHalf,,
009895.png,rest_quarter,restQuarter,,
009896.png,rest_quarter,restQuarter,,
009897.png,rest_8th,rest8th,,
009898.png,rest_quarter,restQuarter,,
009899.png,rest_quarter,restQuarter,,
009900.png,rest_8th,rest8th,,
009901.png,rest_quarter,restQuarter,,
009902.png,clef_tenor,clefCTenor,,
009903.png,rest_whole,restWhole,,
009904.png,rest_whole,restWhole,,
009905.png,rest_whole,restWhole,,
009906.png,rest_whole,restWhole,,
009907.png,rest_whole,restWhole,,
009908.png,rest_whole,restWhole,,
009909.png,rest_quarter,restQuarter,,
009910.png,rest_quarter,restQuarter,,
009911.png,rest_quarter,restQuarter,,
009912.png,rest_quarter,restQuarter,,
009913.png,rest_quarter,restQuarter,,
009914.png,rest_quarter,restQuarter,,
009915.png,rest_whole,restWhole,,
009916.png,rest_quarter,restQuarter,,
009917.png,rest_whole,restWhole,,
009918.png,rest_quarter,restQuarter,,
009919.png,rest_quarter,restQuarter,,
009920.png,rest_quarter,restQuarter,,
009921.png,rest_quarter,restQuarter,,
009922.png,rest_quarter,restQuarter,,
009923.png,rest_quarter,restQuarter,,
009924.png,rest_quarter,restQuarter,,
009925.png,rest_quarter,restQuarter,,
009926.png,rest_quarter,restQuarter,,
009927.png,rest_quarter,restQuarter,,
009928.png,rest_quarter,restQuarter,,
009929.png,rest_quarter,restQuarter,,
009930.png,rest_quarter,restQuarter,,
009931.png,rest_half,restHalf,,
009932.png,rest_quarter,restQuarter,,
009933.png,rest_quarter,restQuarter,,
009934.png,rest_quarter,restQuarter,,
009935.png,rest_quarter,restQuarter,,
009936.png,rest_quarter,restQuarter,,
009937.png,rest_quarter,restQuarter,,
009938.png,rest_quarter,restQuarter,,
009939.png,rest_quarter,restQuarter,,
009940.png,rest_quarter,restQuarter,,
009941.png,rest_quarter,restQuarter,,
009942.png,rest_quarter,restQuarter,,
009943.png,rest_quarter,restQuarter,,
009944.png,rest_8th,rest8th,,
009945.png,rest_8th,rest8th,,
009946.png,rest_8th,rest8th,,
009947.png,rest_8th,rest8th,,
009948.png,rest_8th,rest8th,,
009949.png,rest_8th,rest8th,,
009950.png,clef_treble,clefG,,
009951.png,clef_treble,clefG,,
009952.png,rest_whole,restWhole,,
009953.png,rest_whole,restWhole,,
009954.png,rest_whole,restWhole,,
009955.png,rest_whole,restWhole,,
009956.png,rest_whole,restWhole,,
009957.png,clef_treble,clefG,,
009958.png,clef_alto,clefCAlto,,
009959.png,clef_treble,clefG,,
009960.png,clef_treble,clefG,,
009961.png,clef_8,clef8,,
009962.png,clef_bass,clefF,,
009963.png,clef_tenor,clefCTenor,,
009964.png,clef_treble,clefG,,
009965.png,rest_whole,restWhole,,
009966.png,rest_whole,restWhole,,
009967.png,rest_whole,restWhole,,
009968.png,rest_whole,restWhole,,
009969.png,rest_whole,restWhole,,
009970.png,rest_whole,restWhole,,
009971.png,clef_bass,clefF,,
009972.png,rest_8th,rest8th,,
009973.png,rest_8th,rest8th,,
009974.png,clef_8,clef8,,
009975.png,clef_bass,clefF,,
009976.png,clef_bass,clefF,,
009977.png,clef_alto,clefCAlto,,
009978.png,clef_treble,clefG,,
009979.png,clef_treble,clefG,,
009980.png,clef_bass,clefF,,
009981.png,clef_bass,clefF,,
009982.png,rest_8th,rest8th,,
009983.png,rest_8th,rest8th,,
009984.png,rest_8th,rest8th,,
009985.png,rest_8th,rest8th,,
009986.png,rest_8th,rest8th,,
009987.png,rest_8th,rest8th,,
009988.png,rest_8th,rest8th,,
009989.png,sharp,accidentalSharp,7,
009990.png,sharp,accidentalSharp,6,
009991.png,natural,accidentalNatural,3,
009992.png,flat,accidentalFlat,0,
009993.png,natural,accidentalNatural,7,
009994.png,natural,accidentalNatural,2,
009995.png,sharp,accidentalSharp,7,
009996.png,sharp,accidentalSharp,3,
009997.png,sharp,accidentalSharp,2,
009998.png,natural,accidentalNatural,2,
009999.png,sharp,accidentalSharp,-2,
