id,note_type,duration,rel_position,img_src
000000.png,note4,8,2,lg-877777775968732096-aug-gonville--page-3.png
000001.png,note4,16,0,lg-877777775968732096-aug-gonville--page-3.png
000002.png,note4,16,-10,lg-877777775968732096-aug-gonville--page-3.png
000003.png,note4,16,1,lg-877777775968732096-aug-gonville--page-3.png
000004.png,note4,8.,-10,lg-877777775968732096-aug-gonville--page-3.png
000005.png,note4,8,-8,lg-877777775968732096-aug-gonville--page-3.png
000006.png,note4,4,0,lg-877777775968732096-aug-gonville--page-3.png
000007.png,note4,8,-9,lg-877777775968732096-aug-gonville--page-3.png
000008.png,note4,8,5,lg-877777775968732096-aug-gonville--page-3.png
000009.png,note4,16,-12,lg-877777775968732096-aug-gonville--page-3.png
000010.png,note4,8,5,lg-877777775968732096-aug-gonville--page-3.png
000011.png,note4,16,-13,lg-877777775968732096-aug-gonville--page-3.png
000012.png,note4,8,1,lg-877777775968732096-aug-gonville--page-3.png
000013.png,note4,8.,-12,lg-877777775968732096-aug-gonville--page-3.png
000014.png,note4,16,5,lg-877777775968732096-aug-gonville--page-3.png
000015.png,note4,16,1,lg-877777775968732096-aug-gonville--page-3.png
000016.png,note4,16,-12,lg-877777775968732096-aug-gonville--page-3.png
000017.png,note4,8,1,lg-877777775968732096-aug-gonville--page-3.png
000018.png,note4,8.,-12,lg-877777775968732096-aug-gonville--page-3.png
000019.png,note4,16,-4,lg-877777775968732096-aug-gonville--page-3.png
000020.png,note4,8,-3,lg-877777775968732096-aug-gonville--page-3.png
000021.png,note4,8,-4,lg-877777775968732096-aug-gonville--page-3.png
000022.png,note4,16,-1,lg-877777775968732096-aug-gonville--page-3.png
000023.png,note4,16,0,lg-877777775968732096-aug-gonville--page-3.png
000024.png,note4,8,-2,lg-877777775968732096-aug-gonville--page-3.png
000025.png,note4,8,-8,lg-877777775968732096-aug-gonville--page-3.png
000026.png,note4,16,-5,lg-877777775968732096-aug-gonville--page-3.png
000027.png,note4,16,-2,lg-877777775968732096-aug-gonville--page-3.png
000028.png,note4,8,-5,lg-877777775968732096-aug-gonville--page-3.png
000029.png,note4,8,-1,lg-877777775968732096-aug-gonville--page-3.png
000030.png,note4,8,-3,lg-877777775968732096-aug-gonville--page-3.png
000031.png,note4,16,-2,lg-877777775968732096-aug-gonville--page-3.png
000032.png,note4,16,-2,lg-877777775968732096-aug-gonville--page-3.png
000033.png,note4,8,-3,lg-877777775968732096-aug-gonville--page-3.png
000034.png,note4,16,0,lg-877777775968732096-aug-gonville--page-3.png
000035.png,note4,16,3,lg-877777775968732096-aug-gonville--page-3.png
000036.png,note4,16,-9,lg-877777775968732096-aug-gonville--page-3.png
000037.png,note4,16,4,lg-877777775968732096-aug-gonville--page-3.png
000038.png,note4,16,-8,lg-877777775968732096-aug-gonville--page-3.png
000039.png,note4,16,2,lg-877777775968732096-aug-gonville--page-3.png
000040.png,note8,16,-9,lg-877777775968732096-aug-gonville--page-3.png
000041.png,note4,8,-2,lg-877777775968732096-aug-gonville--page-3.png
000042.png,note4,8,0,lg-877777775968732096-aug-gonville--page-3.png
000043.png,note4,8,3,lg-877777775968732096-aug-gonville--page-3.png
000044.png,note2,2,3,lg-877777775968732096-aug-gonville--page-3.png
000045.png,note4,4,-5,lg-877777775968732096-aug-gonville--page-3.png
000046.png,note4,16,3,lg-877777775968732096-aug-gonville--page-3.png
000047.png,note4,16,-3,lg-877777775968732096-aug-gonville--page-3.png
000048.png,note4,16,1,lg-877777775968732096-aug-gonville--page-3.png
000049.png,note4,16,2,lg-877777775968732096-aug-gonville--page-3.png
000050.png,note4,4,-12,lg-877777775968732096-aug-gonville--page-3.png
000051.png,note4,16,3,lg-877777775968732096-aug-gonville--page-3.png
000052.png,note4,16,2,lg-877777775968732096-aug-gonville--page-3.png
000053.png,note4,16,3,lg-877777775968732096-aug-gonville--page-3.png
000054.png,note4,16,-12,lg-877777775968732096-aug-gonville--page-3.png
000055.png,note4,8,1,lg-877777775968732096-aug-gonville--page-3.png
000056.png,note8,16,2,lg-877777775968732096-aug-gonville--page-3.png
000057.png,note4,8,-3,lg-877777775968732096-aug-gonville--page-3.png
000058.png,note4,8,2,lg-877777775968732096-aug-gonville--page-3.png
000059.png,note4,16,-9,lg-877777775968732096-aug-gonville--page-3.png
000060.png,note4,16,-7,lg-877777775968732096-aug-gonville--page-3.png
000061.png,note4,16,-10,lg-877777775968732096-aug-gonville--page-3.png
000062.png,note4,8,-5,lg-877777775968732096-aug-gonville--page-3.png
000063.png,note4,16,-12,lg-877777775968732096-aug-gonville--page-3.png
000064.png,note4,16,-12,lg-877777775968732096-aug-gonville--page-3.png
000065.png,note4,8,1,lg-877777775968732096-aug-gonville--page-3.png
000066.png,note4,8.,-13,lg-877777775968732096-aug-gonville--page-3.png
000067.png,note4,16,-5,lg-877777775968732096-aug-gonville--page-3.png
000068.png,note4,16,-5,lg-877777775968732096-aug-gonville--page-3.png
000069.png,note4,8,-2,lg-877777775968732096-aug-gonville--page-3.png
000070.png,note4,8,0,lg-877777775968732096-aug-gonville--page-3.png
000071.png,note4,8,3,lg-877777775968732096-aug-gonville--page-3.png
000072.png,note4,16,-9,lg-877777775968732096-aug-gonville--page-3.png
000073.png,note4,4,2,lg-877777775968732096-aug-gonville--page-3.png
000074.png,note4,16,-7,lg-877777775968732096-aug-gonville--page-3.png
000075.png,note4,16,-6,lg-877777775968732096-aug-gonville--page-3.png
000076.png,note4,16,2,lg-877777775968732096-aug-gonville--page-3.png
000077.png,note4,16,0,lg-877777775968732096-aug-gonville--page-3.png
000078.png,note4,16,-2,lg-877777775968732096-aug-gonville--page-3.png
000079.png,note4,8,2,lg-877777775968732096-aug-gonville--page-3.png
000080.png,note4,8,0,lg-877777775968732096-aug-gonville--page-3.png
000081.png,note4,8,-2,lg-877777775968732096-aug-gonville--page-3.png
000082.png,note4,4,-5,lg-877777775968732096-aug-gonville--page-3.png
000083.png,note4,16,-5,lg-877777775968732096-aug-gonville--page-3.png
000084.png,note4,4,-2,lg-877777775968732096-aug-gonville--page-3.png
000085.png,note4,4,-9,lg-877777775968732096-aug-gonville--page-3.png
000086.png,note2,2,-2,lg-877777775968732096-aug-gonville--page-3.png
000087.png,note4,16,2,lg-877777775968732096-aug-gonville--page-3.png
000088.png,note4,16,1,lg-877777775968732096-aug-gonville--page-3.png
000089.png,note4,16,-3,lg-877777775968732096-aug-gonville--page-3.png
000090.png,note4,8,2,lg-877777775968732096-aug-gonville--page-3.png
000091.png,note4,8,0,lg-877777775968732096-aug-gonville--page-3.png
000092.png,note4,8,-2,lg-877777775968732096-aug-gonville--page-3.png
000093.png,note4,8,2,lg-877777775968732096-aug-gonville--page-3.png
000094.png,note4,8,0,lg-877777775968732096-aug-gonville--page-3.png
000095.png,note4,8,-2,lg-877777775968732096-aug-gonville--page-3.png
000096.png,note4,16,-7,lg-877777775968732096-aug-gonville--page-3.png
000097.png,note4,16,7,lg-877777775968732096-aug-gonville--page-3.png
000098.png,note4,16,-7,lg-877777775968732096-aug-gonville--page-3.png
000099.png,note4,16,-5,lg-877777775968732096-aug-gonville--page-3.png
000100.png,note4,16,-6,lg-877777775968732096-aug-gonville--page-3.png
000101.png,note4,16,-4,lg-877777775968732096-aug-gonville--page-3.png
000102.png,note4,16,-8,lg-877777775968732096-aug-gonville--page-3.png
000103.png,note4,16,7,lg-877777775968732096-aug-gonville--page-3.png
000104.png,note4,16,-6,lg-877777775968732096-aug-gonville--page-3.png
000105.png,note4,16,7,lg-877777775968732096-aug-gonville--page-3.png
000106.png,note4,16,-6,lg-877777775968732096-aug-gonville--page-3.png
000107.png,note4,16,-1,lg-877777775968732096-aug-gonville--page-3.png
000108.png,note8,16,-5,lg-877777775968732096-aug-gonville--page-3.png
000109.png,note8,16,0,lg-877777775968732096-aug-gonville--page-3.png
000110.png,note4,16,-9,lg-877777775968732096-aug-gonville--page-3.png
000111.png,note4,16,-3,lg-877777775968732096-aug-gonville--page-3.png
000112.png,note4,16,-8,lg-877777775968732096-aug-gonville--page-3.png
000113.png,note4,16,-7,lg-877777775968732096-aug-gonville--page-3.png
000114.png,note4,8,-2,lg-877777775968732096-aug-gonville--page-3.png
000115.png,note4,16,-1,lg-877777775968732096-aug-gonville--page-3.png
000116.png,note4,16,-2,lg-877777775968732096-aug-gonville--page-3.png
000117.png,note8,8,-5,lg-877777775968732096-aug-gonville--page-3.png
000118.png,note8,16,-4,lg-877777775968732096-aug-gonville--page-3.png
000119.png,note4,8,2,lg-877777775968732096-aug-gonville--page-3.png
000120.png,note4,8,1,lg-877777775968732096-aug-gonville--page-3.png
000121.png,note4,8,-3,lg-877777775968732096-aug-gonville--page-3.png
000122.png,note4,16,3,lg-877777775968732096-aug-gonville--page-3.png
000123.png,note4,8,2,lg-877777775968732096-aug-gonville--page-3.png
000124.png,note4,8,1,lg-877777775968732096-aug-gonville--page-3.png
000125.png,note4,8,-3,lg-877777775968732096-aug-gonville--page-3.png
000126.png,note4,8,2,lg-877777775968732096-aug-gonville--page-3.png
000127.png,note4,8,1,lg-877777775968732096-aug-gonville--page-3.png
000128.png,note4,8,-3,lg-877777775968732096-aug-gonville--page-3.png
000129.png,note4,8.,2,lg-877777775968732096-aug-gonville--page-3.png
000130.png,note4,8,-1,lg-877777775968732096-aug-gonville--page-3.png
000131.png,note4,4,-12,lg-877777775968732096-aug-gonville--page-3.png
000132.png,note4,16,3,lg-877777775968732096-aug-gonville--page-3.png
000133.png,note4,4,-10,lg-877777775968732096-aug-gonville--page-3.png
000134.png,note4,16,-3,lg-877777775968732096-aug-gonville--page-3.png
000135.png,note4,16,-5,lg-877777775968732096-aug-gonville--page-3.png
000136.png,note4,16,2,lg-877777775968732096-aug-gonville--page-3.png
000137.png,note4,16,-6,lg-877777775968732096-aug-gonville--page-3.png
000138.png,note4,16,1,lg-877777775968732096-aug-gonville--page-3.png
000139.png,note4,16,-5,lg-877777775968732096-aug-gonville--page-3.png
000140.png,note4,16,2,lg-877777775968732096-aug-gonville--page-3.png
000141.png,note4,16,-6,lg-877777775968732096-aug-gonville--page-3.png
000142.png,note4,16,3,lg-877777775968732096-aug-gonville--page-3.png
000143.png,note4,16,-4,lg-877777775968732096-aug-gonville--page-3.png
000144.png,note4,16,1,lg-877777775968732096-aug-gonville--page-3.png
000145.png,note4,16,-5,lg-877777775968732096-aug-gonville--page-3.png
000146.png,note4,16,2,lg-877777775968732096-aug-gonville--page-3.png
000147.png,note4,16,-6,lg-877777775968732096-aug-gonville--page-3.png
000148.png,note4,16,1,lg-877777775968732096-aug-gonville--page-3.png
000149.png,note4,16,-5,lg-877777775968732096-aug-gonville--page-3.png
000150.png,note4,16,2,lg-877777775968732096-aug-gonville--page-3.png
000151.png,note4,8,-5,lg-877777775968732096-aug-gonville--page-3.png
000152.png,note4,8,2,lg-877777775968732096-aug-gonville--page-3.png
000153.png,note4,8,-4,lg-877777775968732096-aug-gonville--page-3.png
000154.png,note4,8,3,lg-877777775968732096-aug-gonville--page-3.png
000155.png,note4,8,-2,lg-877777775968732096-aug-gonville--page-3.png
000156.png,note4,8,5,lg-877777775968732096-aug-gonville--page-3.png
000157.png,note4,16,-3,lg-877777775968732096-aug-gonville--page-3.png
000158.png,note4,16,4,lg-877777775968732096-aug-gonville--page-3.png
000159.png,note4,8,-3,lg-877777775968732096-aug-gonville--page-3.png
000160.png,note4,8,4,lg-877777775968732096-aug-gonville--page-3.png
000161.png,note4,16,-9,lg-877777775968732096-aug-gonville--page-3.png
000162.png,note4,16,-2,lg-877777775968732096-aug-gonville--page-3.png
000163.png,note4,16,-10,lg-877777775968732096-aug-gonville--page-3.png
000164.png,note4,16,-3,lg-877777775968732096-aug-gonville--page-3.png
000165.png,note4,16,-9,lg-877777775968732096-aug-gonville--page-3.png
000166.png,note4,16,-2,lg-877777775968732096-aug-gonville--page-3.png
000167.png,note4,16,-1,lg-877777775968732096-aug-gonville--page-3.png
000168.png,note4,16,-8,lg-877777775968732096-aug-gonville--page-3.png
000169.png,note4,16,-1,lg-877777775968732096-aug-gonville--page-3.png
000170.png,note4,16,-10,lg-877777775968732096-aug-gonville--page-3.png
000171.png,note4,16,-3,lg-877777775968732096-aug-gonville--page-3.png
000172.png,note4,16,-8,lg-877777775968732096-aug-gonville--page-3.png
000173.png,note4,16,-9,lg-877777775968732096-aug-gonville--page-3.png
000174.png,note4,16,-2,lg-877777775968732096-aug-gonville--page-3.png
000175.png,note4,16,-10,lg-877777775968732096-aug-gonville--page-3.png
000176.png,note4,16,-3,lg-877777775968732096-aug-gonville--page-3.png
000177.png,note4,16,-1,lg-877777775968732096-aug-gonville--page-3.png
000178.png,note4,16,-7,lg-877777775968732096-aug-gonville--page-3.png
000179.png,note4,16,0,lg-877777775968732096-aug-gonville--page-3.png
000180.png,note4,16,-8,lg-877777775968732096-aug-gonville--page-3.png
000181.png,note4,16,-8,lg-877777775968732096-aug-gonville--page-3.png
000182.png,note4,16,-1,lg-877777775968732096-aug-gonville--page-3.png
000183.png,note4,16,-6,lg-877777775968732096-aug-gonville--page-3.png
000184.png,note4,16,1,lg-877777775968732096-aug-gonville--page-3.png
000185.png,note4,16,-7,lg-877777775968732096-aug-gonville--page-3.png
000186.png,note4,16,0,lg-877777775968732096-aug-gonville--page-3.png
000187.png,note4,16,-7,lg-877777775968732096-aug-gonville--page-3.png
000188.png,note4,16,0,lg-877777775968732096-aug-gonville--page-3.png
000189.png,note4,16,-7,lg-877777775968732096-aug-gonville--page-3.png
000190.png,note4,16,0,lg-877777775968732096-aug-gonville--page-3.png
000191.png,note2,2,-5,lg-877777775968732096-aug-gonville--page-3.png
000192.png,note2,2,2,lg-877777775968732096-aug-gonville--page-3.png
000193.png,note4,8,5,lg-877777775968732096-aug-gonville--page-3.png
000194.png,note2,2,-9,lg-877777775968732096-aug-gonville--page-3.png
000195.png,note2,2,-2,lg-877777775968732096-aug-gonville--page-3.png
000196.png,note2,2,-7,lg-877777775968732096-aug-gonville--page-3.png
000197.png,note2,2,0,lg-877777775968732096-aug-gonville--page-3.png
000198.png,note4,4,-2,lg-877777775968732096-aug-gonville--page-3.png
000199.png,note4,4,-5,lg-877777775968732096-aug-gonville--page-3.png
000200.png,note4,4,-7,lg-877777775968732096-aug-gonville--page-3.png
000201.png,note4,4,-9,lg-877777775968732096-aug-gonville--page-3.png
000202.png,note4,4,5,lg-877777775968732096-aug-gonville--page-3.png
000203.png,note4,8,-2,lg-877777775968732096-aug-gonville--page-3.png
000204.png,note4,16.,-7,lg-877777775968732096-aug-gonville--page-3.png
000205.png,note4,16.,-2,lg-877777775968732096-aug-gonville--page-3.png
000206.png,note4,16.,-5,lg-877777775968732096-aug-gonville--page-3.png
000207.png,note4,16.,-9,lg-877777775968732096-aug-gonville--page-3.png
000208.png,note4,16.,5,lg-877777775968732096-aug-gonville--page-3.png
000209.png,note4,8,-9,lg-877777775968732096-aug-gonville--page-3.png
000210.png,note4,8,-2,lg-877777775968732096-aug-gonville--page-3.png
000211.png,note4,8,-5,lg-877777775968732096-aug-gonville--page-3.png
000212.png,note4,8,2,lg-877777775968732096-aug-gonville--page-3.png
000213.png,note4,8,-10,lg-877777775968732096-aug-gonville--page-3.png
000214.png,note4,8,-3,lg-877777775968732096-aug-gonville--page-3.png
000215.png,note4,8,4,lg-877777775968732096-aug-gonville--page-3.png
000216.png,note4,8,-4,lg-877777775968732096-aug-gonville--page-3.png
000217.png,note4,8,3,lg-877777775968732096-aug-gonville--page-3.png
000218.png,note4,8,-3,lg-877777775968732096-aug-gonville--page-3.png
000219.png,note4,8,-2,lg-877777775968732096-aug-gonville--page-3.png
000220.png,note4,8,5,lg-877777775968732096-aug-gonville--page-3.png
000221.png,note4,8,-10,lg-877777775968732096-aug-gonville--page-3.png
000222.png,note4,8,-3,lg-877777775968732096-aug-gonville--page-3.png
000223.png,note4,8,-12,lg-877777775968732096-aug-gonville--page-3.png
000224.png,note4,8,-5,lg-877777775968732096-aug-gonville--page-3.png
000225.png,note4,8,-11,lg-877777775968732096-aug-gonville--page-3.png
000226.png,note4,8,-4,lg-877777775968732096-aug-gonville--page-3.png
000227.png,note4,8,-12,lg-877777775968732096-aug-gonville--page-3.png
000228.png,note4,8,-11,lg-877777775968732096-aug-gonville--page-3.png
000229.png,note4,8,-5,lg-877777775968732096-aug-gonville--page-3.png
000230.png,note4,8,-4,lg-877777775968732096-aug-gonville--page-3.png
000231.png,note4,8,-9,lg-877777775968732096-aug-gonville--page-3.png
000232.png,note4,8,-2,lg-877777775968732096-aug-gonville--page-3.png
000233.png,note4,8,2,lg-138276217-aug-lilyjazz--page-3.png
000234.png,note4,8,-9,lg-138276217-aug-lilyjazz--page-3.png
000235.png,note4,8,2,lg-138276217-aug-lilyjazz--page-3.png
000236.png,note4,8,-9,lg-138276217-aug-lilyjazz--page-3.png
000237.png,note4,4.,2,lg-138276217-aug-lilyjazz--page-3.png
000238.png,note4,4.,3,lg-138276217-aug-lilyjazz--page-3.png
000239.png,note4,4.,6,lg-138276217-aug-lilyjazz--page-3.png
000240.png,note4,4.,8,lg-138276217-aug-lilyjazz--page-3.png
000241.png,note1,1,-8,lg-138276217-aug-lilyjazz--page-3.png
000242.png,note4,8,3,lg-138276217-aug-lilyjazz--page-3.png
000243.png,note4,8,-5,lg-138276217-aug-lilyjazz--page-3.png
000244.png,note8,8,1,lg-138276217-aug-lilyjazz--page-3.png
000245.png,note8,8,4,lg-138276217-aug-lilyjazz--page-3.png
000246.png,note4,8,1,lg-138276217-aug-lilyjazz--page-3.png
000247.png,note4,8,-5,lg-138276217-aug-lilyjazz--page-3.png
000248.png,note2,2,4,lg-138276217-aug-lilyjazz--page-3.png
000249.png,note2,2,6,lg-138276217-aug-lilyjazz--page-3.png
000250.png,note4,8,-2,lg-138276217-aug-lilyjazz--page-3.png
000251.png,note4,8,4,lg-138276217-aug-lilyjazz--page-3.png
000252.png,note4,8,3,lg-138276217-aug-lilyjazz--page-3.png
000253.png,note8,8,6,lg-138276217-aug-lilyjazz--page-3.png
000254.png,note8,8,-2,lg-138276217-aug-lilyjazz--page-3.png
000255.png,note4,8,-9,lg-138276217-aug-lilyjazz--page-3.png
000256.png,note2,2,8,lg-138276217-aug-lilyjazz--page-3.png
000257.png,note2,2,1,lg-138276217-aug-lilyjazz--page-3.png
000258.png,note2,2,3,lg-138276217-aug-lilyjazz--page-3.png
000259.png,note2,2,6,lg-138276217-aug-lilyjazz--page-3.png
000260.png,note16,8,1,lg-138276217-aug-lilyjazz--page-3.png
000261.png,note16,8,3,lg-138276217-aug-lilyjazz--page-3.png
000262.png,note16,8,6,lg-138276217-aug-lilyjazz--page-3.png
000263.png,note16,8,8,lg-138276217-aug-lilyjazz--page-3.png
000264.png,note1,1,1,lg-138276217-aug-lilyjazz--page-3.png
000265.png,note1,1,-8,lg-138276217-aug-lilyjazz--page-3.png
000266.png,note1,1,3,lg-138276217-aug-lilyjazz--page-3.png
000267.png,note1,1,6,lg-138276217-aug-lilyjazz--page-3.png
000268.png,note1,1,8,lg-138276217-aug-lilyjazz--page-3.png
000269.png,note4,8,-4,lg-138276217-aug-lilyjazz--page-3.png
000270.png,note4,8,-4,lg-138276217-aug-lilyjazz--page-3.png
000271.png,note2,2,-4,lg-138276217-aug-lilyjazz--page-3.png
000272.png,note2,2,3,lg-138276217-aug-lilyjazz--page-3.png
000273.png,note2,2,5,lg-138276217-aug-lilyjazz--page-3.png
000274.png,note4,8,-4,lg-138276217-aug-lilyjazz--page-3.png
000275.png,note4,8,-4,lg-138276217-aug-lilyjazz--page-3.png
000276.png,note4,8,-2,lg-138276217-aug-lilyjazz--page-3.png
000277.png,note4,8,5,lg-138276217-aug-lilyjazz--page-3.png
000278.png,note2,2,6,lg-138276217-aug-lilyjazz--page-3.png
000279.png,note4,8,-3,lg-138276217-aug-lilyjazz--page-3.png
000280.png,note4,8,0,lg-138276217-aug-lilyjazz--page-3.png
000281.png,note4,8,7,lg-138276217-aug-lilyjazz--page-3.png
000282.png,note4,4.,4,lg-138276217-aug-lilyjazz--page-3.png
000283.png,note4,8,-5,lg-138276217-aug-lilyjazz--page-3.png
000284.png,note4,8,-5,lg-138276217-aug-lilyjazz--page-3.png
000285.png,note16,8,-4,lg-138276217-aug-lilyjazz--page-3.png
000286.png,note16,8,3,lg-138276217-aug-lilyjazz--page-3.png
000287.png,note8,8,5,lg-138276217-aug-lilyjazz--page-3.png
000288.png,note16,8,-4,lg-138276217-aug-lilyjazz--page-3.png
000289.png,note4,8,-5,lg-138276217-aug-lilyjazz--page-3.png
000290.png,note4,8,1,lg-138276217-aug-lilyjazz--page-3.png
000291.png,note4,8,8,lg-138276217-aug-lilyjazz--page-3.png
000292.png,note4,8,-3,lg-138276217-aug-lilyjazz--page-3.png
000293.png,note4,4,6,lg-138276217-aug-lilyjazz--page-3.png
000294.png,note4,8,-3,lg-138276217-aug-lilyjazz--page-3.png
000295.png,note4,8,-3,lg-138276217-aug-lilyjazz--page-3.png
000296.png,note2,2,-3,lg-138276217-aug-lilyjazz--page-3.png
000297.png,note2,2,4,lg-138276217-aug-lilyjazz--page-3.png
000298.png,note4,4,6,lg-138276217-aug-lilyjazz--page-3.png
000299.png,note4,8,-3,lg-138276217-aug-lilyjazz--page-3.png
000300.png,note4,4.,4,lg-138276217-aug-lilyjazz--page-3.png
000301.png,note4,4.,6,lg-138276217-aug-lilyjazz--page-3.png
000302.png,note4,8,-5,lg-138276217-aug-lilyjazz--page-3.png
000303.png,note4,8,-3,lg-138276217-aug-lilyjazz--page-3.png
000304.png,note4,8,5,lg-138276217-aug-lilyjazz--page-3.png
000305.png,note4,8,-2,lg-138276217-aug-lilyjazz--page-3.png
000306.png,note4,8,-6,lg-138276217-aug-lilyjazz--page-3.png
000307.png,note4,8,1,lg-138276217-aug-lilyjazz--page-3.png
000308.png,note4,8,-3,lg-138276217-aug-lilyjazz--page-3.png
000309.png,note4,8,4,lg-138276217-aug-lilyjazz--page-3.png
000310.png,note4,8,-3,lg-138276217-aug-lilyjazz--page-3.png
000311.png,note4,8,-3,lg-138276217-aug-lilyjazz--page-3.png
000312.png,note4,8,2,lg-174521423366315269-aug-lilyjazz--page-3.png
000313.png,note4,4,3,lg-174521423366315269-aug-lilyjazz--page-3.png
000314.png,note4,4,-5,lg-174521423366315269-aug-lilyjazz--page-3.png
000315.png,note4,8,0,lg-174521423366315269-aug-lilyjazz--page-3.png
000316.png,note4,4,6,lg-174521423366315269-aug-lilyjazz--page-3.png
000317.png,note16,4,-4,lg-174521423366315269-aug-lilyjazz--page-3.png
000318.png,note4,4.,1,lg-174521423366315269-aug-lilyjazz--page-3.png
000319.png,note2,2,-4,lg-174521423366315269-aug-lilyjazz--page-3.png
000320.png,note2,2,6,lg-174521423366315269-aug-lilyjazz--page-3.png
000321.png,note4,8,1,lg-174521423366315269-aug-lilyjazz--page-3.png
000322.png,note4,8,3,lg-174521423366315269-aug-lilyjazz--page-3.png
000323.png,note16,8,-2,lg-174521423366315269-aug-lilyjazz--page-3.png
000324.png,note4,8,7,lg-174521423366315269-aug-lilyjazz--page-3.png
000325.png,note4,8,5,lg-174521423366315269-aug-lilyjazz--page-3.png
000326.png,note4,8,6,lg-174521423366315269-aug-lilyjazz--page-3.png
000327.png,note4,4,6,lg-174521423366315269-aug-lilyjazz--page-3.png
000328.png,note4,4,-4,lg-174521423366315269-aug-lilyjazz--page-3.png
000329.png,note4,8,8,lg-174521423366315269-aug-lilyjazz--page-3.png
000330.png,note8,8,1,lg-174521423366315269-aug-lilyjazz--page-3.png
000331.png,note4,8,1,lg-174521423366315269-aug-lilyjazz--page-3.png
000332.png,note4,8,2,lg-174521423366315269-aug-lilyjazz--page-3.png
000333.png,note4,8,3,lg-174521423366315269-aug-lilyjazz--page-3.png
000334.png,note4,8,4,lg-174521423366315269-aug-lilyjazz--page-3.png
000335.png,note4,4,-6,lg-174521423366315269-aug-lilyjazz--page-3.png
000336.png,note4,4,-1,lg-174521423366315269-aug-lilyjazz--page-3.png
000337.png,note4,4.,1,lg-174521423366315269-aug-lilyjazz--page-3.png
000338.png,note4,8,0,lg-174521423366315269-aug-lilyjazz--page-3.png
000339.png,note4,8,5,lg-174521423366315269-aug-lilyjazz--page-3.png
000340.png,note4,8,6,lg-174521423366315269-aug-lilyjazz--page-3.png
000341.png,note4,8,7,lg-174521423366315269-aug-lilyjazz--page-3.png
000342.png,note4,4,3,lg-174521423366315269-aug-lilyjazz--page-3.png
000343.png,note4,4,-5,lg-174521423366315269-aug-lilyjazz--page-3.png
000344.png,note4,8,0,lg-174521423366315269-aug-lilyjazz--page-3.png
000345.png,note4,8,1,lg-174521423366315269-aug-lilyjazz--page-3.png
000346.png,note4,8,3,lg-174521423366315269-aug-lilyjazz--page-3.png
000347.png,note4,4,6,lg-174521423366315269-aug-lilyjazz--page-3.png
000348.png,note4,4,-4,lg-174521423366315269-aug-lilyjazz--page-3.png
000349.png,note4,4.,1,lg-174521423366315269-aug-lilyjazz--page-3.png
000350.png,note16,8,2,lg-174521423366315269-aug-lilyjazz--page-3.png
000351.png,note2,2,-4,lg-174521423366315269-aug-lilyjazz--page-3.png
000352.png,note2,2,6,lg-174521423366315269-aug-lilyjazz--page-3.png
000353.png,note16,8,-2,lg-174521423366315269-aug-lilyjazz--page-3.png
000354.png,note4,8,2,lg-174521423366315269-aug-lilyjazz--page-3.png
000355.png,note4,4,4,lg-174521423366315269-aug-lilyjazz--page-3.png
000356.png,note4,4,-4,lg-174521423366315269-aug-lilyjazz--page-3.png
000357.png,note4,8,1,lg-174521423366315269-aug-lilyjazz--page-3.png
000358.png,note16,4,7,lg-174521423366315269-aug-lilyjazz--page-3.png
000359.png,note16,4,-3,lg-174521423366315269-aug-lilyjazz--page-3.png
000360.png,note16,4.,2,lg-174521423366315269-aug-lilyjazz--page-3.png
000361.png,note4,8,3,lg-174521423366315269-aug-lilyjazz--page-3.png
000362.png,note4,8,4,lg-174521423366315269-aug-lilyjazz--page-3.png
000363.png,note16,8,-1,lg-174521423366315269-aug-lilyjazz--page-3.png
000364.png,note2,2,7,lg-174521423366315269-aug-lilyjazz--page-3.png
000365.png,note2,2,-3,lg-174521423366315269-aug-lilyjazz--page-3.png
000366.png,note4,8,3,lg-174521423366315269-aug-lilyjazz--page-3.png
000367.png,note4,8,2,lg-174521423366315269-aug-lilyjazz--page-3.png
000368.png,note4,8,1,lg-174521423366315269-aug-lilyjazz--page-3.png
000369.png,note4,4,7,lg-174521423366315269-aug-lilyjazz--page-3.png
000370.png,note4,4,-3,lg-174521423366315269-aug-lilyjazz--page-3.png
000371.png,note4,8,0,lg-174521423366315269-aug-lilyjazz--page-3.png
000372.png,note16,8,-1,lg-174521423366315269-aug-lilyjazz--page-3.png
000373.png,note4,8,3,lg-174521423366315269-aug-lilyjazz--page-3.png
000374.png,note4,8,1,lg-174521423366315269-aug-lilyjazz--page-3.png
000375.png,note4,8,2,lg-174521423366315269-aug-lilyjazz--page-3.png
000376.png,note4,8,4,lg-174521423366315269-aug-lilyjazz--page-3.png
000377.png,note4,4,0,lg-174521423366315269-aug-lilyjazz--page-3.png
000378.png,note4,4,-3,lg-174521423366315269-aug-lilyjazz--page-3.png
000379.png,note4,4.,2,lg-174521423366315269-aug-lilyjazz--page-3.png
000380.png,note4,8,5,lg-174521423366315269-aug-lilyjazz--page-3.png
000381.png,note4,8,3,lg-174521423366315269-aug-lilyjazz--page-3.png
000382.png,note4,8,4,lg-174521423366315269-aug-lilyjazz--page-3.png
000383.png,note4,8,6,lg-174521423366315269-aug-lilyjazz--page-3.png
000384.png,note4,8,1,lg-174521423366315269-aug-lilyjazz--page-3.png
000385.png,note4,4,4,lg-174521423366315269-aug-lilyjazz--page-3.png
000386.png,note4,4,-4,lg-174521423366315269-aug-lilyjazz--page-3.png
000387.png,note4,4.,2,lg-174521423366315269-aug-lilyjazz--page-3.png
000388.png,note4,4,7,lg-174521423366315269-aug-lilyjazz--page-3.png
000389.png,note4,4,-3,lg-174521423366315269-aug-lilyjazz--page-3.png
000390.png,note4,8,2,lg-174521423366315269-aug-lilyjazz--page-3.png
000391.png,note16,8,3,lg-174521423366315269-aug-lilyjazz--page-3.png
000392.png,note2,2,7,lg-174521423366315269-aug-lilyjazz--page-3.png
000393.png,note2,2,-3,lg-174521423366315269-aug-lilyjazz--page-3.png
000394.png,note4,8,4,lg-174521423366315269-aug-lilyjazz--page-3.png
000395.png,note16,8,-1,lg-174521423366315269-aug-lilyjazz--page-3.png
000396.png,note4,4,6,lg-174521423366315269-aug-lilyjazz--page-3.png
000397.png,note4,4,-2,lg-174521423366315269-aug-lilyjazz--page-3.png
000398.png,note4,4,7,lg-174521423366315269-aug-lilyjazz--page-3.png
000399.png,note4,4,3,lg-174521423366315269-aug-lilyjazz--page-3.png
000400.png,note4,8,5,lg-174521423366315269-aug-lilyjazz--page-3.png
000401.png,note4,8,3,lg-174521423366315269-aug-lilyjazz--page-3.png
000402.png,note16,8,8,lg-174521423366315269-aug-lilyjazz--page-3.png
000403.png,note4,8,8,lg-174521423366315269-aug-lilyjazz--page-3.png
000404.png,note4,8,5,lg-174521423366315269-aug-lilyjazz--page-3.png
000405.png,note4,8,3,lg-174521423366315269-aug-lilyjazz--page-3.png
000406.png,note4,4,6,lg-174521423366315269-aug-lilyjazz--page-3.png
000407.png,note4,4,-2,lg-174521423366315269-aug-lilyjazz--page-3.png
000408.png,note4,4,7,lg-174521423366315269-aug-lilyjazz--page-3.png
000409.png,note4,4,3,lg-174521423366315269-aug-lilyjazz--page-3.png
000410.png,note4,8,1,lg-174521423366315269-aug-lilyjazz--page-3.png
000411.png,note4,8,2,lg-174521423366315269-aug-lilyjazz--page-3.png
000412.png,note4,8,4,lg-174521423366315269-aug-lilyjazz--page-3.png
000413.png,note4,8,6,lg-174521423366315269-aug-lilyjazz--page-3.png
000414.png,note4,4,9,lg-174521423366315269-aug-lilyjazz--page-3.png
000415.png,note8,4,-1,lg-174521423366315269-aug-lilyjazz--page-3.png
000416.png,note4,4,6,lg-174521423366315269-aug-lilyjazz--page-3.png
000417.png,note4,8,7,lg-174521423366315269-aug-lilyjazz--page-3.png
000418.png,note4,4,9,lg-174521423366315269-aug-lilyjazz--page-3.png
000419.png,note4,4,-1,lg-174521423366315269-aug-lilyjazz--page-3.png
000420.png,note4,4,6,lg-174521423366315269-aug-lilyjazz--page-3.png
000421.png,note4,4,3,lg-174521423366315269-aug-lilyjazz--page-3.png
000422.png,note4,4,-5,lg-174521423366315269-aug-lilyjazz--page-3.png
000423.png,note4,4,4,lg-174521423366315269-aug-lilyjazz--page-3.png
000424.png,note4,4,0,lg-174521423366315269-aug-lilyjazz--page-3.png
000425.png,note4,8,1,lg-174521423366315269-aug-lilyjazz--page-3.png
000426.png,note4,8,2,lg-174521423366315269-aug-lilyjazz--page-3.png
000427.png,note4,8,3,lg-174521423366315269-aug-lilyjazz--page-3.png
000428.png,note4,8,4,lg-174521423366315269-aug-lilyjazz--page-3.png
000429.png,note8,4,4,lg-174521423366315269-aug-lilyjazz--page-3.png
000430.png,note8,4,0,lg-174521423366315269-aug-lilyjazz--page-3.png
000431.png,note4,8,5,lg-174521423366315269-aug-lilyjazz--page-3.png
000432.png,note4,8,6,lg-174521423366315269-aug-lilyjazz--page-3.png
000433.png,note4,8,5,lg-174521423366315269-aug-lilyjazz--page-3.png
000434.png,note4,8,4,lg-174521423366315269-aug-lilyjazz--page-3.png
000435.png,note4,4,6,lg-174521423366315269-aug-lilyjazz--page-3.png
000436.png,note4,4,-4,lg-174521423366315269-aug-lilyjazz--page-3.png
000437.png,note4,4,3,lg-174521423366315269-aug-lilyjazz--page-3.png
000438.png,note4,4,1,lg-174521423366315269-aug-lilyjazz--page-3.png
000439.png,note4,8,4,lg-174521423366315269-aug-lilyjazz--page-3.png
000440.png,note4,8,1,lg-174521423366315269-aug-lilyjazz--page-3.png
000441.png,note4,4,6,lg-174521423366315269-aug-lilyjazz--page-3.png
000442.png,note4,4,-5,lg-174521423366315269-aug-lilyjazz--page-3.png
000443.png,note16,4,-4,lg-174521423366315269-aug-lilyjazz--page-3.png
000444.png,note4,4,3,lg-174521423366315269-aug-lilyjazz--page-3.png
000445.png,note4,4,1,lg-174521423366315269-aug-lilyjazz--page-3.png
000446.png,note4,8,-2,lg-174521423366315269-aug-lilyjazz--page-3.png
000447.png,note8,4,3,lg-174521423366315269-aug-lilyjazz--page-3.png
000448.png,note16,8,2,lg-174521423366315269-aug-lilyjazz--page-3.png
000449.png,note4,8,0,lg-174521423366315269-aug-lilyjazz--page-3.png
000450.png,note4,8,6,lg-174521423366315269-aug-lilyjazz--page-3.png
000451.png,note4,8,-1,lg-174521423366315269-aug-lilyjazz--page-3.png
000452.png,note4,4,0,lg-174521423366315269-aug-lilyjazz--page-3.png
000453.png,note4,4,2,lg-174521423366315269-aug-lilyjazz--page-3.png
000454.png,note4,8,6,lg-174521423366315269-aug-lilyjazz--page-3.png
000455.png,note16,8,2,lg-174521423366315269-aug-lilyjazz--page-3.png
000456.png,note16,8,0,lg-174521423366315269-aug-lilyjazz--page-3.png
000457.png,note4,4,3,lg-174521423366315269-aug-lilyjazz--page-3.png
000458.png,note16,8,-1,lg-174521423366315269-aug-lilyjazz--page-3.png
000459.png,note4,8,6,lg-174521423366315269-aug-lilyjazz--page-3.png
000460.png,note4,4,1,lg-174521423366315269-aug-lilyjazz--page-3.png
000461.png,note4,8,-1,lg-174521423366315269-aug-lilyjazz--page-3.png
000462.png,note4,4,0,lg-174521423366315269-aug-lilyjazz--page-3.png
000463.png,note4,4,2,lg-174521423366315269-aug-lilyjazz--page-3.png
000464.png,note16,8,6,lg-174521423366315269-aug-lilyjazz--page-3.png
000465.png,note4,8,6,lg-174521423366315269-aug-lilyjazz--page-3.png
000466.png,note4,4,1,lg-174521423366315269-aug-lilyjazz--page-3.png
000467.png,note4,4,3,lg-174521423366315269-aug-lilyjazz--page-3.png
000468.png,note4,8,6,lg-174521423366315269-aug-lilyjazz--page-3.png
000469.png,note4,8,9,lg-174521423366315269-aug-lilyjazz--page-3.png
000470.png,note4,8,10,lg-174521423366315269-aug-lilyjazz--page-3.png
000471.png,note4,8,11,lg-174521423366315269-aug-lilyjazz--page-3.png
000472.png,note4,8,8,lg-174521423366315269-aug-lilyjazz--page-3.png
000473.png,note4,8,5,lg-174521423366315269-aug-lilyjazz--page-3.png
000474.png,note8,8,7,lg-174521423366315269-aug-lilyjazz--page-3.png
000475.png,note4,8,6,lg-174521423366315269-aug-lilyjazz--page-3.png
000476.png,note4,8,6,lg-174521423366315269-aug-lilyjazz--page-3.png
000477.png,note4,8,6,lg-174521423366315269-aug-lilyjazz--page-3.png
000478.png,note4,4,2,lg-174521423366315269-aug-lilyjazz--page-3.png
000479.png,note4,4,0,lg-174521423366315269-aug-lilyjazz--page-3.png
000480.png,note4,8,3,lg-174521423366315269-aug-lilyjazz--page-3.png
000481.png,note8,4,2,lg-174521423366315269-aug-lilyjazz--page-3.png
000482.png,note4,8,6,lg-174521423366315269-aug-lilyjazz--page-3.png
000483.png,note8,8,1,lg-174521423366315269-aug-lilyjazz--page-3.png
000484.png,note4,8,2,lg-174521423366315269-aug-lilyjazz--page-3.png
000485.png,note4,4,1,lg-174521423366315269-aug-lilyjazz--page-3.png
000486.png,note4,4,3,lg-174521423366315269-aug-lilyjazz--page-3.png
000487.png,note4,4,-2,lg-174521423366315269-aug-lilyjazz--page-3.png
000488.png,note4,8,6,lg-174521423366315269-aug-lilyjazz--page-3.png
000489.png,note4,4,1,lg-174521423366315269-aug-lilyjazz--page-3.png
000490.png,note4,8,4,lg-174521423366315269-aug-lilyjazz--page-3.png
000491.png,note8,4,4,lg-174521423366315269-aug-lilyjazz--page-3.png
000492.png,note4,8,5,lg-174521423366315269-aug-lilyjazz--page-3.png
000493.png,note4,4,-2,lg-174521423366315269-aug-lilyjazz--page-3.png
000494.png,note4,4,0,lg-174521423366315269-aug-lilyjazz--page-3.png
000495.png,note4,4,3,lg-174521423366315269-aug-lilyjazz--page-3.png
000496.png,note4,4,1,lg-174521423366315269-aug-lilyjazz--page-3.png
000497.png,note4,8,2,lg-174521423366315269-aug-lilyjazz--page-3.png
000498.png,note16,8,6,lg-174521423366315269-aug-lilyjazz--page-3.png
000499.png,note16,8,6,lg-174521423366315269-aug-lilyjazz--page-3.png
000500.png,note16,8,3,lg-174521423366315269-aug-lilyjazz--page-3.png
000501.png,note16,8,1,lg-174521423366315269-aug-lilyjazz--page-3.png
000502.png,note4,8,5,lg-174521423366315269-aug-lilyjazz--page-3.png
000503.png,note4,8,6,lg-174521423366315269-aug-lilyjazz--page-3.png
000504.png,note4,8,6,lg-174521423366315269-aug-lilyjazz--page-3.png
000505.png,note16,8,4,lg-174521423366315269-aug-lilyjazz--page-3.png
000506.png,note4,8,5,lg-174521423366315269-aug-lilyjazz--page-3.png
000507.png,note16,8,2,lg-174521423366315269-aug-lilyjazz--page-3.png
000508.png,note4,4,3,lg-89316813-aug-gutenberg1939-.png
000509.png,note8,8,6,lg-89316813-aug-gutenberg1939-.png
000510.png,note4,8,4,lg-89316813-aug-gutenberg1939-.png
000511.png,note4,8,3,lg-89316813-aug-gutenberg1939-.png
000512.png,note4,8,2,lg-89316813-aug-gutenberg1939-.png
000513.png,note4,8,2,lg-89316813-aug-gutenberg1939-.png
000514.png,note4,8,6,lg-89316813-aug-gutenberg1939-.png
000515.png,note2,2.,4,lg-89316813-aug-gutenberg1939-.png
000516.png,note4,8,6,lg-89316813-aug-gutenberg1939-.png
000517.png,note4,4,4,lg-89316813-aug-gutenberg1939-.png
000518.png,note4,4,4,lg-89316813-aug-gutenberg1939-.png
000519.png,note4,4,3,lg-89316813-aug-gutenberg1939-.png
000520.png,note4,8,2,lg-89316813-aug-gutenberg1939-.png
000521.png,note4,8,3,lg-89316813-aug-gutenberg1939-.png
000522.png,note4,8,3,lg-89316813-aug-gutenberg1939-.png
000523.png,note4,4,2,lg-89316813-aug-gutenberg1939-.png
000524.png,note4,4,3,lg-89316813-aug-gutenberg1939-.png
000525.png,note4,4,0,lg-89316813-aug-gutenberg1939-.png
000526.png,note4,8,3,lg-89316813-aug-gutenberg1939-.png
000527.png,note4,4,2,lg-89316813-aug-gutenberg1939-.png
000528.png,note4,4,3,lg-89316813-aug-gutenberg1939-.png
000529.png,note4,8,2,lg-89316813-aug-gutenberg1939-.png
000530.png,note4,8,3,lg-89316813-aug-gutenberg1939-.png
000531.png,note4,8,3,lg-89316813-aug-gutenberg1939-.png
000532.png,note4,8,6,lg-89316813-aug-gutenberg1939-.png
000533.png,note4,8,4,lg-89316813-aug-gutenberg1939-.png
000534.png,note8,8,6,lg-89316813-aug-gutenberg1939-.png
000535.png,note4,8,6,lg-89316813-aug-gutenberg1939-.png
000536.png,note4,8,6,lg-89316813-aug-gutenberg1939-.png
000537.png,note4,8,4,lg-89316813-aug-gutenberg1939-.png
000538.png,note4,8,6,lg-89316813-aug-gutenberg1939-.png
000539.png,note4,4,3,lg-89316813-aug-gutenberg1939-.png
000540.png,note4,4,2,lg-89316813-aug-gutenberg1939-.png
000541.png,note4,4,3,lg-89316813-aug-gutenberg1939-.png
000542.png,note4,8,6,lg-89316813-aug-gutenberg1939-.png
000543.png,note8,4,0,lg-89316813-aug-gutenberg1939-.png
000544.png,note4,8,8,lg-89316813-aug-gutenberg1939-.png
000545.png,note4,8,7,lg-89316813-aug-gutenberg1939-.png
000546.png,note4,8,4,lg-89316813-aug-gutenberg1939-.png
000547.png,note4,8,7,lg-89316813-aug-gutenberg1939-.png
000548.png,note4,8,8,lg-89316813-aug-gutenberg1939-.png
000549.png,note4,8,9,lg-89316813-aug-gutenberg1939-.png
000550.png,note1,1,3,lg-89316813-aug-gutenberg1939-.png
000551.png,note4,4,7,lg-89316813-aug-gutenberg1939-.png
000552.png,note4,4,6,lg-89316813-aug-gutenberg1939-.png
000553.png,note4,8,4,lg-89316813-aug-gutenberg1939-.png
000554.png,note4,8,7,lg-89316813-aug-gutenberg1939-.png
000555.png,note4,8,8,lg-89316813-aug-gutenberg1939-.png
000556.png,note4,8,6,lg-89316813-aug-gutenberg1939-.png
000557.png,note4,8,6,lg-89316813-aug-gutenberg1939-.png
000558.png,note4,4,2,lg-89316813-aug-gutenberg1939-.png
000559.png,note4,4.,3,lg-89316813-aug-gutenberg1939-.png
000560.png,note4,4,2,lg-89316813-aug-gutenberg1939-.png
000561.png,note4,4,2,lg-89316813-aug-gutenberg1939-.png
000562.png,note4,4,0,lg-89316813-aug-gutenberg1939-.png
000563.png,note4,4,3,lg-89316813-aug-gutenberg1939-.png
000564.png,note4,4,0,lg-89316813-aug-gutenberg1939-.png
000565.png,note2,2,4,lg-89316813-aug-gutenberg1939-.png
000566.png,note4,4,0,lg-89316813-aug-gutenberg1939-.png
000567.png,note4,4,4,lg-89316813-aug-gutenberg1939-.png
000568.png,note4,4,0,lg-89316813-aug-gutenberg1939-.png
000569.png,note4,4,2,lg-89316813-aug-gutenberg1939-.png
000570.png,note8,8,2,lg-89316813-aug-gutenberg1939-.png
000571.png,note4,4,3,lg-89316813-aug-gutenberg1939-.png
000572.png,note4,8,4,lg-89316813-aug-gutenberg1939-.png
000573.png,note4,8,6,lg-89316813-aug-gutenberg1939-.png
000574.png,note4,8,6,lg-89316813-aug-gutenberg1939-.png
000575.png,note4,4,6,lg-89316813-aug-gutenberg1939-.png
000576.png,note4,4,7,lg-89316813-aug-gutenberg1939-.png
000577.png,note4,8,7,lg-89316813-aug-gutenberg1939-.png
000578.png,note8,8,8,lg-89316813-aug-gutenberg1939-.png
000579.png,note4,8,8,lg-89316813-aug-gutenberg1939-.png
000580.png,note4,8,7,lg-89316813-aug-gutenberg1939-.png
000581.png,note4,8,8,lg-89316813-aug-gutenberg1939-.png
000582.png,note4,8,7,lg-89316813-aug-gutenberg1939-.png
000583.png,note4,8,4,lg-89316813-aug-gutenberg1939-.png
000584.png,note4,8,7,lg-89316813-aug-gutenberg1939-.png
000585.png,note4,8,8,lg-89316813-aug-gutenberg1939-.png
000586.png,note4,4,9,lg-89316813-aug-gutenberg1939-.png
000587.png,note4,8,7,lg-89316813-aug-gutenberg1939-.png
000588.png,note4,8,7,lg-89316813-aug-gutenberg1939-.png
000589.png,note8,8,7,lg-89316813-aug-gutenberg1939-.png
000590.png,note1,1,6,lg-89316813-aug-gutenberg1939-.png
000591.png,note4,8,7,lg-89316813-aug-gutenberg1939-.png
000592.png,note4,8,8,lg-89316813-aug-gutenberg1939-.png
000593.png,note4,8,7,lg-89316813-aug-gutenberg1939-.png
000594.png,note8,8,7,lg-89316813-aug-gutenberg1939-.png
000595.png,note4,8,7,lg-89316813-aug-gutenberg1939-.png
000596.png,note4,8,4,lg-89316813-aug-gutenberg1939-.png
000597.png,note4,8,9,lg-89316813-aug-gutenberg1939-.png
000598.png,note4,8,8,lg-89316813-aug-gutenberg1939-.png
000599.png,note4,8,7,lg-89316813-aug-gutenberg1939-.png
000600.png,note4,8,3,lg-89316813-aug-gutenberg1939-.png
000601.png,note4,8,2,lg-89316813-aug-gutenberg1939-.png
000602.png,note4,8,3,lg-89316813-aug-gutenberg1939-.png
000603.png,note4,8,2,lg-89316813-aug-gutenberg1939-.png
000604.png,note4,4,2,lg-89316813-aug-gutenberg1939-.png
000605.png,note4,4,1,lg-89316813-aug-gutenberg1939-.png
000606.png,note1,1,4,lg-89316813-aug-gutenberg1939-.png
000607.png,note4,4,3,lg-89316813-aug-gutenberg1939-.png
000608.png,note4,4,4,lg-89316813-aug-gutenberg1939-.png
000609.png,note4,4,3,lg-89316813-aug-gutenberg1939-.png
000610.png,note4,4,3,lg-89316813-aug-gutenberg1939-.png
000611.png,note4,8,3,lg-89316813-aug-gutenberg1939-.png
000612.png,note4,8,2,lg-89316813-aug-gutenberg1939-.png
000613.png,note4,8,3,lg-89316813-aug-gutenberg1939-.png
000614.png,note4,4,3,lg-89316813-aug-gutenberg1939-.png
000615.png,note4,8,2,lg-89316813-aug-gutenberg1939-.png
000616.png,note4,4,7,lg-89316813-aug-gutenberg1939-.png
000617.png,note4,8,7,lg-89316813-aug-gutenberg1939-.png
000618.png,note8,4,6,lg-89316813-aug-gutenberg1939-.png
000619.png,note4,8,7,lg-89316813-aug-gutenberg1939-.png
000620.png,note4,8,7,lg-89316813-aug-gutenberg1939-.png
000621.png,note4,8,7,lg-89316813-aug-gutenberg1939-.png
000622.png,note4,8,4,lg-89316813-aug-gutenberg1939-.png
000623.png,note4,8,6,lg-89316813-aug-gutenberg1939-.png
000624.png,note8,8,6,lg-89316813-aug-gutenberg1939-.png
000625.png,note1,1,6,lg-89316813-aug-gutenberg1939-.png
000626.png,note8,8,7,lg-89316813-aug-gutenberg1939-.png
000627.png,note4,8,8,lg-89316813-aug-gutenberg1939-.png
000628.png,note4,4,0,lg-89316813-aug-gutenberg1939-.png
000629.png,note4,8,7,lg-89316813-aug-gutenberg1939-.png
000630.png,note4,8,7,lg-89316813-aug-gutenberg1939-.png
000631.png,note4,8,7,lg-89316813-aug-gutenberg1939-.png
000632.png,note4,4,4,lg-89316813-aug-gutenberg1939-.png
000633.png,note4,8,3,lg-89316813-aug-gutenberg1939-.png
000634.png,note4,4,3,lg-89316813-aug-gutenberg1939-.png
000635.png,note8,8,2,lg-89316813-aug-gutenberg1939-.png
000636.png,note4,8,2,lg-89316813-aug-gutenberg1939-.png
000637.png,note4,4,0,lg-89316813-aug-gutenberg1939-.png
000638.png,note4,4,2,lg-89316813-aug-gutenberg1939-.png
000639.png,note4,4,2,lg-89316813-aug-gutenberg1939-.png
000640.png,note4,4.,3,lg-89316813-aug-gutenberg1939-.png
000641.png,note4,8,0,lg-89316813-aug-gutenberg1939-.png
000642.png,note4,8,2,lg-89316813-aug-gutenberg1939-.png
000643.png,note4,8,3,lg-89316813-aug-gutenberg1939-.png
000644.png,note4,8,4,lg-89316813-aug-gutenberg1939-.png
000645.png,note4,8,-1,lg-89316813-aug-gutenberg1939-.png
000646.png,note4,4,3,lg-89316813-aug-gutenberg1939-.png
000647.png,note4,4,3,lg-89316813-aug-gutenberg1939-.png
000648.png,note4,4,3,lg-89316813-aug-gutenberg1939-.png
000649.png,note4,4,3,lg-89316813-aug-gutenberg1939-.png
000650.png,note4,8,3,lg-89316813-aug-gutenberg1939-.png
000651.png,note4,8,3,lg-89316813-aug-gutenberg1939-.png
000652.png,note4,4,3,lg-89316813-aug-gutenberg1939-.png
000653.png,note4,8,2,lg-89316813-aug-gutenberg1939-.png
000654.png,note4,4,0,lg-89316813-aug-gutenberg1939-.png
000655.png,note1,1,4,lg-89316813-aug-gutenberg1939-.png
000656.png,note4,4,6,lg-89316813-aug-gutenberg1939-.png
000657.png,note4,4,3,lg-89316813-aug-gutenberg1939-.png
000658.png,note4,4,2,lg-89316813-aug-gutenberg1939-.png
000659.png,note8,4,1,lg-89316813-aug-gutenberg1939-.png
000660.png,note4,8,2,lg-89316813-aug-gutenberg1939-.png
000661.png,note4,8,3,lg-89316813-aug-gutenberg1939-.png
000662.png,note4,8,4,lg-89316813-aug-gutenberg1939-.png
000663.png,note4,4,0,lg-89316813-aug-gutenberg1939-.png
000664.png,note4,8,-1,lg-89316813-aug-gutenberg1939-.png
000665.png,note4,8,0,lg-89316813-aug-gutenberg1939-.png
000666.png,note8,4,3,lg-89316813-aug-gutenberg1939-.png
000667.png,note4,8,3,lg-89316813-aug-gutenberg1939-.png
000668.png,note4,4,3,lg-89316813-aug-gutenberg1939-.png
000669.png,note4,4,1,lg-89316813-aug-gutenberg1939-.png
000670.png,note4,4,0,lg-89316813-aug-gutenberg1939-.png
000671.png,note4,4,3,lg-89316813-aug-gutenberg1939-.png
000672.png,note1,1,4,lg-89316813-aug-gutenberg1939-.png
000673.png,note4,4,2,lg-89316813-aug-gutenberg1939-.png
000674.png,note4,8,3,lg-89316813-aug-gutenberg1939-.png
000675.png,note8,8,4,lg-89316813-aug-gutenberg1939-.png
000676.png,note4,8,-1,lg-89316813-aug-gutenberg1939-.png
000677.png,note4,8,0,lg-89316813-aug-gutenberg1939-.png
000678.png,note4,8,2,lg-89316813-aug-gutenberg1939-.png
000679.png,note4,8,2,lg-89316813-aug-gutenberg1939-.png
000680.png,note4,8,3,lg-89316813-aug-gutenberg1939-.png
000681.png,note4,8,2,lg-89316813-aug-gutenberg1939-.png
000682.png,note4,8,3,lg-89316813-aug-gutenberg1939-.png
000683.png,note4,8,3,lg-89316813-aug-gutenberg1939-.png
000684.png,note4,8,2,lg-89316813-aug-gutenberg1939-.png
000685.png,note4,8,3,lg-89316813-aug-gutenberg1939-.png
000686.png,note4,8,2,lg-89316813-aug-gutenberg1939-.png
000687.png,note4,8,2,lg-89316813-aug-gutenberg1939-.png
000688.png,note8,8,2,lg-89316813-aug-gutenberg1939-.png
000689.png,note4,8,3,lg-89316813-aug-gutenberg1939-.png
000690.png,note4,8,4,lg-89316813-aug-gutenberg1939-.png
000691.png,note4,8,2,lg-89316813-aug-gutenberg1939-.png
000692.png,note8,8,2,lg-89316813-aug-gutenberg1939-.png
000693.png,note4,4,2,lg-89316813-aug-gutenberg1939-.png
000694.png,note8,8,2,lg-89316813-aug-gutenberg1939-.png
000695.png,note8,8,2,lg-89316813-aug-gutenberg1939-.png
000696.png,note4,4,2,lg-89316813-aug-gutenberg1939-.png
000697.png,note4,8,4,lg-89316813-aug-gutenberg1939-.png
000698.png,note4,8,3,lg-89316813-aug-gutenberg1939-.png
000699.png,note4,4,2,lg-89316813-aug-gutenberg1939-.png
000700.png,note4,4.,1,lg-89316813-aug-gutenberg1939-.png
000701.png,note4,4,3,lg-89316813-aug-gutenberg1939-.png
000702.png,note4,8,2,lg-89316813-aug-gutenberg1939-.png
000703.png,note4,8,2,lg-89316813-aug-gutenberg1939-.png
000704.png,note4,4,3,lg-89316813-aug-gutenberg1939-.png
000705.png,note4,8,3,lg-89316813-aug-gutenberg1939-.png
000706.png,note4,8,4,lg-89316813-aug-gutenberg1939-.png
000707.png,note4,8,2,lg-89316813-aug-gutenberg1939-.png
000708.png,note4,4,3,lg-89316813-aug-gutenberg1939-.png
000709.png,note4,4,3,lg-89316813-aug-gutenberg1939-.png
000710.png,note4,4,3,lg-89316813-aug-gutenberg1939-.png
000711.png,note4,4,3,lg-89316813-aug-gutenberg1939-.png
000712.png,note4,8,3,lg-89316813-aug-gutenberg1939-.png
000713.png,note4,8,2,lg-89316813-aug-gutenberg1939-.png
000714.png,note4,8,0,lg-89316813-aug-gutenberg1939-.png
000715.png,note4,8,-1,lg-89316813-aug-gutenberg1939-.png
000716.png,note1,1,0,lg-89316813-aug-gutenberg1939-.png
000717.png,note4,4,4,lg-89316813-aug-gutenberg1939-.png
000718.png,note4,4,0,lg-89316813-aug-gutenberg1939-.png
000719.png,note8,4,3,lg-89316813-aug-gutenberg1939-.png
000720.png,note4,4,1,lg-89316813-aug-gutenberg1939-.png
000721.png,note4,4,3,lg-89316813-aug-gutenberg1939-.png
000722.png,note4,4,3,lg-89316813-aug-gutenberg1939-.png
000723.png,note1,1,4,lg-89316813-aug-gutenberg1939-.png
000724.png,note4,8,3,lg-89316813-aug-gutenberg1939-.png
000725.png,note4,4,2,lg-89316813-aug-gutenberg1939-.png
000726.png,note8,4,6,lg-89316813-aug-gutenberg1939-.png
000727.png,note2,2*1/2,2,lg-144423495-aug-gutenberg1939--page-13.png
000728.png,note4,8,2,lg-144423495-aug-gutenberg1939--page-13.png
000729.png,note4,8,4,lg-144423495-aug-gutenberg1939--page-13.png
000730.png,note2,2,-6,lg-144423495-aug-gutenberg1939--page-13.png
000731.png,note2,2,-4,lg-144423495-aug-gutenberg1939--page-13.png
000732.png,note4,32,2,lg-144423495-aug-gutenberg1939--page-13.png
000733.png,note4,32,-5,lg-144423495-aug-gutenberg1939--page-13.png
000734.png,note4,8,2,lg-144423495-aug-gutenberg1939--page-13.png
000735.png,note2,2,1,lg-144423495-aug-gutenberg1939--page-13.png
000736.png,note2,2,1,lg-144423495-aug-gutenberg1939--page-13.png
000737.png,note2,2,3,lg-144423495-aug-gutenberg1939--page-13.png
000738.png,note2,2*1/2,8,lg-144423495-aug-gutenberg1939--page-13.png
000739.png,note2,2,1,lg-144423495-aug-gutenberg1939--page-13.png
000740.png,note2,2,-6,lg-144423495-aug-gutenberg1939--page-13.png
000741.png,note2,2,-4,lg-144423495-aug-gutenberg1939--page-13.png
000742.png,note4,8,3,lg-144423495-aug-gutenberg1939--page-13.png
000743.png,note2,2,1,lg-144423495-aug-gutenberg1939--page-13.png
000744.png,note2,2,1,lg-144423495-aug-gutenberg1939--page-13.png
000745.png,note2,2,3,lg-144423495-aug-gutenberg1939--page-13.png
000746.png,note2,2*1/2,7,lg-144423495-aug-gutenberg1939--page-13.png
000747.png,note4,8,5,lg-144423495-aug-gutenberg1939--page-13.png
000748.png,note2,2*1/2,2,lg-144423495-aug-gutenberg1939--page-13.png
000749.png,note4,16,4,lg-144423495-aug-gutenberg1939--page-13.png
000750.png,note2,2,1,lg-144423495-aug-gutenberg1939--page-13.png
000751.png,note4,16,3,lg-144423495-aug-gutenberg1939--page-13.png
000752.png,note2,2,1,lg-144423495-aug-gutenberg1939--page-13.png
000753.png,note2,2,1,lg-144423495-aug-gutenberg1939--page-13.png
000754.png,note2,2,1,lg-144423495-aug-gutenberg1939--page-13.png
000755.png,note2,2,3,lg-144423495-aug-gutenberg1939--page-13.png
000756.png,note2,2*1/2,9,lg-144423495-aug-gutenberg1939--page-13.png
000757.png,note2,2,-6,lg-144423495-aug-gutenberg1939--page-13.png
000758.png,note2,2,-4,lg-144423495-aug-gutenberg1939--page-13.png
000759.png,note2,2*1/2,3,lg-144423495-aug-gutenberg1939--page-13.png
000760.png,note4,8,3,lg-144423495-aug-gutenberg1939--page-13.png
000761.png,note4,32,2,lg-144423495-aug-gutenberg1939--page-13.png
000762.png,note4,32,-5,lg-144423495-aug-gutenberg1939--page-13.png
000763.png,note4,16,5,lg-144423495-aug-gutenberg1939--page-13.png
000764.png,note4,16,4,lg-144423495-aug-gutenberg1939--page-13.png
000765.png,note4,32,2,lg-144423495-aug-gutenberg1939--page-13.png
000766.png,note4,32,-5,lg-144423495-aug-gutenberg1939--page-13.png
000767.png,note4,8,4,lg-144423495-aug-gutenberg1939--page-13.png
000768.png,note4,8,6,lg-144423495-aug-gutenberg1939--page-13.png
000769.png,note2,2*1/2,3,lg-144423495-aug-gutenberg1939--page-13.png
000770.png,note4,32,2,lg-144423495-aug-gutenberg1939--page-13.png
000771.png,note4,32,-5,lg-144423495-aug-gutenberg1939--page-13.png
000772.png,note4,8,3,lg-144423495-aug-gutenberg1939--page-13.png
000773.png,note4,8,5,lg-144423495-aug-gutenberg1939--page-13.png
000774.png,note2,2,-4,lg-144423495-aug-gutenberg1939--page-13.png
000775.png,note2,2,1,lg-144423495-aug-gutenberg1939--page-13.png
000776.png,note2,2,1,lg-144423495-aug-gutenberg1939--page-13.png
000777.png,note2,2,-6,lg-144423495-aug-gutenberg1939--page-13.png
000778.png,note2,2,3,lg-144423495-aug-gutenberg1939--page-13.png
000779.png,note2,2,1,lg-144423495-aug-gutenberg1939--page-13.png
000780.png,note2,2*1/2,8,lg-144423495-aug-gutenberg1939--page-13.png
000781.png,note4,16,3,lg-144423495-aug-gutenberg1939--page-13.png
000782.png,note2,2,-4,lg-144423495-aug-gutenberg1939--page-13.png
000783.png,note4,32,2,lg-144423495-aug-gutenberg1939--page-13.png
000784.png,note4,32,-5,lg-144423495-aug-gutenberg1939--page-13.png
000785.png,note2,2,1,lg-144423495-aug-gutenberg1939--page-13.png
000786.png,note2,2,1,lg-144423495-aug-gutenberg1939--page-13.png
000787.png,note2,2,3,lg-144423495-aug-gutenberg1939--page-13.png
000788.png,note2,2*1/2,6,lg-144423495-aug-gutenberg1939--page-13.png
000789.png,note2,2,1,lg-144423495-aug-gutenberg1939--page-13.png
000790.png,note2,2,-6,lg-144423495-aug-gutenberg1939--page-13.png
000791.png,note4,8,5,lg-144423495-aug-gutenberg1939--page-13.png
000792.png,note2,2*1/2,2,lg-144423495-aug-gutenberg1939--page-13.png
000793.png,note4,16,4,lg-144423495-aug-gutenberg1939--page-13.png
000794.png,note4,8,3,lg-144423495-aug-gutenberg1939--page-13.png
000795.png,note4,8,4,lg-144423495-aug-gutenberg1939--page-13.png
000796.png,note4,32,2,lg-144423495-aug-gutenberg1939--page-13.png
000797.png,note4,32,-5,lg-144423495-aug-gutenberg1939--page-13.png
000798.png,note4,16,4,lg-144423495-aug-gutenberg1939--page-13.png
000799.png,note2,2*1/2,1,lg-144423495-aug-gutenberg1939--page-13.png
000800.png,note4,8,6,lg-144423495-aug-gutenberg1939--page-13.png
000801.png,note4,16,5,lg-144423495-aug-gutenberg1939--page-13.png
000802.png,note2,2,3,lg-144423495-aug-gutenberg1939--page-13.png
000803.png,note2,2,1,lg-144423495-aug-gutenberg1939--page-13.png
000804.png,note2,2,1,lg-144423495-aug-gutenberg1939--page-13.png
000805.png,note2,2*1/2,7,lg-144423495-aug-gutenberg1939--page-13.png
000806.png,note2,2,1,lg-144423495-aug-gutenberg1939--page-13.png
000807.png,note2,2,-6,lg-144423495-aug-gutenberg1939--page-13.png
000808.png,note2,2,-4,lg-144423495-aug-gutenberg1939--page-13.png
000809.png,note4,8,13,lg-210359136-aug-gutenberg1939--page-14.png
000810.png,note4,8,5,lg-210359136-aug-gutenberg1939--page-14.png
000811.png,note2,2.,2,lg-210359136-aug-gutenberg1939--page-14.png
000812.png,note2,2.,9,lg-210359136-aug-gutenberg1939--page-14.png
000813.png,note4,8,-3,lg-210359136-aug-gutenberg1939--page-14.png
000814.png,note4,8,-1,lg-210359136-aug-gutenberg1939--page-14.png
000815.png,note4,8,4,lg-210359136-aug-gutenberg1939--page-14.png
000816.png,note4,8,6,lg-210359136-aug-gutenberg1939--page-14.png
000817.png,note4,8,7,lg-210359136-aug-gutenberg1939--page-14.png
000818.png,note4,8,-5,lg-210359136-aug-gutenberg1939--page-14.png
000819.png,note4,8,-3,lg-210359136-aug-gutenberg1939--page-14.png
000820.png,note4,8,2,lg-210359136-aug-gutenberg1939--page-14.png
000821.png,note4,8,4,lg-210359136-aug-gutenberg1939--page-14.png
000822.png,note4,8,-7,lg-210359136-aug-gutenberg1939--page-14.png
000823.png,note4,8,0,lg-210359136-aug-gutenberg1939--page-14.png
000824.png,note4,8,2,lg-210359136-aug-gutenberg1939--page-14.png
000825.png,note4,8,4,lg-210359136-aug-gutenberg1939--page-14.png
000826.png,note4,8,11,lg-210359136-aug-gutenberg1939--page-14.png
000827.png,note4,8,6,lg-210359136-aug-gutenberg1939--page-14.png
000828.png,note4,8,9,lg-210359136-aug-gutenberg1939--page-14.png
000829.png,note4,8,11,lg-210359136-aug-gutenberg1939--page-14.png
000830.png,note4,8,4,lg-210359136-aug-gutenberg1939--page-14.png
000831.png,note4,4,0,lg-210359136-aug-gutenberg1939--page-14.png
000832.png,note4,8,2,lg-210359136-aug-gutenberg1939--page-14.png
000833.png,note4,8,9,lg-210359136-aug-gutenberg1939--page-14.png
000834.png,note4,4,-7,lg-210359136-aug-gutenberg1939--page-14.png
000835.png,note4,4,7,lg-210359136-aug-gutenberg1939--page-14.png
000836.png,note4,8,2,lg-210359136-aug-gutenberg1939--page-14.png
000837.png,note4,8,9,lg-210359136-aug-gutenberg1939--page-14.png
000838.png,note4,8,12,lg-210359136-aug-gutenberg1939--page-14.png
000839.png,note4,8,4,lg-210359136-aug-gutenberg1939--page-14.png
000840.png,note4,8,11,lg-210359136-aug-gutenberg1939--page-14.png
000841.png,note4,8,4,lg-210359136-aug-gutenberg1939--page-14.png
000842.png,note4,8,11,lg-210359136-aug-gutenberg1939--page-14.png
000843.png,note8,8,-3,lg-210359136-aug-gutenberg1939--page-14.png
000844.png,note8,8,-1,lg-210359136-aug-gutenberg1939--page-14.png
000845.png,note8,8,4,lg-210359136-aug-gutenberg1939--page-14.png
000846.png,note8,8,6,lg-210359136-aug-gutenberg1939--page-14.png
000847.png,note8,8,-7,lg-210359136-aug-gutenberg1939--page-14.png
000848.png,note8,8,0,lg-210359136-aug-gutenberg1939--page-14.png
000849.png,note8,8,7,lg-210359136-aug-gutenberg1939--page-14.png
000850.png,note8,4,11,lg-210359136-aug-gutenberg1939--page-14.png
000851.png,note8,8,4,lg-210359136-aug-gutenberg1939--page-14.png
000852.png,note8,8,6,lg-210359136-aug-gutenberg1939--page-14.png
000853.png,note8,8,11,lg-210359136-aug-gutenberg1939--page-14.png
000854.png,note8,8,13,lg-210359136-aug-gutenberg1939--page-14.png
000855.png,note4,8,-1,lg-210359136-aug-gutenberg1939--page-14.png
000856.png,note4,8,6,lg-210359136-aug-gutenberg1939--page-14.png
000857.png,note4,8,-1,lg-210359136-aug-gutenberg1939--page-14.png
000858.png,note4,8,6,lg-210359136-aug-gutenberg1939--page-14.png
000859.png,note8,4,4,lg-210359136-aug-gutenberg1939--page-14.png
000860.png,note4,8,5,lg-210359136-aug-gutenberg1939--page-14.png
000861.png,note4,8,-4,lg-210359136-aug-gutenberg1939--page-14.png
000862.png,note4,8,-2,lg-210359136-aug-gutenberg1939--page-14.png
000863.png,note4,8,3,lg-210359136-aug-gutenberg1939--page-14.png
000864.png,note4,8,5,lg-210359136-aug-gutenberg1939--page-14.png
000865.png,note4,8,3,lg-210359136-aug-gutenberg1939--page-14.png
000866.png,note4,8,10,lg-210359136-aug-gutenberg1939--page-14.png
000867.png,note4,8,12,lg-210359136-aug-gutenberg1939--page-14.png
000868.png,note4,8,12,lg-210359136-aug-gutenberg1939--page-14.png
000869.png,note4,8,-2,lg-210359136-aug-gutenberg1939--page-14.png
000870.png,note4,8,0,lg-210359136-aug-gutenberg1939--page-14.png
000871.png,note4,8,5,lg-210359136-aug-gutenberg1939--page-14.png
000872.png,note4,8,7,lg-210359136-aug-gutenberg1939--page-14.png
000873.png,note4,8,5,lg-210359136-aug-gutenberg1939--page-14.png
000874.png,note4,8,7,lg-210359136-aug-gutenberg1939--page-14.png
000875.png,note4,8,14,lg-210359136-aug-gutenberg1939--page-14.png
000876.png,note4,8,4,lg-210359136-aug-gutenberg1939--page-14.png
000877.png,note4,8,9,lg-210359136-aug-gutenberg1939--page-14.png
000878.png,note4,8,11,lg-210359136-aug-gutenberg1939--page-14.png
000879.png,note4,8,2,lg-210359136-aug-gutenberg1939--page-14.png
000880.png,note4,8,-2,lg-210359136-aug-gutenberg1939--page-14.png
000881.png,note4,8,0,lg-210359136-aug-gutenberg1939--page-14.png
000882.png,note4,8,5,lg-210359136-aug-gutenberg1939--page-14.png
000883.png,note4,8,7,lg-210359136-aug-gutenberg1939--page-14.png
000884.png,note4,8,-7,lg-210359136-aug-gutenberg1939--page-14.png
000885.png,note4,8,0,lg-210359136-aug-gutenberg1939--page-14.png
000886.png,note4,8,7,lg-210359136-aug-gutenberg1939--page-14.png
000887.png,note4,8,5,lg-210359136-aug-gutenberg1939--page-14.png
000888.png,note4,8,-5,lg-210359136-aug-gutenberg1939--page-14.png
000889.png,note4,8,-3,lg-210359136-aug-gutenberg1939--page-14.png
000890.png,note4,8,2,lg-210359136-aug-gutenberg1939--page-14.png
000891.png,note4,8,4,lg-210359136-aug-gutenberg1939--page-14.png
000892.png,note4,8,5,lg-210359136-aug-gutenberg1939--page-14.png
000893.png,note4,8,-7,lg-210359136-aug-gutenberg1939--page-14.png
000894.png,note4,8,0,lg-210359136-aug-gutenberg1939--page-14.png
000895.png,note4,8,7,lg-210359136-aug-gutenberg1939--page-14.png
000896.png,note4,8,3,lg-210359136-aug-gutenberg1939--page-14.png
000897.png,note4,8,5,lg-210359136-aug-gutenberg1939--page-14.png
000898.png,note4,8,10,lg-210359136-aug-gutenberg1939--page-14.png
000899.png,note4,8,12,lg-210359136-aug-gutenberg1939--page-14.png
000900.png,note4,8,3,lg-210359136-aug-gutenberg1939--page-14.png
000901.png,note4,8,7,lg-210359136-aug-gutenberg1939--page-14.png
000902.png,note4,8,12,lg-210359136-aug-gutenberg1939--page-14.png
000903.png,note4,8,14,lg-210359136-aug-gutenberg1939--page-14.png
000904.png,note4,8,-4,lg-210359136-aug-gutenberg1939--page-14.png
000905.png,note4,8,-2,lg-210359136-aug-gutenberg1939--page-14.png
000906.png,note4,8,-6,lg-210359136-aug-gutenberg1939--page-14.png
000907.png,note4,8,-5,lg-210359136-aug-gutenberg1939--page-14.png
000908.png,note4,8,1,lg-210359136-aug-gutenberg1939--page-14.png
000909.png,note4,8,2,lg-210359136-aug-gutenberg1939--page-14.png
000910.png,note4,8,0,lg-210359136-aug-gutenberg1939--page-14.png
000911.png,note4,8,2,lg-210359136-aug-gutenberg1939--page-14.png
000912.png,note4,8,7,lg-210359136-aug-gutenberg1939--page-14.png
000913.png,note4,8,9,lg-210359136-aug-gutenberg1939--page-14.png
000914.png,note4,8,-5,lg-210359136-aug-gutenberg1939--page-14.png
000915.png,note4,8,-3,lg-210359136-aug-gutenberg1939--page-14.png
000916.png,note4,8,2,lg-210359136-aug-gutenberg1939--page-14.png
000917.png,note4,8,4,lg-210359136-aug-gutenberg1939--page-14.png
000918.png,note4,8,2,lg-210359136-aug-gutenberg1939--page-14.png
000919.png,note4,8,4,lg-210359136-aug-gutenberg1939--page-14.png
000920.png,note4,8,9,lg-210359136-aug-gutenberg1939--page-14.png
000921.png,note4,8,11,lg-210359136-aug-gutenberg1939--page-14.png
000922.png,note4,8,-7,lg-210359136-aug-gutenberg1939--page-14.png
000923.png,note4,8,-7,lg-210359136-aug-gutenberg1939--page-14.png
000924.png,note4,8,-5,lg-210359136-aug-gutenberg1939--page-14.png
000925.png,note4,8,0,lg-210359136-aug-gutenberg1939--page-14.png
000926.png,note4,8,2,lg-210359136-aug-gutenberg1939--page-14.png
000927.png,note4,8,0,lg-210359136-aug-gutenberg1939--page-14.png
000928.png,note4,8,7,lg-210359136-aug-gutenberg1939--page-14.png
000929.png,note4,8,0,lg-210359136-aug-gutenberg1939--page-14.png
000930.png,note4,8,2,lg-210359136-aug-gutenberg1939--page-14.png
000931.png,note4,4,7,lg-210359136-aug-gutenberg1939--page-14.png
000932.png,note4,8,9,lg-210359136-aug-gutenberg1939--page-14.png
000933.png,note4,8,0,lg-210359136-aug-gutenberg1939--page-14.png
000934.png,note4,8,-2,lg-210359136-aug-gutenberg1939--page-14.png
000935.png,note4,8,5,lg-210359136-aug-gutenberg1939--page-14.png
000936.png,note4,8,-7,lg-210359136-aug-gutenberg1939--page-14.png
000937.png,note4,8,7,lg-210359136-aug-gutenberg1939--page-14.png
000938.png,note4,8,5,lg-210359136-aug-gutenberg1939--page-14.png
000939.png,note4,8,12,lg-210359136-aug-gutenberg1939--page-14.png
000940.png,note4,8,-5,lg-210359136-aug-gutenberg1939--page-14.png
000941.png,note4,8,-3,lg-210359136-aug-gutenberg1939--page-14.png
000942.png,note4,8,2,lg-210359136-aug-gutenberg1939--page-14.png
000943.png,note4,8,7,lg-210359136-aug-gutenberg1939--page-14.png
000944.png,note4,8,-6,lg-210359136-aug-gutenberg1939--page-14.png
000945.png,note4,8,-5,lg-210359136-aug-gutenberg1939--page-14.png
000946.png,note4,8,1,lg-210359136-aug-gutenberg1939--page-14.png
000947.png,note4,8,2,lg-210359136-aug-gutenberg1939--page-14.png
000948.png,note4,8,-7,lg-210359136-aug-gutenberg1939--page-14.png
000949.png,note4,8,0,lg-210359136-aug-gutenberg1939--page-14.png
000950.png,note4,8,7,lg-210359136-aug-gutenberg1939--page-14.png
000951.png,note4,8,0,lg-210359136-aug-gutenberg1939--page-14.png
000952.png,note4,8,2,lg-210359136-aug-gutenberg1939--page-14.png
000953.png,note4,8,9,lg-210359136-aug-gutenberg1939--page-14.png
000954.png,note4,8,4,lg-210359136-aug-gutenberg1939--page-14.png
000955.png,note4,8,-7,lg-210359136-aug-gutenberg1939--page-14.png
000956.png,note4,8,0,lg-210359136-aug-gutenberg1939--page-14.png
000957.png,note4,8,7,lg-210359136-aug-gutenberg1939--page-14.png
000958.png,note4,8,2,lg-210359136-aug-gutenberg1939--page-14.png
000959.png,note4,8,4,lg-210359136-aug-gutenberg1939--page-14.png
000960.png,note4,8,9,lg-210359136-aug-gutenberg1939--page-14.png
000961.png,note4,8,11,lg-210359136-aug-gutenberg1939--page-14.png
000962.png,note4,8,7,lg-210359136-aug-gutenberg1939--page-14.png
000963.png,note4,8,8,lg-210359136-aug-gutenberg1939--page-14.png
000964.png,note4,8,3,lg-210359136-aug-gutenberg1939--page-14.png
000965.png,note4,8,10,lg-210359136-aug-gutenberg1939--page-14.png
000966.png,note4,8,1,lg-210359136-aug-gutenberg1939--page-14.png
000967.png,note4,8,8,lg-210359136-aug-gutenberg1939--page-14.png
000968.png,note4,8,-7,lg-210359136-aug-gutenberg1939--page-14.png
000969.png,note4,8,0,lg-210359136-aug-gutenberg1939--page-14.png
000970.png,note4,8,7,lg-210359136-aug-gutenberg1939--page-14.png
000971.png,note4,8,1,lg-210359136-aug-gutenberg1939--page-14.png
000972.png,note4,8,5,lg-210359136-aug-gutenberg1939--page-14.png
000973.png,note4,8,12,lg-210359136-aug-gutenberg1939--page-14.png
000974.png,note8,8,7,lg-210359136-aug-gutenberg1939--page-14.png
000975.png,note4,8,5,lg-210359136-aug-gutenberg1939--page-14.png
000976.png,note4,8,12,lg-210359136-aug-gutenberg1939--page-14.png
000977.png,note4,4,-7,lg-210359136-aug-gutenberg1939--page-14.png
000978.png,note4,4,0,lg-210359136-aug-gutenberg1939--page-14.png
000979.png,note4,8,3,lg-210359136-aug-gutenberg1939--page-14.png
000980.png,note4,8,10,lg-210359136-aug-gutenberg1939--page-14.png
000981.png,note4,8,5,lg-210359136-aug-gutenberg1939--page-14.png
000982.png,note4,8,12,lg-210359136-aug-gutenberg1939--page-14.png
000983.png,note8,8,-7,lg-210359136-aug-gutenberg1939--page-14.png
000984.png,note8,8,0,lg-210359136-aug-gutenberg1939--page-14.png
000985.png,note4,8,-7,lg-210359136-aug-gutenberg1939--page-14.png
000986.png,note4,8,-5,lg-210359136-aug-gutenberg1939--page-14.png
000987.png,note4,8,0,lg-210359136-aug-gutenberg1939--page-14.png
000988.png,note4,8,2,lg-210359136-aug-gutenberg1939--page-14.png
000989.png,note4,8,0,lg-210359136-aug-gutenberg1939--page-14.png
000990.png,note4,8,7,lg-210359136-aug-gutenberg1939--page-14.png
000991.png,note4,8,9,lg-210359136-aug-gutenberg1939--page-14.png
000992.png,note4,8,2,lg-210359136-aug-gutenberg1939--page-14.png
000993.png,note4,8,-2,lg-210359136-aug-gutenberg1939--page-14.png
000994.png,note4,8,5,lg-210359136-aug-gutenberg1939--page-14.png
000995.png,note4,8,5,lg-210359136-aug-gutenberg1939--page-14.png
000996.png,note4,8,12,lg-210359136-aug-gutenberg1939--page-14.png
000997.png,note4,8,-7,lg-210359136-aug-gutenberg1939--page-14.png
000998.png,note4,8,0,lg-210359136-aug-gutenberg1939--page-14.png
000999.png,note4,8,7,lg-210359136-aug-gutenberg1939--page-14.png
001000.png,note4,8,-1,lg-210359136-aug-gutenberg1939--page-14.png
001001.png,note4,8,6,lg-210359136-aug-gutenberg1939--page-14.png
001002.png,note4,8,-1,lg-210359136-aug-gutenberg1939--page-14.png
001003.png,note4,8,6,lg-210359136-aug-gutenberg1939--page-14.png
001004.png,note4,4,3,lg-210359136-aug-gutenberg1939--page-14.png
001005.png,note4,8,3,lg-210359136-aug-gutenberg1939--page-14.png
001006.png,note4,8,3,lg-210359136-aug-gutenberg1939--page-14.png
001007.png,note4,4,10,lg-210359136-aug-gutenberg1939--page-14.png
001008.png,note4,8,10,lg-210359136-aug-gutenberg1939--page-14.png
001009.png,note4,8,1,lg-210359136-aug-gutenberg1939--page-14.png
001010.png,note4,8,8,lg-210359136-aug-gutenberg1939--page-14.png
001011.png,note4,4,11,lg-210359136-aug-gutenberg1939--page-14.png
001012.png,note4,8,5,lg-210359136-aug-gutenberg1939--page-14.png
001013.png,note8,8,-7,lg-210359136-aug-gutenberg1939--page-14.png
001014.png,note8,8,0,lg-210359136-aug-gutenberg1939--page-14.png
001015.png,note8,8,7,lg-210359136-aug-gutenberg1939--page-14.png
001016.png,note4,8,5,lg-210359136-aug-gutenberg1939--page-14.png
001017.png,note4,8,10,lg-210359136-aug-gutenberg1939--page-14.png
001018.png,note4,8,12,lg-210359136-aug-gutenberg1939--page-14.png
001019.png,note4,4,4,lg-210359136-aug-gutenberg1939--page-14.png
001020.png,note4,8,12,lg-210359136-aug-gutenberg1939--page-14.png
001021.png,note4,8,10,lg-210359136-aug-gutenberg1939--page-14.png
001022.png,note4,8,5,lg-210359136-aug-gutenberg1939--page-14.png
001023.png,note4,8,5,lg-210359136-aug-gutenberg1939--page-14.png
001024.png,note4,8,12,lg-210359136-aug-gutenberg1939--page-14.png
001025.png,note4,8,2,lg-210359136-aug-gutenberg1939--page-14.png
001026.png,note4,8,7,lg-210359136-aug-gutenberg1939--page-14.png
001027.png,note4,8,9,lg-210359136-aug-gutenberg1939--page-14.png
001028.png,note4,8,0,lg-210359136-aug-gutenberg1939--page-14.png
001029.png,note4,4,2,lg-210359136-aug-gutenberg1939--page-14.png
001030.png,note4,4,9,lg-210359136-aug-gutenberg1939--page-14.png
001031.png,note4,8,-1,lg-210359136-aug-gutenberg1939--page-14.png
001032.png,note4,8,-7,lg-210359136-aug-gutenberg1939--page-14.png
001033.png,note4,8,0,lg-210359136-aug-gutenberg1939--page-14.png
001034.png,note4,8,7,lg-210359136-aug-gutenberg1939--page-14.png
001035.png,note4,8,-1,lg-210359136-aug-gutenberg1939--page-14.png
001036.png,note4,8,5,lg-210359136-aug-gutenberg1939--page-14.png
001037.png,note4,8,6,lg-210359136-aug-gutenberg1939--page-14.png
001038.png,note4,8,-7,lg-210359136-aug-gutenberg1939--page-14.png
001039.png,note4,8,-5,lg-210359136-aug-gutenberg1939--page-14.png
001040.png,note4,8,0,lg-210359136-aug-gutenberg1939--page-14.png
001041.png,note4,8,5,lg-210359136-aug-gutenberg1939--page-14.png
001042.png,note4,8,-2,lg-210359136-aug-gutenberg1939--page-14.png
001043.png,note4,8,2,lg-210359136-aug-gutenberg1939--page-14.png
001044.png,note4,8,1,lg-210359136-aug-gutenberg1939--page-14.png
001045.png,note4,8,-7,lg-210359136-aug-gutenberg1939--page-14.png
001046.png,note4,8,0,lg-210359136-aug-gutenberg1939--page-14.png
001047.png,note4,8,7,lg-210359136-aug-gutenberg1939--page-14.png
001048.png,note4,4,2,lg-210359136-aug-gutenberg1939--page-14.png
001049.png,note4,4,-12,lg-210359136-aug-gutenberg1939--page-14.png
001050.png,note4,4,-5,lg-210359136-aug-gutenberg1939--page-14.png
001051.png,note4,4,9,lg-210359136-aug-gutenberg1939--page-14.png
001052.png,note4,4,-8,lg-210359136-aug-gutenberg1939--page-14.png
001053.png,note4,4,-5,lg-210359136-aug-gutenberg1939--page-14.png
001054.png,note4,4,-3,lg-210359136-aug-gutenberg1939--page-14.png
001055.png,note4,4,-7,lg-210359136-aug-gutenberg1939--page-14.png
001056.png,note4,4,0,lg-210359136-aug-gutenberg1939--page-14.png
001057.png,note4,4,-5,lg-210359136-aug-gutenberg1939--page-14.png
001058.png,note4,4,2,lg-210359136-aug-gutenberg1939--page-14.png
001059.png,note4,4,4,lg-210359136-aug-gutenberg1939--page-14.png
001060.png,note4,4,11,lg-210359136-aug-gutenberg1939--page-14.png
001061.png,note4,8,2,lg-210359136-aug-gutenberg1939--page-14.png
001062.png,note4,8,2,lg-210359136-aug-gutenberg1939--page-14.png
001063.png,note4,8,6,lg-210359136-aug-gutenberg1939--page-14.png
001064.png,note4,8,9,lg-210359136-aug-gutenberg1939--page-14.png
001065.png,note8,8,4,lg-210359136-aug-gutenberg1939--page-14.png
001066.png,note8,8,-7,lg-210359136-aug-gutenberg1939--page-14.png
001067.png,note8,8,0,lg-210359136-aug-gutenberg1939--page-14.png
001068.png,note8,8,7,lg-210359136-aug-gutenberg1939--page-14.png
001069.png,note8,8,4,lg-210359136-aug-gutenberg1939--page-14.png
001070.png,note8,8,9,lg-210359136-aug-gutenberg1939--page-14.png
001071.png,note8,8,11,lg-210359136-aug-gutenberg1939--page-14.png
001072.png,note4,4,2,lg-210359136-aug-gutenberg1939--page-14.png
001073.png,note4,8,-1,lg-210359136-aug-gutenberg1939--page-14.png
001074.png,note4,8,-1,lg-210359136-aug-gutenberg1939--page-14.png
001075.png,note4,8,6,lg-210359136-aug-gutenberg1939--page-14.png
001076.png,note4,4,-10,lg-210359136-aug-gutenberg1939--page-14.png
001077.png,note4,4,-3,lg-210359136-aug-gutenberg1939--page-14.png
001078.png,note4,4,4,lg-210359136-aug-gutenberg1939--page-14.png
001079.png,note4,4,11,lg-210359136-aug-gutenberg1939--page-14.png
001080.png,note4,4,-8,lg-210359136-aug-gutenberg1939--page-14.png
001081.png,note4,4,-5,lg-210359136-aug-gutenberg1939--page-14.png
001082.png,note4,4,-3,lg-210359136-aug-gutenberg1939--page-14.png
001083.png,note4,4,-5,lg-210359136-aug-gutenberg1939--page-14.png
001084.png,note4,4,2,lg-210359136-aug-gutenberg1939--page-14.png
001085.png,note4,4,-1,lg-210359136-aug-gutenberg1939--page-14.png
001086.png,note4,8,0,lg-210359136-aug-gutenberg1939--page-14.png
001087.png,note4,8,7,lg-210359136-aug-gutenberg1939--page-14.png
001088.png,note4,8,-7,lg-210359136-aug-gutenberg1939--page-14.png
001089.png,note4,8,0,lg-210359136-aug-gutenberg1939--page-14.png
001090.png,note4,8,7,lg-210359136-aug-gutenberg1939--page-14.png
001091.png,note4,8,7,lg-210359136-aug-gutenberg1939--page-14.png
001092.png,note4,8,14,lg-210359136-aug-gutenberg1939--page-14.png
001093.png,note4,8,5,lg-210359136-aug-gutenberg1939--page-14.png
001094.png,note4,8,12,lg-210359136-aug-gutenberg1939--page-14.png
001095.png,note4,8,0,lg-210359136-aug-gutenberg1939--page-14.png
001096.png,note4,8,7,lg-210359136-aug-gutenberg1939--page-14.png
001097.png,note4,8,7,lg-210359136-aug-gutenberg1939--page-14.png
001098.png,note4,8,14,lg-210359136-aug-gutenberg1939--page-14.png
001099.png,note4,8,11,lg-210359136-aug-gutenberg1939--page-14.png
001100.png,note4,8,-3,lg-210359136-aug-gutenberg1939--page-14.png
001101.png,note4,8,4,lg-210359136-aug-gutenberg1939--page-14.png
001102.png,note4,8,4,lg-210359136-aug-gutenberg1939--page-14.png
001103.png,note4,8,0,lg-210359136-aug-gutenberg1939--page-14.png
001104.png,note4,8,-1,lg-210359136-aug-gutenberg1939--page-14.png
001105.png,note4,8,6,lg-210359136-aug-gutenberg1939--page-14.png
001106.png,note4,8,-7,lg-210359136-aug-gutenberg1939--page-14.png
001107.png,note4,8,5,lg-210359136-aug-gutenberg1939--page-14.png
001108.png,note4,8,7,lg-210359136-aug-gutenberg1939--page-14.png
001109.png,note4,8,6,lg-210359136-aug-gutenberg1939--page-14.png
001110.png,note4,8,13,lg-210359136-aug-gutenberg1939--page-14.png
001111.png,note4,8,-5,lg-210359136-aug-gutenberg1939--page-14.png
001112.png,note4,8,2,lg-210359136-aug-gutenberg1939--page-14.png
001113.png,note4,8,-7,lg-210359136-aug-gutenberg1939--page-14.png
001114.png,note4,8,0,lg-210359136-aug-gutenberg1939--page-14.png
001115.png,note4,8,7,lg-210359136-aug-gutenberg1939--page-14.png
001116.png,note4,8,1,lg-210359136-aug-gutenberg1939--page-14.png
001117.png,note4,8,8,lg-210359136-aug-gutenberg1939--page-14.png
001118.png,note4,8,3,lg-210359136-aug-gutenberg1939--page-14.png
001119.png,note4,8,-7,lg-210359136-aug-gutenberg1939--page-14.png
001120.png,note4,8,0,lg-210359136-aug-gutenberg1939--page-14.png
001121.png,note4,8,7,lg-210359136-aug-gutenberg1939--page-14.png
001122.png,note4,8,3,lg-210359136-aug-gutenberg1939--page-14.png
001123.png,note4,8,10,lg-210359136-aug-gutenberg1939--page-14.png
001124.png,note4,8,-4,lg-210359136-aug-gutenberg1939--page-14.png
001125.png,note4,8,-2,lg-210359136-aug-gutenberg1939--page-14.png
001126.png,note4,8,2,lg-210359136-aug-gutenberg1939--page-14.png
001127.png,note4,8,4,lg-210359136-aug-gutenberg1939--page-14.png
001128.png,note4,8,9,lg-210359136-aug-gutenberg1939--page-14.png
001129.png,note4,8,11,lg-210359136-aug-gutenberg1939--page-14.png
001130.png,note4,8,-6,lg-210359136-aug-gutenberg1939--page-14.png
001131.png,note4,8,-5,lg-210359136-aug-gutenberg1939--page-14.png
001132.png,note4,8,1,lg-210359136-aug-gutenberg1939--page-14.png
001133.png,note4,8,2,lg-210359136-aug-gutenberg1939--page-14.png
001134.png,note4,8,0,lg-210359136-aug-gutenberg1939--page-14.png
001135.png,note4,8,2,lg-210359136-aug-gutenberg1939--page-14.png
001136.png,note4,8,7,lg-210359136-aug-gutenberg1939--page-14.png
001137.png,note4,8,-5,lg-210359136-aug-gutenberg1939--page-14.png
001138.png,note4,8,-3,lg-210359136-aug-gutenberg1939--page-14.png
001139.png,note4,8,2,lg-210359136-aug-gutenberg1939--page-14.png
001140.png,note4,8,4,lg-210359136-aug-gutenberg1939--page-14.png
001141.png,note4,8,-7,lg-210359136-aug-gutenberg1939--page-14.png
001142.png,note4,8,-7,lg-210359136-aug-gutenberg1939--page-14.png
001143.png,note4,8,-5,lg-210359136-aug-gutenberg1939--page-14.png
001144.png,note4,8,0,lg-210359136-aug-gutenberg1939--page-14.png
001145.png,note4,8,2,lg-210359136-aug-gutenberg1939--page-14.png
001146.png,note4,8,0,lg-210359136-aug-gutenberg1939--page-14.png
001147.png,note4,8,7,lg-210359136-aug-gutenberg1939--page-14.png
001148.png,note4,8,0,lg-210359136-aug-gutenberg1939--page-14.png
001149.png,note4,8,2,lg-210359136-aug-gutenberg1939--page-14.png
001150.png,note4,8,7,lg-210359136-aug-gutenberg1939--page-14.png
001151.png,note4,8,9,lg-210359136-aug-gutenberg1939--page-14.png
001152.png,note4,8,5,lg-210359136-aug-gutenberg1939--page-14.png
001153.png,note4,8,9,lg-210359136-aug-gutenberg1939--page-14.png
001154.png,note4,8,-2,lg-210359136-aug-gutenberg1939--page-14.png
001155.png,note4,8,-7,lg-210359136-aug-gutenberg1939--page-14.png
001156.png,note4,8,0,lg-210359136-aug-gutenberg1939--page-14.png
001157.png,note4,8,7,lg-210359136-aug-gutenberg1939--page-14.png
001158.png,note4,8,5,lg-210359136-aug-gutenberg1939--page-14.png
001159.png,note4,8,12,lg-210359136-aug-gutenberg1939--page-14.png
001160.png,note4,8,4,lg-210359136-aug-gutenberg1939--page-14.png
001161.png,note4,8,-5,lg-210359136-aug-gutenberg1939--page-14.png
001162.png,note4,8,-3,lg-210359136-aug-gutenberg1939--page-14.png
001163.png,note4,8,2,lg-210359136-aug-gutenberg1939--page-14.png
001164.png,note4,8,4,lg-210359136-aug-gutenberg1939--page-14.png
001165.png,note4,8,-7,lg-210359136-aug-gutenberg1939--page-14.png
001166.png,note4,8,0,lg-210359136-aug-gutenberg1939--page-14.png
001167.png,note4,8,7,lg-210359136-aug-gutenberg1939--page-14.png
001168.png,note4,8,2,lg-210359136-aug-gutenberg1939--page-14.png
001169.png,note4,8,9,lg-210359136-aug-gutenberg1939--page-14.png
001170.png,note4,8,11,lg-210359136-aug-gutenberg1939--page-14.png
001171.png,note4,8,9,lg-210359136-aug-gutenberg1939--page-14.png
001172.png,note4,8,-8,lg-210359136-aug-gutenberg1939--page-14.png
001173.png,note4,8,-5,lg-210359136-aug-gutenberg1939--page-14.png
001174.png,note4,8,-1,lg-210359136-aug-gutenberg1939--page-14.png
001175.png,note4,8,2,lg-210359136-aug-gutenberg1939--page-14.png
001176.png,note4,8,-1,lg-210359136-aug-gutenberg1939--page-14.png
001177.png,note4,8,2,lg-210359136-aug-gutenberg1939--page-14.png
001178.png,note4,8,6,lg-210359136-aug-gutenberg1939--page-14.png
001179.png,note4,8,9,lg-210359136-aug-gutenberg1939--page-14.png
001180.png,note4,8,1,lg-210359136-aug-gutenberg1939--page-14.png
001181.png,note4,8,-5,lg-210359136-aug-gutenberg1939--page-14.png
001182.png,note4,8,-6,lg-210359136-aug-gutenberg1939--page-14.png
001183.png,note4,8,7,lg-210359136-aug-gutenberg1939--page-14.png
001184.png,note4,8,2,lg-210359136-aug-gutenberg1939--page-14.png
001185.png,note4,8,0,lg-210359136-aug-gutenberg1939--page-14.png
001186.png,note4,8,7,lg-210359136-aug-gutenberg1939--page-14.png
001187.png,note4,8,0,lg-210359136-aug-gutenberg1939--page-14.png
001188.png,note4,8,2,lg-210359136-aug-gutenberg1939--page-14.png
001189.png,note4,8,-7,lg-210359136-aug-gutenberg1939--page-14.png
001190.png,note4,8,7,lg-124741354-aug-emmentaler--page-3.png
001191.png,note4,8,8,lg-124741354-aug-emmentaler--page-3.png
001192.png,note2,2,4,lg-124741354-aug-emmentaler--page-3.png
001193.png,note2,2.,8,lg-124741354-aug-emmentaler--page-3.png
001194.png,note2,2,6,lg-124741354-aug-emmentaler--page-3.png
001195.png,note2,2,11,lg-124741354-aug-emmentaler--page-3.png
001196.png,note2,2,5,lg-124741354-aug-emmentaler--page-3.png
001197.png,note1,1,3,lg-124741354-aug-emmentaler--page-3.png
001198.png,note4,8,8,lg-124741354-aug-emmentaler--page-3.png
001199.png,note2,2,7,lg-124741354-aug-emmentaler--page-3.png
001200.png,note1,1,6,lg-124741354-aug-emmentaler--page-3.png
001201.png,note2,2,3,lg-124741354-aug-emmentaler--page-3.png
001202.png,note2,2.,2,lg-124741354-aug-emmentaler--page-3.png
001203.png,note2,2,-3,lg-124741354-aug-emmentaler--page-3.png
001204.png,note2,2,-10,lg-124741354-aug-emmentaler--page-3.png
001205.png,note4,4,6,lg-124741354-aug-emmentaler--page-3.png
001206.png,note4,4,13,lg-124741354-aug-emmentaler--page-3.png
001207.png,note4,4,6,lg-124741354-aug-emmentaler--page-3.png
001208.png,note4,4,13,lg-124741354-aug-emmentaler--page-3.png
001209.png,note4,4,-2,lg-124741354-aug-emmentaler--page-3.png
001210.png,note4,4,-9,lg-124741354-aug-emmentaler--page-3.png
001211.png,note1,1,4,lg-124741354-aug-emmentaler--page-3.png
001212.png,note4,8,7,lg-124741354-aug-emmentaler--page-3.png
001213.png,note4,4,13,lg-124741354-aug-emmentaler--page-3.png
001214.png,note4,4,6,lg-124741354-aug-emmentaler--page-3.png
001215.png,note2,2.,8,lg-124741354-aug-emmentaler--page-3.png
001216.png,note1,1,2,lg-124741354-aug-emmentaler--page-3.png
001217.png,note4,8*2/3,6,lg-124741354-aug-emmentaler--page-3.png
001218.png,note2,2,9,lg-124741354-aug-emmentaler--page-3.png
001219.png,note2,2,8,lg-124741354-aug-emmentaler--page-3.png
001220.png,note2,2,6,lg-124741354-aug-emmentaler--page-3.png
001221.png,note2,2,4,lg-124741354-aug-emmentaler--page-3.png
001222.png,note2,2,3,lg-124741354-aug-emmentaler--page-3.png
001223.png,note2,2,-4,lg-124741354-aug-emmentaler--page-3.png
001224.png,note1,1,2,lg-124741354-aug-emmentaler--page-3.png
001225.png,note1,1,0,lg-124741354-aug-emmentaler--page-3.png
001226.png,note4,8*2/3,4,lg-124741354-aug-emmentaler--page-3.png
001227.png,note4,8*2/3,5,lg-124741354-aug-emmentaler--page-3.png
001228.png,note1,1,5,lg-124741354-aug-emmentaler--page-3.png
001229.png,note2,2,2,lg-124741354-aug-emmentaler--page-3.png
001230.png,note2,2,-5,lg-124741354-aug-emmentaler--page-3.png
001231.png,note1,1,3,lg-124741354-aug-emmentaler--page-3.png
001232.png,note1,1,1,lg-124741354-aug-emmentaler--page-3.png
001233.png,note2,2.,6,lg-124741354-aug-emmentaler--page-3.png
001234.png,note2,2,0,lg-124741354-aug-emmentaler--page-3.png
001235.png,note2,2,-7,lg-124741354-aug-emmentaler--page-3.png
001236.png,note8,8*2/3,7,lg-124741354-aug-emmentaler--page-3.png
001237.png,note2,2,10,lg-124741354-aug-emmentaler--page-3.png
001238.png,note2,2,7,lg-124741354-aug-emmentaler--page-3.png
001239.png,note4,8*2/3,5,lg-124741354-aug-emmentaler--page-3.png
001240.png,note4,8*2/3,4,lg-124741354-aug-emmentaler--page-3.png
001241.png,note2,2,5,lg-124741354-aug-emmentaler--page-3.png
001242.png,note1,1,-5,lg-124741354-aug-emmentaler--page-3.png
001243.png,note1,1,-3,lg-124741354-aug-emmentaler--page-3.png
001244.png,note1,1,-8,lg-124741354-aug-emmentaler--page-3.png
001245.png,note1,1,-1,lg-124741354-aug-emmentaler--page-3.png
001246.png,note4,8,-6,lg-124741354-aug-emmentaler--page-3.png
001247.png,note4,8,5,lg-124741354-aug-emmentaler--page-3.png
001248.png,note4,8,-3,lg-124741354-aug-emmentaler--page-3.png
001249.png,note4,8,2,lg-124741354-aug-emmentaler--page-3.png
001250.png,note4,8,-3,lg-124741354-aug-emmentaler--page-3.png
001251.png,note1,1,-7,lg-124741354-aug-emmentaler--page-3.png
001252.png,note4,8,6,lg-124741354-aug-emmentaler--page-3.png
001253.png,note4,8,-2,lg-124741354-aug-emmentaler--page-3.png
001254.png,note1,1,2,lg-124741354-aug-emmentaler--page-3.png
001255.png,note1,1,-5,lg-124741354-aug-emmentaler--page-3.png
001256.png,note4,8,-2,lg-124741354-aug-emmentaler--page-3.png
001257.png,note4,8,-1,lg-124741354-aug-emmentaler--page-3.png
001258.png,note4,8,-3,lg-124741354-aug-emmentaler--page-3.png
001259.png,note4,8,-5,lg-124741354-aug-emmentaler--page-3.png
001260.png,note1,1,-1,lg-124741354-aug-emmentaler--page-3.png
001261.png,note1,1,-3,lg-124741354-aug-emmentaler--page-3.png
001262.png,note1,1,-6,lg-124741354-aug-emmentaler--page-3.png
001263.png,note4,8,-2,lg-124741354-aug-emmentaler--page-3.png
001264.png,note4,8,-3,lg-124741354-aug-emmentaler--page-3.png
001265.png,note4,4,12,lg-124741354-aug-emmentaler--page-3.png
001266.png,note4,4,5,lg-124741354-aug-emmentaler--page-3.png
001267.png,note4,8,6,lg-124741354-aug-emmentaler--page-3.png
001268.png,note4,8,7,lg-124741354-aug-emmentaler--page-3.png
001269.png,note4,4,12,lg-124741354-aug-emmentaler--page-3.png
001270.png,note4,4,5,lg-124741354-aug-emmentaler--page-3.png
001271.png,note4,8,5,lg-124741354-aug-emmentaler--page-3.png
001272.png,note4,8,4,lg-124741354-aug-emmentaler--page-3.png
001273.png,note4,4,12,lg-124741354-aug-emmentaler--page-3.png
001274.png,note4,4,5,lg-124741354-aug-emmentaler--page-3.png
001275.png,note1,1,4,lg-124741354-aug-emmentaler--page-3.png
001276.png,note1,1,2,lg-124741354-aug-emmentaler--page-3.png
001277.png,note4,8,8,lg-124741354-aug-emmentaler--page-3.png
001278.png,note4,4.,9,lg-124741354-aug-emmentaler--page-3.png
001279.png,note4,4.,2,lg-124741354-aug-emmentaler--page-3.png
001280.png,note4,8,-1,lg-124741354-aug-emmentaler--page-3.png
001281.png,note8,8,2,lg-124741354-aug-emmentaler--page-3.png
001282.png,note4,4.,6,lg-124741354-aug-emmentaler--page-3.png
001283.png,note4,8,6,lg-124741354-aug-emmentaler--page-3.png
001284.png,note4,4,12,lg-124741354-aug-emmentaler--page-3.png
001285.png,note4,4,5,lg-124741354-aug-emmentaler--page-3.png
001286.png,note4,8,5,lg-124741354-aug-emmentaler--page-3.png
001287.png,note4,8,4,lg-124741354-aug-emmentaler--page-3.png
001288.png,note4,16,2,lg-124741354-aug-emmentaler--page-3.png
001289.png,note4,16,3,lg-124741354-aug-emmentaler--page-3.png
001290.png,note4,16,2,lg-124741354-aug-emmentaler--page-3.png
001291.png,note4,16,3,lg-124741354-aug-emmentaler--page-3.png
001292.png,note4,16,1,lg-124741354-aug-emmentaler--page-3.png
001293.png,note4,4,2,lg-124741354-aug-emmentaler--page-3.png
001294.png,note4,4,0,lg-124741354-aug-emmentaler--page-3.png
001295.png,note4,4,-3,lg-124741354-aug-emmentaler--page-3.png
001296.png,note1,1,2,lg-124741354-aug-emmentaler--page-3.png
001297.png,note1,1,-5,lg-124741354-aug-emmentaler--page-3.png
001298.png,note4,16,4,lg-124741354-aug-emmentaler--page-3.png
001299.png,note4,16,-2,lg-124741354-aug-emmentaler--page-3.png
001300.png,note4,16,-1,lg-124741354-aug-emmentaler--page-3.png
001301.png,note4,16,0,lg-124741354-aug-emmentaler--page-3.png
001302.png,note4,16,1,lg-124741354-aug-emmentaler--page-3.png
001303.png,note4,16,0,lg-124741354-aug-emmentaler--page-3.png
001304.png,note4,16,2,lg-124741354-aug-emmentaler--page-3.png
001305.png,note4,16,1,lg-124741354-aug-emmentaler--page-3.png
001306.png,note4,16,-1,lg-124741354-aug-emmentaler--page-3.png
001307.png,note4,16,0,lg-124741354-aug-emmentaler--page-3.png
001308.png,note4,16,1,lg-124741354-aug-emmentaler--page-3.png
001309.png,note4,8,-3,lg-124741354-aug-emmentaler--page-3.png
001310.png,note4,8,-3,lg-124741354-aug-emmentaler--page-3.png
001311.png,note4,8,-4,lg-124741354-aug-emmentaler--page-3.png
001312.png,note4,8,-6,lg-124741354-aug-emmentaler--page-3.png
001313.png,note4,8,-3,lg-124741354-aug-emmentaler--page-3.png
001314.png,note4,8,-1,lg-124741354-aug-emmentaler--page-3.png
001315.png,note4,8,-5,lg-124741354-aug-emmentaler--page-3.png
001316.png,note1,1,2,lg-124741354-aug-emmentaler--page-3.png
001317.png,note1,1,-5,lg-124741354-aug-emmentaler--page-3.png
001318.png,note2,2.,-7,lg-124741354-aug-emmentaler--page-3.png
001319.png,note4,8*2/3,-9,lg-124741354-aug-emmentaler--page-3.png
001320.png,note4,8*2/3,-7,lg-124741354-aug-emmentaler--page-3.png
001321.png,note1,1,2,lg-124741354-aug-emmentaler--page-3.png
001322.png,note1,1,-5,lg-124741354-aug-emmentaler--page-3.png
001323.png,note4,4,0,lg-124741354-aug-emmentaler--page-3.png
001324.png,note4,4,-3,lg-124741354-aug-emmentaler--page-3.png
001325.png,note4,4,-5,lg-124741354-aug-emmentaler--page-3.png
001326.png,note1,1,3,lg-124741354-aug-emmentaler--page-3.png
001327.png,note1,1,-4,lg-124741354-aug-emmentaler--page-3.png
001328.png,note4,8*2/3,-6,lg-124741354-aug-emmentaler--page-3.png
001329.png,note4,8,-8,lg-124741354-aug-emmentaler--page-3.png
001330.png,note4,8,-7,lg-124741354-aug-emmentaler--page-3.png
001331.png,note4,8,-6,lg-124741354-aug-emmentaler--page-3.png
001332.png,note4,8,-4,lg-124741354-aug-emmentaler--page-3.png
001333.png,note2,2,3,lg-124741354-aug-emmentaler--page-3.png
001334.png,note2,2,0,lg-124741354-aug-emmentaler--page-3.png
001335.png,note2,2,-2,lg-124741354-aug-emmentaler--page-3.png
001336.png,note2,2,-2,lg-124741354-aug-emmentaler--page-3.png
001337.png,note2,2,-7,lg-124741354-aug-emmentaler--page-3.png
001338.png,note2,2,3,lg-124741354-aug-emmentaler--page-3.png
001339.png,note2,2,0,lg-124741354-aug-emmentaler--page-3.png
001340.png,note2,2,-4,lg-124741354-aug-emmentaler--page-3.png
001341.png,note4,8,-9,lg-124741354-aug-emmentaler--page-3.png
001342.png,note2,2,-2,lg-124741354-aug-emmentaler--page-3.png
001343.png,note4,8,-3,lg-124741354-aug-emmentaler--page-3.png
001344.png,note4,8,-2,lg-124741354-aug-emmentaler--page-3.png
001345.png,note1,1,-2,lg-124741354-aug-emmentaler--page-3.png
001346.png,note1,1,-9,lg-124741354-aug-emmentaler--page-3.png
001347.png,note1,1,2,lg-124741354-aug-emmentaler--page-3.png
001348.png,note1,1,0,lg-124741354-aug-emmentaler--page-3.png
001349.png,note1,1,-3,lg-124741354-aug-emmentaler--page-3.png
001350.png,note4,8,-1,lg-124741354-aug-emmentaler--page-3.png
001351.png,note4,16,-1,lg-124741354-aug-emmentaler--page-3.png
001352.png,note4,16,-3,lg-124741354-aug-emmentaler--page-3.png
001353.png,note4,16,-2,lg-124741354-aug-emmentaler--page-3.png
001354.png,note4,16,-4,lg-124741354-aug-emmentaler--page-3.png
001355.png,note4,16,-3,lg-124741354-aug-emmentaler--page-3.png
001356.png,note4,16,-2,lg-124741354-aug-emmentaler--page-3.png
001357.png,note4,16,-1,lg-124741354-aug-emmentaler--page-3.png
001358.png,note1,1,2,lg-124741354-aug-emmentaler--page-3.png
001359.png,note1,1,-5,lg-124741354-aug-emmentaler--page-3.png
001360.png,note4,16,0,lg-124741354-aug-emmentaler--page-3.png
001361.png,note4,16,-5,lg-124741354-aug-emmentaler--page-3.png
001362.png,note4,16,-4,lg-124741354-aug-emmentaler--page-3.png
001363.png,note4,16,-3,lg-124741354-aug-emmentaler--page-3.png
001364.png,note1,1,-6,lg-124741354-aug-emmentaler--page-3.png
001365.png,note1,1,1,lg-124741354-aug-emmentaler--page-3.png
001366.png,note2,2,-2,lg-124741354-aug-emmentaler--page-3.png
001367.png,note2,2,-4,lg-124741354-aug-emmentaler--page-3.png
001368.png,note2,2,-7,lg-124741354-aug-emmentaler--page-3.png
001369.png,note4,16,-6,lg-124741354-aug-emmentaler--page-3.png
001370.png,note4,16,-4,lg-124741354-aug-emmentaler--page-3.png
001371.png,note4,16,-3,lg-124741354-aug-emmentaler--page-3.png
001372.png,note4,16,-2,lg-124741354-aug-emmentaler--page-3.png
001373.png,note4,16,-5,lg-124741354-aug-emmentaler--page-3.png
001374.png,note4,16,1,lg-345691418736568093-aug-beethoven--page-2.png
001375.png,note4,8,-3,lg-345691418736568093-aug-beethoven--page-2.png
001376.png,note4,16,-2,lg-345691418736568093-aug-beethoven--page-2.png
001377.png,note4,16,2,lg-345691418736568093-aug-beethoven--page-2.png
001378.png,note4,8,9,lg-345691418736568093-aug-beethoven--page-2.png
001379.png,note4,16,0,lg-345691418736568093-aug-beethoven--page-2.png
001380.png,note4,16,4,lg-345691418736568093-aug-beethoven--page-2.png
001381.png,note4,16,-1,lg-345691418736568093-aug-beethoven--page-2.png
001382.png,note4,16,3,lg-345691418736568093-aug-beethoven--page-2.png
001383.png,note4,16,2,lg-345691418736568093-aug-beethoven--page-2.png
001384.png,note4,4,-8,lg-345691418736568093-aug-beethoven--page-2.png
001385.png,note4,4,-5,lg-345691418736568093-aug-beethoven--page-2.png
001386.png,note4,4,-3,lg-345691418736568093-aug-beethoven--page-2.png
001387.png,note4,4,0,lg-345691418736568093-aug-beethoven--page-2.png
001388.png,note4,4,0,lg-345691418736568093-aug-beethoven--page-2.png
001389.png,note4,4,-5,lg-345691418736568093-aug-beethoven--page-2.png
001390.png,note4,4,-2,lg-345691418736568093-aug-beethoven--page-2.png
001391.png,note4,4,-4,lg-345691418736568093-aug-beethoven--page-2.png
001392.png,note4,4,-7,lg-345691418736568093-aug-beethoven--page-2.png
001393.png,note4,16,-3,lg-345691418736568093-aug-beethoven--page-2.png
001394.png,note4,16,-1,lg-345691418736568093-aug-beethoven--page-2.png
001395.png,note4,16,1,lg-345691418736568093-aug-beethoven--page-2.png
001396.png,note4,16,0,lg-345691418736568093-aug-beethoven--page-2.png
001397.png,note4,16,2,lg-345691418736568093-aug-beethoven--page-2.png
001398.png,note4,16,-1,lg-345691418736568093-aug-beethoven--page-2.png
001399.png,note4,4,7,lg-345691418736568093-aug-beethoven--page-2.png
001400.png,note4,16,-2,lg-345691418736568093-aug-beethoven--page-2.png
001401.png,note4,16,0,lg-345691418736568093-aug-beethoven--page-2.png
001402.png,note4,4,-4,lg-345691418736568093-aug-beethoven--page-2.png
001403.png,note4,4,-3,lg-345691418736568093-aug-beethoven--page-2.png
001404.png,note4,4,8,lg-345691418736568093-aug-beethoven--page-2.png
001405.png,note4,16,-1,lg-345691418736568093-aug-beethoven--page-2.png
001406.png,note4,16,2,lg-345691418736568093-aug-beethoven--page-2.png
001407.png,note4,4,-3,lg-345691418736568093-aug-beethoven--page-2.png
001408.png,note4,4,-8,lg-345691418736568093-aug-beethoven--page-2.png
001409.png,note4,4,-6,lg-345691418736568093-aug-beethoven--page-2.png
001410.png,note4,4,-4,lg-345691418736568093-aug-beethoven--page-2.png
001411.png,note8,16,-4,lg-345691418736568093-aug-beethoven--page-2.png
001412.png,note8,16,-2,lg-345691418736568093-aug-beethoven--page-2.png
001413.png,note4,16,0,lg-345691418736568093-aug-beethoven--page-2.png
001414.png,note4,16,3,lg-345691418736568093-aug-beethoven--page-2.png
001415.png,note4,16,4,lg-345691418736568093-aug-beethoven--page-2.png
001416.png,note4,16,3,lg-345691418736568093-aug-beethoven--page-2.png
001417.png,note4,16,4,lg-345691418736568093-aug-beethoven--page-2.png
001418.png,note4,16,2,lg-345691418736568093-aug-beethoven--page-2.png
001419.png,note4,4,2,lg-345691418736568093-aug-beethoven--page-2.png
001420.png,note4,4,4,lg-345691418736568093-aug-beethoven--page-2.png
001421.png,note4,16,5,lg-345691418736568093-aug-beethoven--page-2.png
001422.png,note4,4,-5,lg-345691418736568093-aug-beethoven--page-2.png
001423.png,note4,4,-5,lg-345691418736568093-aug-beethoven--page-2.png
001424.png,note4,4,-1,lg-345691418736568093-aug-beethoven--page-2.png
001425.png,note4,4,-5,lg-345691418736568093-aug-beethoven--page-2.png
001426.png,note4,4,-3,lg-345691418736568093-aug-beethoven--page-2.png
001427.png,note4,4,-1,lg-345691418736568093-aug-beethoven--page-2.png
001428.png,note4,4,-4,lg-345691418736568093-aug-beethoven--page-2.png
001429.png,note4,4,-6,lg-345691418736568093-aug-beethoven--page-2.png
001430.png,note4,4,-3,lg-345691418736568093-aug-beethoven--page-2.png
001431.png,note4,16,5,lg-345691418736568093-aug-beethoven--page-2.png
001432.png,note4,4,3,lg-345691418736568093-aug-beethoven--page-2.png
001433.png,note4,8,2,lg-345691418736568093-aug-beethoven--page-2.png
001434.png,note4,8,4,lg-345691418736568093-aug-beethoven--page-2.png
001435.png,note4,16,3,lg-345691418736568093-aug-beethoven--page-2.png
001436.png,note4,16,2,lg-345691418736568093-aug-beethoven--page-2.png
001437.png,note4,16,4,lg-345691418736568093-aug-beethoven--page-2.png
001438.png,note4,4,1,lg-345691418736568093-aug-beethoven--page-2.png
001439.png,note4,16,6,lg-345691418736568093-aug-beethoven--page-2.png
001440.png,note16,8,0,lg-345691418736568093-aug-beethoven--page-2.png
001441.png,note16,8,2,lg-345691418736568093-aug-beethoven--page-2.png
001442.png,note16,16,5,lg-345691418736568093-aug-beethoven--page-2.png
001443.png,note16,16,5,lg-345691418736568093-aug-beethoven--page-2.png
001444.png,note4,16,4,lg-345691418736568093-aug-beethoven--page-2.png
001445.png,note4,16,3,lg-345691418736568093-aug-beethoven--page-2.png
001446.png,note4,4,-2,lg-345691418736568093-aug-beethoven--page-2.png
001447.png,note4,4,-5,lg-345691418736568093-aug-beethoven--page-2.png
001448.png,note4,4,-3,lg-345691418736568093-aug-beethoven--page-2.png
001449.png,note4,4,-2,lg-345691418736568093-aug-beethoven--page-2.png
001450.png,note4,16,-1,lg-345691418736568093-aug-beethoven--page-2.png
001451.png,note4,16,-4,lg-345691418736568093-aug-beethoven--page-2.png
001452.png,note8,16,-1,lg-345691418736568093-aug-beethoven--page-2.png
001453.png,note8,16,-4,lg-345691418736568093-aug-beethoven--page-2.png
001454.png,note4,4,3,lg-345691418736568093-aug-beethoven--page-2.png
001455.png,note4,16,-1,lg-345691418736568093-aug-beethoven--page-2.png
001456.png,note4,16,-6,lg-345691418736568093-aug-beethoven--page-2.png
001457.png,note4,4,-3,lg-345691418736568093-aug-beethoven--page-2.png
001458.png,note4,4,-6,lg-345691418736568093-aug-beethoven--page-2.png
001459.png,note4,4,-4,lg-345691418736568093-aug-beethoven--page-2.png
001460.png,note4,4,-1,lg-345691418736568093-aug-beethoven--page-2.png
001461.png,note4,4,-3,lg-345691418736568093-aug-beethoven--page-2.png
001462.png,note4,16,-2,lg-345691418736568093-aug-beethoven--page-2.png
001463.png,note4,16,2,lg-345691418736568093-aug-beethoven--page-2.png
001464.png,note4,16,0,lg-345691418736568093-aug-beethoven--page-2.png
001465.png,note8,8,2,lg-345691418736568093-aug-beethoven--page-2.png
001466.png,note8,16,-1,lg-345691418736568093-aug-beethoven--page-2.png
001467.png,note8,16,1,lg-345691418736568093-aug-beethoven--page-2.png
001468.png,note4,4,-5,lg-345691418736568093-aug-beethoven--page-2.png
001469.png,note4,16,-3,lg-345691418736568093-aug-beethoven--page-2.png
001470.png,note4,16,-3,lg-345691418736568093-aug-beethoven--page-2.png
001471.png,note4,16,-5,lg-345691418736568093-aug-beethoven--page-2.png
001472.png,note4,4,-2,lg-345691418736568093-aug-beethoven--page-2.png
001473.png,note4,4,-3,lg-345691418736568093-aug-beethoven--page-2.png
001474.png,note4,4,-2,lg-345691418736568093-aug-beethoven--page-2.png
001475.png,note4,8,-3,lg-345691418736568093-aug-beethoven--page-2.png
001476.png,note4,16,-5,lg-345691418736568093-aug-beethoven--page-2.png
001477.png,note4,16,2,lg-345691418736568093-aug-beethoven--page-2.png
001478.png,note4,4,0,lg-345691418736568093-aug-beethoven--page-2.png
001479.png,note4,4,-8,lg-345691418736568093-aug-beethoven--page-2.png
001480.png,note4,4,-5,lg-345691418736568093-aug-beethoven--page-2.png
001481.png,note4,4,-3,lg-345691418736568093-aug-beethoven--page-2.png
001482.png,note4,4,0,lg-345691418736568093-aug-beethoven--page-2.png
001483.png,note4,8,4,lg-345691418736568093-aug-beethoven--page-2.png
001484.png,note4,16,2,lg-345691418736568093-aug-beethoven--page-2.png
001485.png,note4,16,-3,lg-345691418736568093-aug-beethoven--page-2.png
001486.png,note4,16,-2,lg-345691418736568093-aug-beethoven--page-2.png
001487.png,note4,16,-5,lg-345691418736568093-aug-beethoven--page-2.png
001488.png,note4,16,-4,lg-345691418736568093-aug-beethoven--page-2.png
001489.png,note4,16,1,lg-345691418736568093-aug-beethoven--page-2.png
001490.png,note4,16,-7,lg-345691418736568093-aug-beethoven--page-2.png
001491.png,note4,16,4,lg-345691418736568093-aug-beethoven--page-2.png
001492.png,note4,16,0,lg-345691418736568093-aug-beethoven--page-2.png
001493.png,note4,16,3,lg-345691418736568093-aug-beethoven--page-2.png
001494.png,note4,16,1,lg-345691418736568093-aug-beethoven--page-2.png
001495.png,note4,16,3,lg-345691418736568093-aug-beethoven--page-2.png
001496.png,note4,16,1,lg-345691418736568093-aug-beethoven--page-2.png
001497.png,note4,16,5,lg-345691418736568093-aug-beethoven--page-2.png
001498.png,note4,4,6,lg-345691418736568093-aug-beethoven--page-2.png
001499.png,note4,16,2,lg-345691418736568093-aug-beethoven--page-2.png
001500.png,note4,16,4,lg-345691418736568093-aug-beethoven--page-2.png
001501.png,note4,4,-7,lg-345691418736568093-aug-beethoven--page-2.png
001502.png,note4,4,-8,lg-345691418736568093-aug-beethoven--page-2.png
001503.png,note4,4,-5,lg-345691418736568093-aug-beethoven--page-2.png
001504.png,note4,4,-3,lg-345691418736568093-aug-beethoven--page-2.png
001505.png,note4,4,-7,lg-345691418736568093-aug-beethoven--page-2.png
001506.png,note4,4,-5,lg-345691418736568093-aug-beethoven--page-2.png
001507.png,note4,4,-3,lg-345691418736568093-aug-beethoven--page-2.png
001508.png,note4,16,-2,lg-345691418736568093-aug-beethoven--page-2.png
001509.png,note4,16,4,lg-345691418736568093-aug-beethoven--page-2.png
001510.png,note4,16,-2,lg-345691418736568093-aug-beethoven--page-2.png
001511.png,note4,16,0,lg-345691418736568093-aug-beethoven--page-2.png
001512.png,note4,4,4,lg-345691418736568093-aug-beethoven--page-2.png
001513.png,note4,16,-1,lg-345691418736568093-aug-beethoven--page-2.png
001514.png,note4,16,1,lg-345691418736568093-aug-beethoven--page-2.png
001515.png,note4,4,-5,lg-345691418736568093-aug-beethoven--page-2.png
001516.png,note4,4,-8,lg-345691418736568093-aug-beethoven--page-2.png
001517.png,note4,4,-6,lg-345691418736568093-aug-beethoven--page-2.png
001518.png,note4,16,-5,lg-345691418736568093-aug-beethoven--page-2.png
001519.png,note4,4,7,lg-345691418736568093-aug-beethoven--page-2.png
001520.png,note4,16,-3,lg-345691418736568093-aug-beethoven--page-2.png
001521.png,note4,16,6,lg-345691418736568093-aug-beethoven--page-2.png
001522.png,note4,16,5,lg-345691418736568093-aug-beethoven--page-2.png
001523.png,note4,16,7,lg-345691418736568093-aug-beethoven--page-2.png
001524.png,note4,4,-4,lg-345691418736568093-aug-beethoven--page-2.png
001525.png,note4,4,-5,lg-345691418736568093-aug-beethoven--page-2.png
001526.png,note4,4,-7,lg-345691418736568093-aug-beethoven--page-2.png
001527.png,note4,16,-4,lg-345691418736568093-aug-beethoven--page-2.png
001528.png,note4,4,-4,lg-345691418736568093-aug-beethoven--page-2.png
001529.png,note4,32,2,lg-345691418736568093-aug-beethoven--page-2.png
001530.png,note4,32,1,lg-345691418736568093-aug-beethoven--page-2.png
001531.png,note4,32,3,lg-345691418736568093-aug-beethoven--page-2.png
001532.png,note4,32,-1,lg-345691418736568093-aug-beethoven--page-2.png
001533.png,note4,32,0,lg-345691418736568093-aug-beethoven--page-2.png
001534.png,note4,4,-2,lg-345691418736568093-aug-beethoven--page-2.png
001535.png,note4,4,0,lg-345691418736568093-aug-beethoven--page-2.png
001536.png,note4,32,4,lg-345691418736568093-aug-beethoven--page-2.png
001537.png,note4,32,5,lg-345691418736568093-aug-beethoven--page-2.png
001538.png,note4,16,4,lg-345691418736568093-aug-beethoven--page-2.png
001539.png,note4,4,-2,lg-345691418736568093-aug-beethoven--page-2.png
001540.png,note4,4,-5,lg-345691418736568093-aug-beethoven--page-2.png
001541.png,note4,4,-3,lg-345691418736568093-aug-beethoven--page-2.png
001542.png,note4,8,2,lg-345691418736568093-aug-beethoven--page-2.png
001543.png,note4,8,10,lg-345691418736568093-aug-beethoven--page-2.png
001544.png,note4,16,6,lg-345691418736568093-aug-beethoven--page-2.png
001545.png,note4,32,4,lg-345691418736568093-aug-beethoven--page-2.png
001546.png,note4,32,5,lg-345691418736568093-aug-beethoven--page-2.png
001547.png,note4,4,1,lg-345691418736568093-aug-beethoven--page-2.png
001548.png,note4,32,6,lg-345691418736568093-aug-beethoven--page-2.png
001549.png,note4,4,1,lg-345691418736568093-aug-beethoven--page-2.png
001550.png,note4,4,3,lg-345691418736568093-aug-beethoven--page-2.png
001551.png,note4,4,-3,lg-345691418736568093-aug-beethoven--page-2.png
001552.png,note4,4,-4,lg-345691418736568093-aug-beethoven--page-2.png
001553.png,note4,4,-1,lg-345691418736568093-aug-beethoven--page-2.png
001554.png,note4,4,-3,lg-345691418736568093-aug-beethoven--page-2.png
001555.png,note4,32,4,lg-345691418736568093-aug-beethoven--page-2.png
001556.png,note4,32,5,lg-345691418736568093-aug-beethoven--page-2.png
001557.png,note4,32,-3,lg-345691418736568093-aug-beethoven--page-2.png
001558.png,note4,32,-2,lg-345691418736568093-aug-beethoven--page-2.png
001559.png,note4,32,-1,lg-345691418736568093-aug-beethoven--page-2.png
001560.png,note4,32,-1,lg-345691418736568093-aug-beethoven--page-2.png
001561.png,note4,32,-2,lg-345691418736568093-aug-beethoven--page-2.png
001562.png,note4,32,-1,lg-345691418736568093-aug-beethoven--page-2.png
001563.png,note8,32,0,lg-345691418736568093-aug-beethoven--page-2.png
001564.png,note4,32,-3,lg-345691418736568093-aug-beethoven--page-2.png
001565.png,note4,32,2,lg-345691418736568093-aug-beethoven--page-2.png
001566.png,note4,32,3,lg-345691418736568093-aug-beethoven--page-2.png
001567.png,note16,16,4,lg-345691418736568093-aug-beethoven--page-2.png
001568.png,note16,8,0,lg-345691418736568093-aug-beethoven--page-2.png
001569.png,note16,8,2,lg-345691418736568093-aug-beethoven--page-2.png
001570.png,note4,32,-1,lg-345691418736568093-aug-beethoven--page-2.png
001571.png,note4,32,-2,lg-345691418736568093-aug-beethoven--page-2.png
001572.png,note4,4,2,lg-345691418736568093-aug-beethoven--page-2.png
001573.png,note4,4,4,lg-345691418736568093-aug-beethoven--page-2.png
001574.png,note4,4,-5,lg-345691418736568093-aug-beethoven--page-2.png
001575.png,note4,4,-5,lg-345691418736568093-aug-beethoven--page-2.png
001576.png,note4,4,-1,lg-345691418736568093-aug-beethoven--page-2.png
001577.png,note4,4,-5,lg-345691418736568093-aug-beethoven--page-2.png
001578.png,note8,4,-5,lg-345691418736568093-aug-beethoven--page-2.png
001579.png,note8,4,-3,lg-345691418736568093-aug-beethoven--page-2.png
001580.png,note8,4,-7,lg-345691418736568093-aug-beethoven--page-2.png
001581.png,note8,4,-8,lg-345691418736568093-aug-beethoven--page-2.png
001582.png,note4,16,-1,lg-345691418736568093-aug-beethoven--page-2.png
001583.png,note4,16,6,lg-345691418736568093-aug-beethoven--page-2.png
001584.png,note4,16,7,lg-345691418736568093-aug-beethoven--page-2.png
001585.png,note4,4,6,lg-345691418736568093-aug-beethoven--page-2.png
001586.png,note4,16,8,lg-345691418736568093-aug-beethoven--page-2.png
001587.png,note8,4,-7,lg-345691418736568093-aug-beethoven--page-2.png
001588.png,note4,4,0,lg-345691418736568093-aug-beethoven--page-2.png
001589.png,note4,8,2,lg-345691418736568093-aug-beethoven--page-2.png
001590.png,note4,4,7,lg-345691418736568093-aug-beethoven--page-2.png
001591.png,note4,16,4,lg-345691418736568093-aug-beethoven--page-2.png
001592.png,note4,4,-4,lg-345691418736568093-aug-beethoven--page-2.png
001593.png,note4,4,-5,lg-345691418736568093-aug-beethoven--page-2.png
001594.png,note4,4,-4,lg-345691418736568093-aug-beethoven--page-2.png
001595.png,note4,4,-4,lg-345691418736568093-aug-beethoven--page-2.png
001596.png,note4,16,7,lg-345691418736568093-aug-beethoven--page-2.png
001597.png,note8,8,2,lg-345691418736568093-aug-beethoven--page-2.png
001598.png,note8,16,6,lg-345691418736568093-aug-beethoven--page-2.png
001599.png,note4,16,5,lg-345691418736568093-aug-beethoven--page-2.png
001600.png,note4,4.,2,lg-345691418736568093-aug-beethoven--page-2.png
001601.png,note4,4,7,lg-345691418736568093-aug-beethoven--page-2.png
001602.png,note4,16,1,lg-345691418736568093-aug-beethoven--page-2.png
001603.png,note4,4,-4,lg-345691418736568093-aug-beethoven--page-2.png
001604.png,note4,4,-5,lg-345691418736568093-aug-beethoven--page-2.png
001605.png,note4,4,-2,lg-345691418736568093-aug-beethoven--page-2.png
001606.png,note4,4,0,lg-345691418736568093-aug-beethoven--page-2.png
001607.png,note4,4,-4,lg-345691418736568093-aug-beethoven--page-2.png
001608.png,note4,16,4,lg-345691418736568093-aug-beethoven--page-2.png
001609.png,note4,16,6,lg-345691418736568093-aug-beethoven--page-2.png
001610.png,note4,8,9,lg-345691418736568093-aug-beethoven--page-2.png
001611.png,note4,8,3,lg-345691418736568093-aug-beethoven--page-2.png
001612.png,note4,4,0,lg-345691418736568093-aug-beethoven--page-2.png
001613.png,note4,4,-5,lg-345691418736568093-aug-beethoven--page-2.png
001614.png,note4,4,-3,lg-345691418736568093-aug-beethoven--page-2.png
001615.png,note4,4,-1,lg-345691418736568093-aug-beethoven--page-2.png
001616.png,note4,4,0,lg-345691418736568093-aug-beethoven--page-2.png
001617.png,note4,16,6,lg-345691418736568093-aug-beethoven--page-2.png
001618.png,note4,8,6,lg-345691418736568093-aug-beethoven--page-2.png
001619.png,note4,16,5,lg-345691418736568093-aug-beethoven--page-2.png
001620.png,note4,16,3,lg-345691418736568093-aug-beethoven--page-2.png
001621.png,note4,16,6,lg-345691418736568093-aug-beethoven--page-2.png
001622.png,note4,8,3,lg-345691418736568093-aug-beethoven--page-2.png
001623.png,note4,4,8,lg-345691418736568093-aug-beethoven--page-2.png
001624.png,note4,16,5,lg-345691418736568093-aug-beethoven--page-2.png
001625.png,note4,16,2,lg-345691418736568093-aug-beethoven--page-2.png
001626.png,note4,8,5,lg-345691418736568093-aug-beethoven--page-2.png
001627.png,note4,4,-3,lg-345691418736568093-aug-beethoven--page-2.png
001628.png,note4,4,-6,lg-345691418736568093-aug-beethoven--page-2.png
001629.png,note4,4,-4,lg-345691418736568093-aug-beethoven--page-2.png
001630.png,note4,4,-1,lg-345691418736568093-aug-beethoven--page-2.png
001631.png,note4,4,-3,lg-345691418736568093-aug-beethoven--page-2.png
001632.png,note4,32,-1,lg-345691418736568093-aug-beethoven--page-2.png
001633.png,note4,16,0,lg-345691418736568093-aug-beethoven--page-2.png
001634.png,note4,16,-2,lg-345691418736568093-aug-beethoven--page-2.png
001635.png,note4,32,-4,lg-345691418736568093-aug-beethoven--page-2.png
001636.png,note4,32,-2,lg-345691418736568093-aug-beethoven--page-2.png
001637.png,note4,32,-3,lg-345691418736568093-aug-beethoven--page-2.png
001638.png,note4,32,0,lg-345691418736568093-aug-beethoven--page-2.png
001639.png,note4,32,2,lg-345691418736568093-aug-beethoven--page-2.png
001640.png,note4,32,1,lg-345691418736568093-aug-beethoven--page-2.png
001641.png,note4,32,-1,lg-345691418736568093-aug-beethoven--page-2.png
001642.png,note4,32,-4,lg-345691418736568093-aug-beethoven--page-2.png
001643.png,note4,32,-2,lg-345691418736568093-aug-beethoven--page-2.png
001644.png,note4,32,-5,lg-345691418736568093-aug-beethoven--page-2.png
001645.png,note4,32,-3,lg-345691418736568093-aug-beethoven--page-2.png
001646.png,note16,8,2,lg-345691418736568093-aug-beethoven--page-2.png
001647.png,note16,32,-3,lg-345691418736568093-aug-beethoven--page-2.png
001648.png,note16,32,-1,lg-345691418736568093-aug-beethoven--page-2.png
001649.png,note4,4,-3,lg-345691418736568093-aug-beethoven--page-2.png
001650.png,note4,4,-7,lg-345691418736568093-aug-beethoven--page-2.png
001651.png,note4,4,-5,lg-345691418736568093-aug-beethoven--page-2.png
001652.png,note4,4,-8,lg-345691418736568093-aug-beethoven--page-2.png
001653.png,note4,4,-7,lg-345691418736568093-aug-beethoven--page-2.png
001654.png,note4,32,-3,lg-345691418736568093-aug-beethoven--page-2.png
001655.png,note4,32,-1,lg-345691418736568093-aug-beethoven--page-2.png
001656.png,note4,32,-4,lg-345691418736568093-aug-beethoven--page-2.png
001657.png,note4,32,-2,lg-345691418736568093-aug-beethoven--page-2.png
001658.png,note4,32,0,lg-345691418736568093-aug-beethoven--page-2.png
001659.png,note4,32,-2,lg-345691418736568093-aug-beethoven--page-2.png
001660.png,note4,32,-2,lg-345691418736568093-aug-beethoven--page-2.png
001661.png,note4,32,-4,lg-345691418736568093-aug-beethoven--page-2.png
001662.png,note4,32,-1,lg-345691418736568093-aug-beethoven--page-2.png
001663.png,note4,32,-3,lg-345691418736568093-aug-beethoven--page-2.png
001664.png,note4,32,-2,lg-345691418736568093-aug-beethoven--page-2.png
001665.png,note4,32,-4,lg-345691418736568093-aug-beethoven--page-2.png
001666.png,note4,32,-3,lg-345691418736568093-aug-beethoven--page-2.png
001667.png,note4,32,-5,lg-345691418736568093-aug-beethoven--page-2.png
001668.png,note4,4,-5,lg-345691418736568093-aug-beethoven--page-2.png
001669.png,note4,4,-1,lg-345691418736568093-aug-beethoven--page-2.png
001670.png,note4,4,-5,lg-345691418736568093-aug-beethoven--page-2.png
001671.png,note4,4,-8,lg-345691418736568093-aug-beethoven--page-2.png
001672.png,note4,4,-5,lg-345691418736568093-aug-beethoven--page-2.png
001673.png,note4,4,2,lg-345691418736568093-aug-beethoven--page-2.png
001674.png,note4,32,-1,lg-345691418736568093-aug-beethoven--page-2.png
001675.png,note4,32,-3,lg-345691418736568093-aug-beethoven--page-2.png
001676.png,note4,4.,2,lg-345691418736568093-aug-beethoven--page-2.png
001677.png,note4,4,-4,lg-345691418736568093-aug-beethoven--page-2.png
001678.png,note4,4,-2,lg-345691418736568093-aug-beethoven--page-2.png
001679.png,note4,4,-5,lg-345691418736568093-aug-beethoven--page-2.png
001680.png,note4,4,-7,lg-345691418736568093-aug-beethoven--page-2.png
001681.png,note4,4,-4,lg-345691418736568093-aug-beethoven--page-2.png
001682.png,note4,16,-2,lg-345691418736568093-aug-beethoven--page-2.png
001683.png,note4,16,0,lg-345691418736568093-aug-beethoven--page-2.png
001684.png,note4,32,-3,lg-345691418736568093-aug-beethoven--page-2.png
001685.png,note4,32,2,lg-345691418736568093-aug-beethoven--page-2.png
001686.png,note4,32,-1,lg-345691418736568093-aug-beethoven--page-2.png
001687.png,note4,32,-3,lg-345691418736568093-aug-beethoven--page-2.png
001688.png,note4,32,-1,lg-345691418736568093-aug-beethoven--page-2.png
001689.png,note4,32,2,lg-345691418736568093-aug-beethoven--page-2.png
001690.png,note4,32,-2,lg-345691418736568093-aug-beethoven--page-2.png
001691.png,note4,32,1,lg-345691418736568093-aug-beethoven--page-2.png
001692.png,note4,32,5,lg-345691418736568093-aug-beethoven--page-2.png
001693.png,note4,32,0,lg-345691418736568093-aug-beethoven--page-2.png
001694.png,note4,32,4,lg-345691418736568093-aug-beethoven--page-2.png
001695.png,note4,32,2,lg-345691418736568093-aug-beethoven--page-2.png
001696.png,note4,32,6,lg-345691418736568093-aug-beethoven--page-2.png
001697.png,note4,32,1,lg-345691418736568093-aug-beethoven--page-2.png
001698.png,note4,32,2,lg-345691418736568093-aug-beethoven--page-2.png
001699.png,note4,32,2,lg-345691418736568093-aug-beethoven--page-2.png
001700.png,note4,32,1,lg-345691418736568093-aug-beethoven--page-2.png
001701.png,note4,32,3,lg-345691418736568093-aug-beethoven--page-2.png
001702.png,note4,8,6,lg-345691418736568093-aug-beethoven--page-2.png
001703.png,note4,32,3,lg-345691418736568093-aug-beethoven--page-2.png
001704.png,note4,32,1,lg-345691418736568093-aug-beethoven--page-2.png
001705.png,note4,4,-4,lg-345691418736568093-aug-beethoven--page-2.png
001706.png,note4,32,-1,lg-345691418736568093-aug-beethoven--page-2.png
001707.png,note4,32,1,lg-345691418736568093-aug-beethoven--page-2.png
001708.png,note4,4,-2,lg-345691418736568093-aug-beethoven--page-2.png
001709.png,note4,32,0,lg-345691418736568093-aug-beethoven--page-2.png
001710.png,note4,32,2,lg-345691418736568093-aug-beethoven--page-2.png
001711.png,note4,32,-1,lg-345691418736568093-aug-beethoven--page-2.png
001712.png,note4,32,1,lg-345691418736568093-aug-beethoven--page-2.png
001713.png,note4,32,-2,lg-345691418736568093-aug-beethoven--page-2.png
001714.png,note4,32,0,lg-345691418736568093-aug-beethoven--page-2.png
001715.png,note4,4,-5,lg-345691418736568093-aug-beethoven--page-2.png
001716.png,note4,4,-7,lg-345691418736568093-aug-beethoven--page-2.png
001717.png,note4,4,-4,lg-345691418736568093-aug-beethoven--page-2.png
001718.png,note4,8,2,lg-345691418736568093-aug-beethoven--page-2.png
001719.png,note4,16,-2,lg-345691418736568093-aug-beethoven--page-2.png
001720.png,note4,16,0,lg-345691418736568093-aug-beethoven--page-2.png
001721.png,note4,32,0,lg-345691418736568093-aug-beethoven--page-2.png
001722.png,note4,32,2,lg-345691418736568093-aug-beethoven--page-2.png
001723.png,note4,4,-4,lg-345691418736568093-aug-beethoven--page-2.png
001724.png,note4,4,-3,lg-345691418736568093-aug-beethoven--page-2.png
001725.png,note4,4,-6,lg-345691418736568093-aug-beethoven--page-2.png
001726.png,note4,4,-3,lg-345691418736568093-aug-beethoven--page-2.png
001727.png,note4,8,3,lg-345691418736568093-aug-beethoven--page-2.png
001728.png,note4,32,-1,lg-345691418736568093-aug-beethoven--page-2.png
001729.png,note4,32,1,lg-345691418736568093-aug-beethoven--page-2.png
001730.png,note4,32,0,lg-345691418736568093-aug-beethoven--page-2.png
001731.png,note4,32,2,lg-345691418736568093-aug-beethoven--page-2.png
001732.png,note4,8,5,lg-345691418736568093-aug-beethoven--page-2.png
001733.png,note4,16,0,lg-345691418736568093-aug-beethoven--page-2.png
001734.png,note4,16,2,lg-345691418736568093-aug-beethoven--page-2.png
001735.png,note4,32,2,lg-345691418736568093-aug-beethoven--page-2.png
001736.png,note4,32,0,lg-345691418736568093-aug-beethoven--page-2.png
001737.png,note16,32,1,lg-345691418736568093-aug-beethoven--page-2.png
001738.png,note16,32,1,lg-345691418736568093-aug-beethoven--page-2.png
001739.png,note8,8,5,lg-345691418736568093-aug-beethoven--page-2.png
001740.png,note8,16,0,lg-345691418736568093-aug-beethoven--page-2.png
001741.png,note8,32,-1,lg-345691418736568093-aug-beethoven--page-2.png
001742.png,note4,32,0,lg-345691418736568093-aug-beethoven--page-2.png
001743.png,note4,8,3,lg-345691418736568093-aug-beethoven--page-2.png
001744.png,note4,32,-1,lg-345691418736568093-aug-beethoven--page-2.png
001745.png,note4,32,2,lg-345691418736568093-aug-beethoven--page-2.png
001746.png,note4,32,1,lg-345691418736568093-aug-beethoven--page-2.png
001747.png,note8,4,-4,lg-345691418736568093-aug-beethoven--page-2.png
001748.png,note4,4,7,lg-345691418736568093-aug-beethoven--page-2.png
001749.png,note4,8,2,lg-345691418736568093-aug-beethoven--page-2.png
001750.png,note8,16,-2,lg-345691418736568093-aug-beethoven--page-2.png
001751.png,note4,32,0,lg-345691418736568093-aug-beethoven--page-2.png
001752.png,note8,4,-5,lg-345691418736568093-aug-beethoven--page-2.png
001753.png,note4,32,-1,lg-345691418736568093-aug-beethoven--page-2.png
001754.png,note4,32,-2,lg-345691418736568093-aug-beethoven--page-2.png
001755.png,note4,4,8,lg-345691418736568093-aug-beethoven--page-2.png
001756.png,note8,4,-4,lg-345691418736568093-aug-beethoven--page-2.png
001757.png,note8,4,0,lg-345691418736568093-aug-beethoven--page-2.png
001758.png,note8,4,-2,lg-345691418736568093-aug-beethoven--page-2.png
001759.png,note4,32,4,lg-345691418736568093-aug-beethoven--page-2.png
001760.png,note4,32,5,lg-345691418736568093-aug-beethoven--page-2.png
001761.png,note4,8,6,lg-345691418736568093-aug-beethoven--page-2.png
001762.png,note4,32,3,lg-345691418736568093-aug-beethoven--page-2.png
001763.png,note4,4,0,lg-345691418736568093-aug-beethoven--page-2.png
001764.png,note4,4,-1,lg-345691418736568093-aug-beethoven--page-2.png
001765.png,note4,4,-3,lg-345691418736568093-aug-beethoven--page-2.png
001766.png,note4,4,-5,lg-345691418736568093-aug-beethoven--page-2.png
001767.png,note4,4,0,lg-345691418736568093-aug-beethoven--page-2.png
001768.png,note4,8,9,lg-345691418736568093-aug-beethoven--page-2.png
001769.png,note4,16,6,lg-345691418736568093-aug-beethoven--page-2.png
001770.png,note4,16,4,lg-345691418736568093-aug-beethoven--page-2.png
001771.png,note4,32,6,lg-345691418736568093-aug-beethoven--page-2.png
001772.png,note4,4,-3,lg-345691418736568093-aug-beethoven--page-2.png
001773.png,note4,4,-1,lg-345691418736568093-aug-beethoven--page-2.png
001774.png,note4,4,-4,lg-345691418736568093-aug-beethoven--page-2.png
001775.png,note4,4,-6,lg-345691418736568093-aug-beethoven--page-2.png
001776.png,note4,4,-3,lg-345691418736568093-aug-beethoven--page-2.png
001777.png,note4,32,2,lg-345691418736568093-aug-beethoven--page-2.png
001778.png,note4,32,1,lg-345691418736568093-aug-beethoven--page-2.png
001779.png,note4,32,0,lg-345691418736568093-aug-beethoven--page-2.png
001780.png,note4,16,-2,lg-345691418736568093-aug-beethoven--page-2.png
001781.png,note4,4,-4,lg-345691418736568093-aug-beethoven--page-2.png
001782.png,note4,4,0,lg-345691418736568093-aug-beethoven--page-2.png
001783.png,note4,4,-2,lg-345691418736568093-aug-beethoven--page-2.png
001784.png,note4,4,-5,lg-345691418736568093-aug-beethoven--page-2.png
001785.png,note4,4,-4,lg-345691418736568093-aug-beethoven--page-2.png
001786.png,note4,4,7,lg-345691418736568093-aug-beethoven--page-2.png
001787.png,note4,4.,2,lg-345691418736568093-aug-beethoven--page-2.png
001788.png,note4,32,-5,lg-345691418736568093-aug-beethoven--page-2.png
001789.png,note4,32,-4,lg-345691418736568093-aug-beethoven--page-2.png
001790.png,note8,8,2,lg-345691418736568093-aug-beethoven--page-2.png
001791.png,note8,32,-3,lg-345691418736568093-aug-beethoven--page-2.png
001792.png,note4,32,-4,lg-345691418736568093-aug-beethoven--page-2.png
001793.png,note4,32,-3,lg-345691418736568093-aug-beethoven--page-2.png
001794.png,note4,16,-2,lg-345691418736568093-aug-beethoven--page-2.png
001795.png,note4,32,-1,lg-345691418736568093-aug-beethoven--page-2.png
001796.png,note4,32,0,lg-345691418736568093-aug-beethoven--page-2.png
001797.png,note4,4,-7,lg-345691418736568093-aug-beethoven--page-2.png
001798.png,note4,4,-7,lg-345691418736568093-aug-beethoven--page-2.png
001799.png,note4,4,-1,lg-345691418736568093-aug-beethoven--page-2.png
001800.png,note4,4,-3,lg-345691418736568093-aug-beethoven--page-2.png
001801.png,note4,4,-5,lg-345691418736568093-aug-beethoven--page-2.png
001802.png,note4,4,6,lg-345691418736568093-aug-beethoven--page-2.png
001803.png,note4,32,-3,lg-345691418736568093-aug-beethoven--page-2.png
001804.png,note4,32,-4,lg-345691418736568093-aug-beethoven--page-2.png
001805.png,note4,32,3,lg-345691418736568093-aug-beethoven--page-2.png
001806.png,note4,32,3,lg-345691418736568093-aug-beethoven--page-2.png
001807.png,note4,32,2,lg-345691418736568093-aug-beethoven--page-2.png
001808.png,note4,32,4,lg-345691418736568093-aug-beethoven--page-2.png
001809.png,note4,32,5,lg-345691418736568093-aug-beethoven--page-2.png
001810.png,note4,32,1,lg-345691418736568093-aug-beethoven--page-2.png
001811.png,note4,32,4,lg-345691418736568093-aug-beethoven--page-2.png
001812.png,note4,32,2,lg-345691418736568093-aug-beethoven--page-2.png
001813.png,note4,32,1,lg-345691418736568093-aug-beethoven--page-2.png
001814.png,note4,32,1,lg-345691418736568093-aug-beethoven--page-2.png
001815.png,note4,32,3,lg-345691418736568093-aug-beethoven--page-2.png
001816.png,note4,32,0,lg-345691418736568093-aug-beethoven--page-2.png
001817.png,note4,32,2,lg-345691418736568093-aug-beethoven--page-2.png
001818.png,note4,32,1,lg-345691418736568093-aug-beethoven--page-2.png
001819.png,note4,32,3,lg-345691418736568093-aug-beethoven--page-2.png
001820.png,note8,16,2,lg-345691418736568093-aug-beethoven--page-2.png
001821.png,note4,32,2,lg-345691418736568093-aug-beethoven--page-2.png
001822.png,note8,8,0,lg-345691418736568093-aug-beethoven--page-2.png
001823.png,note8,16,4,lg-345691418736568093-aug-beethoven--page-2.png
001824.png,note4,16,4,lg-345691418736568093-aug-beethoven--page-2.png
001825.png,note4,4,-2,lg-345691418736568093-aug-beethoven--page-2.png
001826.png,note4,4,-3,lg-345691418736568093-aug-beethoven--page-2.png
001827.png,note4,4,-5,lg-345691418736568093-aug-beethoven--page-2.png
001828.png,note4,4,-7,lg-345691418736568093-aug-beethoven--page-2.png
001829.png,note4,4,-2,lg-345691418736568093-aug-beethoven--page-2.png
001830.png,note4,16,2,lg-345691418736568093-aug-beethoven--page-2.png
001831.png,note4,32,0,lg-345691418736568093-aug-beethoven--page-2.png
001832.png,note4,32,-1,lg-345691418736568093-aug-beethoven--page-2.png
001833.png,note4,32,5,lg-345691418736568093-aug-beethoven--page-2.png
001834.png,note4,32,3,lg-345691418736568093-aug-beethoven--page-2.png
001835.png,note4,32,4,lg-345691418736568093-aug-beethoven--page-2.png
001836.png,note4,32,2,lg-345691418736568093-aug-beethoven--page-2.png
001837.png,note4,8,2,lg-345691418736568093-aug-beethoven--page-2.png
001838.png,note4,16,6,lg-345691418736568093-aug-beethoven--page-2.png
001839.png,note4,16,4,lg-345691418736568093-aug-beethoven--page-2.png
001840.png,note4,4,-3,lg-345691418736568093-aug-beethoven--page-2.png
001841.png,note4,32,3,lg-345691418736568093-aug-beethoven--page-2.png
001842.png,note4,32,4,lg-345691418736568093-aug-beethoven--page-2.png
001843.png,note4,4,1,lg-345691418736568093-aug-beethoven--page-2.png
001844.png,note4,32,6,lg-345691418736568093-aug-beethoven--page-2.png
001845.png,note4,32,3,lg-345691418736568093-aug-beethoven--page-2.png
001846.png,note4,32,2,lg-345691418736568093-aug-beethoven--page-2.png
001847.png,note4,32,5,lg-345691418736568093-aug-beethoven--page-2.png
001848.png,note4,4,-1,lg-345691418736568093-aug-beethoven--page-2.png
001849.png,note4,4,-3,lg-345691418736568093-aug-beethoven--page-2.png
001850.png,note4,4,-4,lg-345691418736568093-aug-beethoven--page-2.png
001851.png,note4,4,-6,lg-345691418736568093-aug-beethoven--page-2.png
001852.png,note4,16,4,lg-252689430529936624-aug-lilyjazz--page-3.png
001853.png,note4,16,2,lg-252689430529936624-aug-lilyjazz--page-3.png
001854.png,note4,8.,5,lg-252689430529936624-aug-lilyjazz--page-3.png
001855.png,note4,8.,7,lg-252689430529936624-aug-lilyjazz--page-3.png
001856.png,note4,4,4,lg-252689430529936624-aug-lilyjazz--page-3.png
001857.png,note2,2,3,lg-252689430529936624-aug-lilyjazz--page-3.png
001858.png,note4,16,6,lg-252689430529936624-aug-lilyjazz--page-3.png
001859.png,note4,16,5,lg-252689430529936624-aug-lilyjazz--page-3.png
001860.png,note4,16,6,lg-252689430529936624-aug-lilyjazz--page-3.png
001861.png,note4,8.,3,lg-252689430529936624-aug-lilyjazz--page-3.png
001862.png,note4,4,7,lg-252689430529936624-aug-lilyjazz--page-3.png
001863.png,note4,8,6,lg-252689430529936624-aug-lilyjazz--page-3.png
001864.png,note4,16,1,lg-252689430529936624-aug-lilyjazz--page-3.png
001865.png,note4,4,7,lg-252689430529936624-aug-lilyjazz--page-3.png
001866.png,note4,8.,0,lg-252689430529936624-aug-lilyjazz--page-3.png
001867.png,note4,4,6,lg-252689430529936624-aug-lilyjazz--page-3.png
001868.png,note4,4,1,lg-252689430529936624-aug-lilyjazz--page-3.png
001869.png,note4,16,0,lg-252689430529936624-aug-lilyjazz--page-3.png
001870.png,note4,8,5,lg-252689430529936624-aug-lilyjazz--page-3.png
001871.png,note4,16,1,lg-252689430529936624-aug-lilyjazz--page-3.png
001872.png,note8,8,4,lg-252689430529936624-aug-lilyjazz--page-3.png
001873.png,note8,16,6,lg-252689430529936624-aug-lilyjazz--page-3.png
001874.png,note8,16,3,lg-252689430529936624-aug-lilyjazz--page-3.png
001875.png,note4,16,4,lg-252689430529936624-aug-lilyjazz--page-3.png
001876.png,note4,8,3,lg-252689430529936624-aug-lilyjazz--page-3.png
001877.png,note4,4,8,lg-252689430529936624-aug-lilyjazz--page-3.png
001878.png,note4,8.,2,lg-252689430529936624-aug-lilyjazz--page-3.png
001879.png,note2,2,2,lg-252689430529936624-aug-lilyjazz--page-3.png
001880.png,note4,4,7,lg-252689430529936624-aug-lilyjazz--page-3.png
001881.png,note4,8.,6,lg-252689430529936624-aug-lilyjazz--page-3.png
001882.png,note4,8,4,lg-252689430529936624-aug-lilyjazz--page-3.png
001883.png,note4,8.,7,lg-252689430529936624-aug-lilyjazz--page-3.png
001884.png,note4,8.,2,lg-252689430529936624-aug-lilyjazz--page-3.png
001885.png,note4,16,1,lg-252689430529936624-aug-lilyjazz--page-3.png
001886.png,note4,16,0,lg-252689430529936624-aug-lilyjazz--page-3.png
001887.png,note4,16,6,lg-252689430529936624-aug-lilyjazz--page-3.png
001888.png,note4,32,7,lg-252689430529936624-aug-lilyjazz--page-3.png
001889.png,note4,4,-1,lg-252689430529936624-aug-lilyjazz--page-3.png
001890.png,note4,8.,-1,lg-252689430529936624-aug-lilyjazz--page-3.png
001891.png,note4,32,6,lg-252689430529936624-aug-lilyjazz--page-3.png
001892.png,note4,8.,8,lg-252689430529936624-aug-lilyjazz--page-3.png
001893.png,note4,8.,7,lg-252689430529936624-aug-lilyjazz--page-3.png
001894.png,note4,4,7,lg-252689430529936624-aug-lilyjazz--page-3.png
001895.png,note4,4,-1,lg-252689430529936624-aug-lilyjazz--page-3.png
001896.png,note4,8.,1,lg-252689430529936624-aug-lilyjazz--page-3.png
001897.png,note4,32,5,lg-252689430529936624-aug-lilyjazz--page-3.png
001898.png,note4,32,4,lg-252689430529936624-aug-lilyjazz--page-3.png
001899.png,note4,8.,5,lg-252689430529936624-aug-lilyjazz--page-3.png
001900.png,note4,8.,6,lg-252689430529936624-aug-lilyjazz--page-3.png
001901.png,note4,4,8,lg-252689430529936624-aug-lilyjazz--page-3.png
001902.png,note4,4,1,lg-252689430529936624-aug-lilyjazz--page-3.png
001903.png,note4,4,3,lg-252689430529936624-aug-lilyjazz--page-3.png
001904.png,note4,8.,5,lg-252689430529936624-aug-lilyjazz--page-3.png
001905.png,note2,2,2,lg-252689430529936624-aug-lilyjazz--page-3.png
001906.png,note4,4,4,lg-252689430529936624-aug-lilyjazz--page-3.png
001907.png,note4,16,1,lg-252689430529936624-aug-lilyjazz--page-3.png
001908.png,note4,16,2,lg-252689430529936624-aug-lilyjazz--page-3.png
001909.png,note4,8.,3,lg-252689430529936624-aug-lilyjazz--page-3.png
001910.png,note4,16,3,lg-252689430529936624-aug-lilyjazz--page-3.png
001911.png,note4,8.,2,lg-252689430529936624-aug-lilyjazz--page-3.png
001912.png,note4,4,6,lg-252689430529936624-aug-lilyjazz--page-3.png
001913.png,note4,4,3,lg-252689430529936624-aug-lilyjazz--page-3.png
001914.png,note4,32,5,lg-252689430529936624-aug-lilyjazz--page-3.png
001915.png,note4,16,5,lg-252689430529936624-aug-lilyjazz--page-3.png
001916.png,note4,8.,4,lg-252689430529936624-aug-lilyjazz--page-3.png
001917.png,note4,32,6,lg-252689430529936624-aug-lilyjazz--page-3.png
001918.png,note4,16,2,lg-252689430529936624-aug-lilyjazz--page-3.png
001919.png,note4,8.,7,lg-252689430529936624-aug-lilyjazz--page-3.png
001920.png,note4,16,6,lg-252689430529936624-aug-lilyjazz--page-3.png
001921.png,note8,16,0,lg-252689430529936624-aug-lilyjazz--page-3.png
001922.png,note4,4,2,lg-252689430529936624-aug-lilyjazz--page-3.png
001923.png,note4,16,1,lg-252689430529936624-aug-lilyjazz--page-3.png
001924.png,note4,16,2,lg-252689430529936624-aug-lilyjazz--page-3.png
001925.png,note4,32,2,lg-252689430529936624-aug-lilyjazz--page-3.png
001926.png,note4,8,2,lg-252689430529936624-aug-lilyjazz--page-3.png
001927.png,note4,8.,4,lg-252689430529936624-aug-lilyjazz--page-3.png
001928.png,note4,8.,1,lg-252689430529936624-aug-lilyjazz--page-3.png
001929.png,note4,32,1,lg-252689430529936624-aug-lilyjazz--page-3.png
001930.png,note4,32,0,lg-252689430529936624-aug-lilyjazz--page-3.png
001931.png,note4,16,3,lg-252689430529936624-aug-lilyjazz--page-3.png
001932.png,note4,32,-1,lg-252689430529936624-aug-lilyjazz--page-3.png
001933.png,note4,32,2,lg-252689430529936624-aug-lilyjazz--page-3.png
001934.png,note8,32,1,lg-252689430529936624-aug-lilyjazz--page-3.png
001935.png,note8,16,5,lg-252689430529936624-aug-lilyjazz--page-3.png
001936.png,note4,16,-1,lg-252689430529936624-aug-lilyjazz--page-3.png
001937.png,note4,32,0,lg-252689430529936624-aug-lilyjazz--page-3.png
001938.png,note8,16,2,lg-252689430529936624-aug-lilyjazz--page-3.png
001939.png,note8,16,3,lg-252689430529936624-aug-lilyjazz--page-3.png
001940.png,note4,8.,3,lg-252689430529936624-aug-lilyjazz--page-3.png
001941.png,note4,8.,4,lg-252689430529936624-aug-lilyjazz--page-3.png
001942.png,note4,4,2,lg-252689430529936624-aug-lilyjazz--page-3.png
001943.png,note4,16,4,lg-252689430529936624-aug-lilyjazz--page-3.png
001944.png,note4,4,1,lg-252689430529936624-aug-lilyjazz--page-3.png
001945.png,note4,8.,4,lg-252689430529936624-aug-lilyjazz--page-3.png
001946.png,note4,16,5,lg-252689430529936624-aug-lilyjazz--page-3.png
001947.png,note4,16,2,lg-252689430529936624-aug-lilyjazz--page-3.png
001948.png,note4,8,1,lg-252689430529936624-aug-lilyjazz--page-3.png
001949.png,note4,8.,4,lg-252689430529936624-aug-lilyjazz--page-3.png
001950.png,note4,4,7,lg-252689430529936624-aug-lilyjazz--page-3.png
001951.png,note4,16,5,lg-252689430529936624-aug-lilyjazz--page-3.png
001952.png,note4,16,6,lg-252689430529936624-aug-lilyjazz--page-3.png
001953.png,note4,16,5,lg-252689430529936624-aug-lilyjazz--page-3.png
001954.png,note4,4.,2,lg-252689430529936624-aug-lilyjazz--page-3.png
001955.png,note4,8.,3,lg-252689430529936624-aug-lilyjazz--page-3.png
001956.png,note2,2,1,lg-252689430529936624-aug-lilyjazz--page-3.png
001957.png,note4,4,4,lg-252689430529936624-aug-lilyjazz--page-3.png
001958.png,note4,4,5,lg-252689430529936624-aug-lilyjazz--page-3.png
001959.png,note4,16,5,lg-252689430529936624-aug-lilyjazz--page-3.png
001960.png,note4,4,-1,lg-252689430529936624-aug-lilyjazz--page-3.png
001961.png,note4,16,4,lg-252689430529936624-aug-lilyjazz--page-3.png
001962.png,note4,32,0,lg-252689430529936624-aug-lilyjazz--page-3.png
001963.png,note2,2,4,lg-252689430529936624-aug-lilyjazz--page-3.png
001964.png,note4,4,3,lg-252689430529936624-aug-lilyjazz--page-3.png
001965.png,note4,16,2,lg-252689430529936624-aug-lilyjazz--page-3.png
001966.png,note8,8,3,lg-252689430529936624-aug-lilyjazz--page-3.png
001967.png,note8,16,3,lg-252689430529936624-aug-lilyjazz--page-3.png
001968.png,note4,32,2,lg-252689430529936624-aug-lilyjazz--page-3.png
001969.png,note4,32,1,lg-252689430529936624-aug-lilyjazz--page-3.png
001970.png,note4,32,1,lg-252689430529936624-aug-lilyjazz--page-3.png
001971.png,note4,16,6,lg-252689430529936624-aug-lilyjazz--page-3.png
001972.png,note4,8.,2,lg-252689430529936624-aug-lilyjazz--page-3.png
001973.png,note4,8.,-1,lg-252689430529936624-aug-lilyjazz--page-3.png
001974.png,note4,4,0,lg-252689430529936624-aug-lilyjazz--page-3.png
001975.png,note4,16,-2,lg-252689430529936624-aug-lilyjazz--page-3.png
001976.png,note4,16,3,lg-252689430529936624-aug-lilyjazz--page-3.png
001977.png,note4,4.,-1,lg-252689430529936624-aug-lilyjazz--page-3.png
001978.png,note8,8,-2,lg-252689430529936624-aug-lilyjazz--page-3.png
001979.png,note4,16,0,lg-252689430529936624-aug-lilyjazz--page-3.png
001980.png,note8,16,1,lg-252689430529936624-aug-lilyjazz--page-3.png
001981.png,note4,8.,-1,lg-252689430529936624-aug-lilyjazz--page-3.png
001982.png,note4,4.,-3,lg-252689430529936624-aug-lilyjazz--page-3.png
001983.png,note4,8.,1,lg-252689430529936624-aug-lilyjazz--page-3.png
001984.png,note4,32,0,lg-252689430529936624-aug-lilyjazz--page-3.png
001985.png,note4,16,0,lg-252689430529936624-aug-lilyjazz--page-3.png
001986.png,note4,32,-1,lg-252689430529936624-aug-lilyjazz--page-3.png
001987.png,note4,16,2,lg-252689430529936624-aug-lilyjazz--page-3.png
001988.png,note8,16,-1,lg-252689430529936624-aug-lilyjazz--page-3.png
001989.png,note4,16,1,lg-252689430529936624-aug-lilyjazz--page-3.png
001990.png,note8,8,0,lg-252689430529936624-aug-lilyjazz--page-3.png
001991.png,note8,16,0,lg-252689430529936624-aug-lilyjazz--page-3.png
001992.png,note8,16,3,lg-252689430529936624-aug-lilyjazz--page-3.png
001993.png,note4,8.,1,lg-252689430529936624-aug-lilyjazz--page-3.png
001994.png,note4,8.,1,lg-252689430529936624-aug-lilyjazz--page-3.png
001995.png,note4,8.,0,lg-252689430529936624-aug-lilyjazz--page-3.png
001996.png,note4,8.,2,lg-252689430529936624-aug-lilyjazz--page-3.png
001997.png,note4,8.,2,lg-252689430529936624-aug-lilyjazz--page-3.png
001998.png,note4,32,2,lg-252689430529936624-aug-lilyjazz--page-3.png
001999.png,note4,32,0,lg-252689430529936624-aug-lilyjazz--page-3.png
002000.png,note4,32,1,lg-252689430529936624-aug-lilyjazz--page-3.png
002001.png,note4,32,2,lg-252689430529936624-aug-lilyjazz--page-3.png
002002.png,note4,32,1,lg-252689430529936624-aug-lilyjazz--page-3.png
002003.png,note4,16,-1,lg-252689430529936624-aug-lilyjazz--page-3.png
002004.png,note4,32,2,lg-252689430529936624-aug-lilyjazz--page-3.png
002005.png,note4,32,1,lg-252689430529936624-aug-lilyjazz--page-3.png
002006.png,note4,32,1,lg-252689430529936624-aug-lilyjazz--page-3.png
002007.png,note4,8.,1,lg-252689430529936624-aug-lilyjazz--page-3.png
002008.png,note4,4,2,lg-252689430529936624-aug-lilyjazz--page-3.png
002009.png,note4,8.,2,lg-252689430529936624-aug-lilyjazz--page-3.png
002010.png,note4,8.,1,lg-252689430529936624-aug-lilyjazz--page-3.png
002011.png,note4,32,1,lg-252689430529936624-aug-lilyjazz--page-3.png
002012.png,note4,32,0,lg-252689430529936624-aug-lilyjazz--page-3.png
002013.png,note4,32,-1,lg-252689430529936624-aug-lilyjazz--page-3.png
002014.png,note4,16,1,lg-252689430529936624-aug-lilyjazz--page-3.png
002015.png,note4,32,0,lg-252689430529936624-aug-lilyjazz--page-3.png
002016.png,note4,32,1,lg-252689430529936624-aug-lilyjazz--page-3.png
002017.png,note4,32,0,lg-252689430529936624-aug-lilyjazz--page-3.png
002018.png,note4,32,1,lg-252689430529936624-aug-lilyjazz--page-3.png
002019.png,note8,32,0,lg-252689430529936624-aug-lilyjazz--page-3.png
002020.png,note4,8,0,lg-252689430529936624-aug-lilyjazz--page-3.png
002021.png,note2,2,1,lg-252689430529936624-aug-lilyjazz--page-3.png
002022.png,note4,8.,2,lg-252689430529936624-aug-lilyjazz--page-3.png
002023.png,note4,16,1,lg-252689430529936624-aug-lilyjazz--page-3.png
002024.png,note4,16,2,lg-252689430529936624-aug-lilyjazz--page-3.png
002025.png,note4,32,-2,lg-252689430529936624-aug-lilyjazz--page-3.png
002026.png,note4,32,0,lg-252689430529936624-aug-lilyjazz--page-3.png
002027.png,note4,8,4,lg-2267728-aug-gutenberg1939--page-2.png
002028.png,note4,8,-6,lg-2267728-aug-gutenberg1939--page-2.png
002029.png,note4,8,6,lg-2267728-aug-gutenberg1939--page-2.png
002030.png,note4,4,6,lg-2267728-aug-gutenberg1939--page-2.png
002031.png,note4,4,4,lg-2267728-aug-gutenberg1939--page-2.png
002032.png,note4,8,-3,lg-2267728-aug-gutenberg1939--page-2.png
002033.png,note4,4,-4,lg-2267728-aug-gutenberg1939--page-2.png
002034.png,note4,8,-4,lg-2267728-aug-gutenberg1939--page-2.png
002035.png,note4,4,7,lg-2267728-aug-gutenberg1939--page-2.png
002036.png,note4,4,5,lg-2267728-aug-gutenberg1939--page-2.png
002037.png,note4,8,4,lg-2267728-aug-gutenberg1939--page-2.png
002038.png,note4,4,8,lg-2267728-aug-gutenberg1939--page-2.png
002039.png,note4,8,-2,lg-2267728-aug-gutenberg1939--page-2.png
002040.png,note4,8,-2,lg-2267728-aug-gutenberg1939--page-2.png
002041.png,note4,4,6,lg-2267728-aug-gutenberg1939--page-2.png
002042.png,note4,8,5,lg-2267728-aug-gutenberg1939--page-2.png
002043.png,note4,4,7,lg-2267728-aug-gutenberg1939--page-2.png
002044.png,note4,4,5,lg-2267728-aug-gutenberg1939--page-2.png
002045.png,note4,4,4,lg-2267728-aug-gutenberg1939--page-2.png
002046.png,note4,8,2,lg-2267728-aug-gutenberg1939--page-2.png
002047.png,note4,8,4,lg-2267728-aug-gutenberg1939--page-2.png
002048.png,note4,4,0,lg-2267728-aug-gutenberg1939--page-2.png
002049.png,note4,8,2,lg-2267728-aug-gutenberg1939--page-2.png
002050.png,note4,4,3,lg-2267728-aug-gutenberg1939--page-2.png
002051.png,note4,8,1,lg-2267728-aug-gutenberg1939--page-2.png
002052.png,note4,4,5,lg-2267728-aug-gutenberg1939--page-2.png
002053.png,note4,8,-5,lg-2267728-aug-gutenberg1939--page-2.png
002054.png,note4,4,6,lg-2267728-aug-gutenberg1939--page-2.png
002055.png,note4,4,4,lg-2267728-aug-gutenberg1939--page-2.png
002056.png,note4,8,1,lg-2267728-aug-gutenberg1939--page-2.png
002057.png,note4,8,5,lg-2267728-aug-gutenberg1939--page-2.png
002058.png,note4,4,-1,lg-2267728-aug-gutenberg1939--page-2.png
002059.png,note4,8,4,lg-2267728-aug-gutenberg1939--page-2.png
002060.png,note4,8,-3,lg-2267728-aug-gutenberg1939--page-2.png
002061.png,note4,4,1,lg-2267728-aug-gutenberg1939--page-2.png
002062.png,note4,8,-2,lg-2267728-aug-gutenberg1939--page-2.png
002063.png,note4,8,-4,lg-2267728-aug-gutenberg1939--page-2.png
002064.png,note4,4,0,lg-2267728-aug-gutenberg1939--page-2.png
002065.png,note4,4,-2,lg-2267728-aug-gutenberg1939--page-2.png
002066.png,note4,8,4,lg-2267728-aug-gutenberg1939--page-2.png
002067.png,note4,8,6,lg-2267728-aug-gutenberg1939--page-2.png
002068.png,note4,4,-1,lg-2267728-aug-gutenberg1939--page-2.png
002069.png,note4,4,-3,lg-2267728-aug-gutenberg1939--page-2.png
002070.png,note4,8,-2,lg-2267728-aug-gutenberg1939--page-2.png
002071.png,note4,8,5,lg-2267728-aug-gutenberg1939--page-2.png
002072.png,note4,4,0,lg-2267728-aug-gutenberg1939--page-2.png
002073.png,note4,4,-2,lg-2267728-aug-gutenberg1939--page-2.png
002074.png,note4,8,-6,lg-2267728-aug-gutenberg1939--page-2.png
002075.png,note4,4,-4,lg-2267728-aug-gutenberg1939--page-2.png
002076.png,note4,8,-5,lg-2267728-aug-gutenberg1939--page-2.png
002077.png,note4,4,-1,lg-2267728-aug-gutenberg1939--page-2.png
002078.png,note4,4,-3,lg-2267728-aug-gutenberg1939--page-2.png
002079.png,note4,8,1,lg-2267728-aug-gutenberg1939--page-2.png
002080.png,note4,8,2,lg-2267728-aug-gutenberg1939--page-2.png
002081.png,note4,8,4,lg-2267728-aug-gutenberg1939--page-2.png
002082.png,note4,4,-3,lg-2267728-aug-gutenberg1939--page-2.png
002083.png,note4,4,-7,lg-2267728-aug-gutenberg1939--page-2.png
002084.png,note4,8,2,lg-2267728-aug-gutenberg1939--page-2.png
002085.png,note4,8,1,lg-2267728-aug-gutenberg1939--page-2.png
002086.png,note4,8,5,lg-2267728-aug-gutenberg1939--page-2.png
002087.png,note4,4,-2,lg-2267728-aug-gutenberg1939--page-2.png
002088.png,note4,4,-4,lg-2267728-aug-gutenberg1939--page-2.png
002089.png,note4,16,4,lg-2267728-aug-gutenberg1939--page-2.png
002090.png,note4,8,4,lg-2267728-aug-gutenberg1939--page-2.png
002091.png,note4,16,2,lg-2267728-aug-gutenberg1939--page-2.png
002092.png,note4,8,-6,lg-2267728-aug-gutenberg1939--page-2.png
002093.png,note4,16,-5,lg-2267728-aug-gutenberg1939--page-2.png
002094.png,note4,16,7,lg-2267728-aug-gutenberg1939--page-2.png
002095.png,note4,16,8,lg-2267728-aug-gutenberg1939--page-2.png
002096.png,note4,8,2,lg-2267728-aug-gutenberg1939--page-2.png
002097.png,note4,16,6,lg-2267728-aug-gutenberg1939--page-2.png
002098.png,note4,8,-5,lg-2267728-aug-gutenberg1939--page-2.png
002099.png,note4,16,-1,lg-2267728-aug-gutenberg1939--page-2.png
002100.png,note4,8,2,lg-2267728-aug-gutenberg1939--page-2.png
002101.png,note4,16,1,lg-2267728-aug-gutenberg1939--page-2.png
002102.png,note4,16,-3,lg-2267728-aug-gutenberg1939--page-2.png
002103.png,note4,16,-9,lg-2267728-aug-gutenberg1939--page-2.png
002104.png,note4,8,-2,lg-2267728-aug-gutenberg1939--page-2.png
002105.png,note4,16,-7,lg-2267728-aug-gutenberg1939--page-2.png
002106.png,note4,8,-2,lg-2267728-aug-gutenberg1939--page-2.png
002107.png,note4,16,3,lg-2267728-aug-gutenberg1939--page-2.png
002108.png,note4,16,5,lg-2267728-aug-gutenberg1939--page-2.png
002109.png,note4,8,3,lg-2267728-aug-gutenberg1939--page-2.png
002110.png,note4,16,-4,lg-2267728-aug-gutenberg1939--page-2.png
002111.png,note4,16,-2,lg-2267728-aug-gutenberg1939--page-2.png
002112.png,note4,16,0,lg-2267728-aug-gutenberg1939--page-2.png
002113.png,note4,8,6,lg-2267728-aug-gutenberg1939--page-2.png
002114.png,note4,16,4,lg-2267728-aug-gutenberg1939--page-2.png
002115.png,note4,16,2,lg-2267728-aug-gutenberg1939--page-2.png
002116.png,note4,8,4,lg-2267728-aug-gutenberg1939--page-2.png
002117.png,note4,16,9,lg-2267728-aug-gutenberg1939--page-2.png
002118.png,note4,16,8,lg-2267728-aug-gutenberg1939--page-2.png
002119.png,note4,16,6,lg-2267728-aug-gutenberg1939--page-2.png
002120.png,note4,8,4,lg-2267728-aug-gutenberg1939--page-2.png
002121.png,note4,16,1,lg-2267728-aug-gutenberg1939--page-2.png
002122.png,note4,16,-1,lg-2267728-aug-gutenberg1939--page-2.png
002123.png,note4,8,-3,lg-2267728-aug-gutenberg1939--page-2.png
002124.png,note4,16,-3,lg-2267728-aug-gutenberg1939--page-2.png
002125.png,note4,16,0,lg-2267728-aug-gutenberg1939--page-2.png
002126.png,note4,8,5,lg-2267728-aug-gutenberg1939--page-2.png
002127.png,note4,16,-2,lg-2267728-aug-gutenberg1939--page-2.png
002128.png,note4,16,3,lg-2267728-aug-gutenberg1939--page-2.png
002129.png,note4,16,-7,lg-2267728-aug-gutenberg1939--page-2.png
002130.png,note4,8,1,lg-2267728-aug-gutenberg1939--page-2.png
002131.png,note4,16,-4,lg-2267728-aug-gutenberg1939--page-2.png
002132.png,note4,16,7,lg-2267728-aug-gutenberg1939--page-2.png
002133.png,note4,16,10,lg-2267728-aug-gutenberg1939--page-2.png
002134.png,note4,8,-4,lg-2267728-aug-gutenberg1939--page-2.png
002135.png,note4,16,5,lg-2267728-aug-gutenberg1939--page-2.png
002136.png,note4,8,1,lg-2267728-aug-gutenberg1939--page-2.png
002137.png,note4,16,2,lg-2267728-aug-gutenberg1939--page-2.png
002138.png,note4,16,2,lg-2267728-aug-gutenberg1939--page-2.png
002139.png,note4,16,6,lg-2267728-aug-gutenberg1939--page-2.png
002140.png,note4,8,2,lg-2267728-aug-gutenberg1939--page-2.png
002141.png,note4,16,4,lg-2267728-aug-gutenberg1939--page-2.png
002142.png,note4,8,2,lg-2267728-aug-gutenberg1939--page-2.png
002143.png,note4,16,6,lg-2267728-aug-gutenberg1939--page-2.png
002144.png,note4,8,4,lg-2267728-aug-gutenberg1939--page-2.png
002145.png,note4,16,4,lg-2267728-aug-gutenberg1939--page-2.png
002146.png,note4,16,1,lg-2267728-aug-gutenberg1939--page-2.png
002147.png,note4,8,4,lg-2267728-aug-gutenberg1939--page-2.png
002148.png,note4,16,-1,lg-2267728-aug-gutenberg1939--page-2.png
002149.png,note4,16,2,lg-2267728-aug-gutenberg1939--page-2.png
002150.png,note4,8,-2,lg-2267728-aug-gutenberg1939--page-2.png
002151.png,note4,16,1,lg-2267728-aug-gutenberg1939--page-2.png
002152.png,note4,16,4,lg-2267728-aug-gutenberg1939--page-2.png
002153.png,note4,8,0,lg-2267728-aug-gutenberg1939--page-2.png
002154.png,note4,16,2,lg-2267728-aug-gutenberg1939--page-2.png
002155.png,note4,16,6,lg-2267728-aug-gutenberg1939--page-2.png
002156.png,note4,16,9,lg-2267728-aug-gutenberg1939--page-2.png
002157.png,note4,16,8,lg-2267728-aug-gutenberg1939--page-2.png
002158.png,note4,16,4,lg-2267728-aug-gutenberg1939--page-2.png
002159.png,note4,16,2,lg-2267728-aug-gutenberg1939--page-2.png
002160.png,note2,2,-2,lg-2267728-aug-gutenberg1939--page-2.png
002161.png,note2,2,9,lg-2267728-aug-gutenberg1939--page-2.png
002162.png,note2,2,6,lg-2267728-aug-gutenberg1939--page-2.png
002163.png,note2,2,4,lg-2267728-aug-gutenberg1939--page-2.png
002164.png,note4,16,1,lg-2267728-aug-gutenberg1939--page-2.png
002165.png,note4,16,-1,lg-2267728-aug-gutenberg1939--page-2.png
002166.png,note4,16,8,lg-2267728-aug-gutenberg1939--page-2.png
002167.png,note4,16,-3,lg-2267728-aug-gutenberg1939--page-2.png
002168.png,note4,8,-1,lg-2267728-aug-gutenberg1939--page-2.png
002169.png,note4,16,4,lg-2267728-aug-gutenberg1939--page-2.png
002170.png,note4,16,1,lg-2267728-aug-gutenberg1939--page-2.png
002171.png,note4,8,4,lg-2267728-aug-gutenberg1939--page-2.png
002172.png,note4,16,-1,lg-2267728-aug-gutenberg1939--page-2.png
002173.png,note4,8,-2,lg-2267728-aug-gutenberg1939--page-2.png
002174.png,note4,16,5,lg-2267728-aug-gutenberg1939--page-2.png
002175.png,note4,16,7,lg-2267728-aug-gutenberg1939--page-2.png
002176.png,note4,16,6,lg-2267728-aug-gutenberg1939--page-2.png
002177.png,note4,8,-3,lg-2267728-aug-gutenberg1939--page-2.png
002178.png,note4,16,-10,lg-2267728-aug-gutenberg1939--page-2.png
002179.png,note4,16,-3,lg-2267728-aug-gutenberg1939--page-2.png
002180.png,note4,8,-1,lg-2267728-aug-gutenberg1939--page-2.png
002181.png,note4,16,-6,lg-2267728-aug-gutenberg1939--page-2.png
002182.png,note4,16,-8,lg-2267728-aug-gutenberg1939--page-2.png
002183.png,note4,8,-2,lg-2267728-aug-gutenberg1939--page-2.png
002184.png,note4,16,-3,lg-2267728-aug-gutenberg1939--page-2.png
002185.png,note4,16,-2,lg-2267728-aug-gutenberg1939--page-2.png
002186.png,note4,8,0,lg-2267728-aug-gutenberg1939--page-2.png
002187.png,note4,16,1,lg-2267728-aug-gutenberg1939--page-2.png
002188.png,note4,16,-1,lg-2267728-aug-gutenberg1939--page-2.png
002189.png,note4,16,0,lg-2267728-aug-gutenberg1939--page-2.png
002190.png,note4,8,3,lg-2267728-aug-gutenberg1939--page-2.png
002191.png,note4,16,5,lg-2267728-aug-gutenberg1939--page-2.png
002192.png,note4,16,0,lg-2267728-aug-gutenberg1939--page-2.png
002193.png,note4,8,1,lg-2267728-aug-gutenberg1939--page-2.png
002194.png,note4,16,3,lg-2267728-aug-gutenberg1939--page-2.png
002195.png,note4,16,3,lg-2267728-aug-gutenberg1939--page-2.png
002196.png,note4,8,1,lg-2267728-aug-gutenberg1939--page-2.png
002197.png,note4,16,-2,lg-2267728-aug-gutenberg1939--page-2.png
002198.png,note4,16,10,lg-2267728-aug-gutenberg1939--page-2.png
002199.png,note4,16,3,lg-2267728-aug-gutenberg1939--page-2.png
002200.png,note4,16,4,lg-2267728-aug-gutenberg1939--page-2.png
002201.png,note4,16,5,lg-2267728-aug-gutenberg1939--page-2.png
002202.png,note4,16,7,lg-2267728-aug-gutenberg1939--page-2.png
002203.png,note4,16,0,lg-2267728-aug-gutenberg1939--page-2.png
002204.png,note4,16,12,lg-2267728-aug-gutenberg1939--page-2.png
002205.png,note4,16,4,lg-2267728-aug-gutenberg1939--page-2.png
002206.png,note4,16,6,lg-2267728-aug-gutenberg1939--page-2.png
002207.png,note4,16,-1,lg-2267728-aug-gutenberg1939--page-2.png
002208.png,note4,16,11,lg-2267728-aug-gutenberg1939--page-2.png
002209.png,note4,16,-3,lg-2267728-aug-gutenberg1939--page-2.png
002210.png,note4,16,9,lg-2267728-aug-gutenberg1939--page-2.png
002211.png,note4,16,2,lg-2267728-aug-gutenberg1939--page-2.png
002212.png,note4,16,5,lg-2267728-aug-gutenberg1939--page-2.png
002213.png,note4,16,12,lg-2267728-aug-gutenberg1939--page-2.png
002214.png,note4,16,10,lg-2267728-aug-gutenberg1939--page-2.png
002215.png,note4,16,7,lg-2267728-aug-gutenberg1939--page-2.png
002216.png,note4,16,0,lg-2267728-aug-gutenberg1939--page-2.png
002217.png,note4,16,15,lg-2267728-aug-gutenberg1939--page-2.png
002218.png,note4,16,3,lg-2267728-aug-gutenberg1939--page-2.png
002219.png,note4,16,8,lg-2267728-aug-gutenberg1939--page-2.png
002220.png,note4,16,11,lg-2267728-aug-gutenberg1939--page-2.png
002221.png,note4,16,4,lg-2267728-aug-gutenberg1939--page-2.png
002222.png,note4,16,8,lg-2267728-aug-gutenberg1939--page-2.png
002223.png,note4,16,5,lg-2267728-aug-gutenberg1939--page-2.png
002224.png,note4,16,6,lg-2267728-aug-gutenberg1939--page-2.png
002225.png,note4,16,-1,lg-2267728-aug-gutenberg1939--page-2.png
002226.png,note4,16,1,lg-2267728-aug-gutenberg1939--page-2.png
002227.png,note4,16,13,lg-2267728-aug-gutenberg1939--page-2.png
002228.png,note4,16,6,lg-2267728-aug-gutenberg1939--page-2.png
002229.png,note4,16,-4,lg-2267728-aug-gutenberg1939--page-2.png
002230.png,note2,2,4,lg-2267728-aug-gutenberg1939--page-2.png
002231.png,note4,16,-6,lg-2267728-aug-gutenberg1939--page-2.png
002232.png,note4,16,1,lg-2267728-aug-gutenberg1939--page-2.png
002233.png,note4,16,-2,lg-2267728-aug-gutenberg1939--page-2.png
002234.png,note4,16,-9,lg-2267728-aug-gutenberg1939--page-2.png
002235.png,note4,16,3,lg-2267728-aug-gutenberg1939--page-2.png
002236.png,note4,16,-7,lg-2267728-aug-gutenberg1939--page-2.png
002237.png,note4,16,5,lg-2267728-aug-gutenberg1939--page-2.png
002238.png,note4,16,-2,lg-2267728-aug-gutenberg1939--page-2.png
002239.png,note4,16,3,lg-2267728-aug-gutenberg1939--page-2.png
002240.png,note4,16,-1,lg-2267728-aug-gutenberg1939--page-2.png
002241.png,note4,16,6,lg-2267728-aug-gutenberg1939--page-2.png
002242.png,note4,16,0,lg-2267728-aug-gutenberg1939--page-2.png
002243.png,note4,16,9,lg-2267728-aug-gutenberg1939--page-2.png
002244.png,note4,16,8,lg-2267728-aug-gutenberg1939--page-2.png
002245.png,note4,16,6,lg-2267728-aug-gutenberg1939--page-2.png
002246.png,note4,16,4,lg-2267728-aug-gutenberg1939--page-2.png
002247.png,note4,16,-3,lg-2267728-aug-gutenberg1939--page-2.png
002248.png,note2,2,-2,lg-2267728-aug-gutenberg1939--page-2.png
002249.png,note2,2,9,lg-2267728-aug-gutenberg1939--page-2.png
002250.png,note4,16,2,lg-2267728-aug-gutenberg1939--page-2.png
002251.png,note4,16,1,lg-2267728-aug-gutenberg1939--page-2.png
002252.png,note2,2,6,lg-2267728-aug-gutenberg1939--page-2.png
002253.png,note4,16,-1,lg-2267728-aug-gutenberg1939--page-2.png
002254.png,note4,16,8,lg-2267728-aug-gutenberg1939--page-2.png
002255.png,note4,16,-4,lg-2267728-aug-gutenberg1939--page-2.png
002256.png,note4,16,1,lg-2267728-aug-gutenberg1939--page-2.png
002257.png,note4,16,-3,lg-2267728-aug-gutenberg1939--page-2.png
002258.png,note4,16,9,lg-2267728-aug-gutenberg1939--page-2.png
002259.png,note4,16,2,lg-2267728-aug-gutenberg1939--page-2.png
002260.png,note4,16,3,lg-2267728-aug-gutenberg1939--page-2.png
002261.png,note4,16,3,lg-2267728-aug-gutenberg1939--page-2.png
002262.png,note4,16,5,lg-2267728-aug-gutenberg1939--page-2.png
002263.png,note4,16,-2,lg-2267728-aug-gutenberg1939--page-2.png
002264.png,note4,16,10,lg-2267728-aug-gutenberg1939--page-2.png
002265.png,note4,16,1,lg-2267728-aug-gutenberg1939--page-2.png
002266.png,note4,16,2,lg-2267728-aug-gutenberg1939--page-2.png
002267.png,note4,16,-4,lg-2267728-aug-gutenberg1939--page-2.png
002268.png,note4,16,8,lg-2267728-aug-gutenberg1939--page-2.png
002269.png,note4,16,7,lg-2267728-aug-gutenberg1939--page-2.png
002270.png,note4,16,4,lg-2267728-aug-gutenberg1939--page-2.png
002271.png,note4,16,0,lg-2267728-aug-gutenberg1939--page-2.png
002272.png,note4,16,-5,lg-2267728-aug-gutenberg1939--page-2.png
002273.png,note4,4,-6,lg-80089604-aug-beethoven--page-1.png
002274.png,note2,2,1,lg-80089604-aug-beethoven--page-1.png
002275.png,note2,2,3,lg-80089604-aug-beethoven--page-1.png
002276.png,note2,2,-1,lg-80089604-aug-beethoven--page-1.png
002277.png,note8,2,-1,lg-80089604-aug-beethoven--page-1.png
002278.png,note2,2,3,lg-80089604-aug-beethoven--page-1.png
002279.png,note2,2,1,lg-80089604-aug-beethoven--page-1.png
002280.png,note2,2,3,lg-80089604-aug-beethoven--page-1.png
002281.png,note2,2,-1,lg-80089604-aug-beethoven--page-1.png
002282.png,note2,2,5,lg-80089604-aug-beethoven--page-1.png
002283.png,note2,2,3,lg-80089604-aug-beethoven--page-1.png
002284.png,note2,2,-1,lg-80089604-aug-beethoven--page-1.png
002285.png,note8,2,-2,lg-80089604-aug-beethoven--page-1.png
002286.png,note4,4,-1,lg-80089604-aug-beethoven--page-1.png
002287.png,note2,2,-1,lg-80089604-aug-beethoven--page-1.png
002288.png,note4,4,1,lg-80089604-aug-beethoven--page-1.png
002289.png,note2,2,2,lg-80089604-aug-beethoven--page-1.png
002290.png,note2,2,5,lg-80089604-aug-beethoven--page-1.png
002291.png,note2,2,5,lg-80089604-aug-beethoven--page-1.png
002292.png,note4,4,0,lg-80089604-aug-beethoven--page-1.png
002293.png,note4,4,-2,lg-80089604-aug-beethoven--page-1.png
002294.png,note2,2,1,lg-80089604-aug-beethoven--page-1.png
002295.png,note2,2,2,lg-80089604-aug-beethoven--page-1.png
002296.png,note2,2,-1,lg-80089604-aug-beethoven--page-1.png
002297.png,note2,2,-1,lg-80089604-aug-beethoven--page-1.png
002298.png,note4,4,-4,lg-80089604-aug-beethoven--page-1.png
002299.png,note8,4,1,lg-80089604-aug-beethoven--page-1.png
002300.png,note8,2,3,lg-80089604-aug-beethoven--page-1.png
002301.png,note8,2,5,lg-80089604-aug-beethoven--page-1.png
002302.png,note4,4,-5,lg-80089604-aug-beethoven--page-1.png
002303.png,note2,2,3,lg-80089604-aug-beethoven--page-1.png
002304.png,note2,2,-1,lg-80089604-aug-beethoven--page-1.png
002305.png,note2,2,5,lg-80089604-aug-beethoven--page-1.png
002306.png,note2,2,5,lg-80089604-aug-beethoven--page-1.png
002307.png,note2,2,-1,lg-80089604-aug-beethoven--page-1.png
002308.png,note2,2,3,lg-80089604-aug-beethoven--page-1.png
002309.png,note2,2,-1,lg-80089604-aug-beethoven--page-1.png
002310.png,note2,2,5,lg-80089604-aug-beethoven--page-1.png
002311.png,note2,2,-1,lg-80089604-aug-beethoven--page-1.png
002312.png,note2,2,-1,lg-80089604-aug-beethoven--page-1.png
002313.png,note2,2,3,lg-80089604-aug-beethoven--page-1.png
002314.png,note2,2,3,lg-80089604-aug-beethoven--page-1.png
002315.png,note2,2,-1,lg-80089604-aug-beethoven--page-1.png
002316.png,note2,2,5,lg-80089604-aug-beethoven--page-1.png
002317.png,note2,2,-1,lg-80089604-aug-beethoven--page-1.png
002318.png,note2,2,3,lg-80089604-aug-beethoven--page-1.png
002319.png,note2,2,-1,lg-80089604-aug-beethoven--page-1.png
002320.png,note2,2,1,lg-80089604-aug-beethoven--page-1.png
002321.png,note2,2,3,lg-80089604-aug-beethoven--page-1.png
002322.png,note2,2,5,lg-80089604-aug-beethoven--page-1.png
002323.png,note2,2,-1,lg-80089604-aug-beethoven--page-1.png
002324.png,note2,2,-1,lg-80089604-aug-beethoven--page-1.png
002325.png,note2,2,1,lg-80089604-aug-beethoven--page-1.png
002326.png,note2,2,3,lg-80089604-aug-beethoven--page-1.png
002327.png,note2,2,-1,lg-80089604-aug-beethoven--page-1.png
002328.png,note2,2,2,lg-80089604-aug-beethoven--page-1.png
002329.png,note2,2,5,lg-80089604-aug-beethoven--page-1.png
002330.png,note2,2,5,lg-80089604-aug-beethoven--page-1.png
002331.png,note2,2,1,lg-80089604-aug-beethoven--page-1.png
002332.png,note2,2,-1,lg-80089604-aug-beethoven--page-1.png
002333.png,note2,2,3,lg-80089604-aug-beethoven--page-1.png
002334.png,note2,2,-1,lg-80089604-aug-beethoven--page-1.png
002335.png,note2,2,3,lg-80089604-aug-beethoven--page-1.png
002336.png,note4,4,-2,lg-80089604-aug-beethoven--page-1.png
002337.png,note4,4,1,lg-80089604-aug-beethoven--page-1.png
002338.png,note2,2,1,lg-80089604-aug-beethoven--page-1.png
002339.png,note2,2,-1,lg-80089604-aug-beethoven--page-1.png
002340.png,note4,4,2,lg-80089604-aug-beethoven--page-1.png
002341.png,note4,4.,4,lg-80089604-aug-beethoven--page-1.png
002342.png,note8,4,5,lg-80089604-aug-beethoven--page-1.png
002343.png,note8,4,3,lg-80089604-aug-beethoven--page-1.png
002344.png,note2,2,-1,lg-80089604-aug-beethoven--page-1.png
002345.png,note2,2,-2,lg-80089604-aug-beethoven--page-1.png
002346.png,note4,4,1,lg-80089604-aug-beethoven--page-1.png
002347.png,note4,4,-1,lg-80089604-aug-beethoven--page-1.png
002348.png,note4,4,3,lg-80089604-aug-beethoven--page-1.png
002349.png,note4,4,-2,lg-80089604-aug-beethoven--page-1.png
002350.png,note2,2,1,lg-80089604-aug-beethoven--page-1.png
002351.png,note2,2,-1,lg-80089604-aug-beethoven--page-1.png
002352.png,note4,4,1,lg-80089604-aug-beethoven--page-1.png
002353.png,note2,2,3,lg-80089604-aug-beethoven--page-1.png
002354.png,note2,2,-1,lg-80089604-aug-beethoven--page-1.png
002355.png,note4,4,5,lg-80089604-aug-beethoven--page-1.png
002356.png,note4,4,3,lg-80089604-aug-beethoven--page-1.png
002357.png,note4,4,1,lg-80089604-aug-beethoven--page-1.png
002358.png,note4,4,5,lg-80089604-aug-beethoven--page-1.png
002359.png,note4,4,-4,lg-80089604-aug-beethoven--page-1.png
002360.png,note4,8,1,lg-80089604-aug-beethoven--page-1.png
002361.png,note4,8,-2,lg-80089604-aug-beethoven--page-1.png
002362.png,note4,4,3,lg-80089604-aug-beethoven--page-1.png
002363.png,note4,4,0,lg-80089604-aug-beethoven--page-1.png
002364.png,note4,8,-4,lg-80089604-aug-beethoven--page-1.png
002365.png,note4,8,-6,lg-80089604-aug-beethoven--page-1.png
002366.png,note4,4,-2,lg-80089604-aug-beethoven--page-1.png
002367.png,note4,4,1,lg-80089604-aug-beethoven--page-1.png
002368.png,note2,2,-1,lg-80089604-aug-beethoven--page-1.png
002369.png,note4,8,-1,lg-80089604-aug-beethoven--page-1.png
002370.png,note4,8,1,lg-80089604-aug-beethoven--page-1.png
002371.png,note4,4,-4,lg-80089604-aug-beethoven--page-1.png
002372.png,note4,4,-6,lg-80089604-aug-beethoven--page-1.png
002373.png,note2,2,-1,lg-80089604-aug-beethoven--page-1.png
002374.png,note4,4,-1,lg-80089604-aug-beethoven--page-1.png
002375.png,note8,8,3,lg-80089604-aug-beethoven--page-1.png
002376.png,note4,4,-6,lg-80089604-aug-beethoven--page-1.png
002377.png,note4,8,0,lg-80089604-aug-beethoven--page-1.png
002378.png,note4,8,1,lg-80089604-aug-beethoven--page-1.png
002379.png,note4,4,-4,lg-80089604-aug-beethoven--page-1.png
002380.png,note4,4,1,lg-80089604-aug-beethoven--page-1.png
002381.png,note2,2,1,lg-80089604-aug-beethoven--page-1.png
002382.png,note2,2,3,lg-80089604-aug-beethoven--page-1.png
002383.png,note2,2,-1,lg-80089604-aug-beethoven--page-1.png
002384.png,note4,4,3,lg-80089604-aug-beethoven--page-1.png
002385.png,note4,4,-4,lg-80089604-aug-beethoven--page-1.png
002386.png,note4,4,-1,lg-80089604-aug-beethoven--page-1.png
002387.png,note4,4,-6,lg-80089604-aug-beethoven--page-1.png
002388.png,note2,2,1,lg-80089604-aug-beethoven--page-1.png
002389.png,note2,2,-1,lg-80089604-aug-beethoven--page-1.png
002390.png,note4,4,1,lg-80089604-aug-beethoven--page-1.png
002391.png,note2,2,-2,lg-80089604-aug-beethoven--page-1.png
002392.png,note2,2,3,lg-80089604-aug-beethoven--page-1.png
002393.png,note2,2,-1,lg-80089604-aug-beethoven--page-1.png
002394.png,note4,4,-2,lg-80089604-aug-beethoven--page-1.png
002395.png,note2,2,1,lg-80089604-aug-beethoven--page-1.png
002396.png,note2,2,3,lg-80089604-aug-beethoven--page-1.png
002397.png,note2,2,-1,lg-80089604-aug-beethoven--page-1.png
002398.png,note2,2,5,lg-80089604-aug-beethoven--page-1.png
002399.png,note2,2,-1,lg-80089604-aug-beethoven--page-1.png
002400.png,note2,2,3,lg-80089604-aug-beethoven--page-1.png
002401.png,note4,4,5,lg-80089604-aug-beethoven--page-1.png
002402.png,note4,4,-4,lg-80089604-aug-beethoven--page-1.png
002403.png,note4,4,1,lg-80089604-aug-beethoven--page-1.png
002404.png,note4,4,2,lg-80089604-aug-beethoven--page-1.png
002405.png,note4,4,-2,lg-80089604-aug-beethoven--page-1.png
002406.png,note2,2,1,lg-80089604-aug-beethoven--page-1.png
002407.png,note2,2,-1,lg-80089604-aug-beethoven--page-1.png
002408.png,note2,2,-1,lg-80089604-aug-beethoven--page-1.png
002409.png,note4,4,5,lg-80089604-aug-beethoven--page-1.png
002410.png,note4,4,-5,lg-80089604-aug-beethoven--page-1.png
002411.png,note4,4,9,lg-80089604-aug-beethoven--page-1.png
002412.png,note4,4,1,lg-80089604-aug-beethoven--page-1.png
002413.png,note2,2,2,lg-80089604-aug-beethoven--page-1.png
002414.png,note4,4,-4,lg-80089604-aug-beethoven--page-1.png
002415.png,note4,4,-6,lg-80089604-aug-beethoven--page-1.png
002416.png,note4,4,-2,lg-80089604-aug-beethoven--page-1.png
002417.png,note4,4,3,lg-80089604-aug-beethoven--page-1.png
002418.png,note2,2,-1,lg-80089604-aug-beethoven--page-1.png
002419.png,note4,4,1,lg-80089604-aug-beethoven--page-1.png
002420.png,note4,4,0,lg-80089604-aug-beethoven--page-1.png
002421.png,note2,2,3,lg-80089604-aug-beethoven--page-1.png
002422.png,note8,8,-2,lg-80089604-aug-beethoven--page-1.png
002423.png,note8,8,3,lg-80089604-aug-beethoven--page-1.png
002424.png,note4,8,-1,lg-80089604-aug-beethoven--page-1.png
002425.png,note4,8,-1,lg-80089604-aug-beethoven--page-1.png
002426.png,note4,4,-1,lg-80089604-aug-beethoven--page-1.png
002427.png,note4,8,1,lg-80089604-aug-beethoven--page-1.png
002428.png,note4,8,-6,lg-80089604-aug-beethoven--page-1.png
002429.png,note4,4,-4,lg-80089604-aug-beethoven--page-1.png
002430.png,note2,2,-1,lg-80089604-aug-beethoven--page-1.png
002431.png,note4,8,2,lg-80089604-aug-beethoven--page-1.png
002432.png,note4,8,1,lg-80089604-aug-beethoven--page-1.png
002433.png,note4,4,5,lg-80089604-aug-beethoven--page-1.png
002434.png,note4,4,3,lg-80089604-aug-beethoven--page-1.png
002435.png,note4,8,-2,lg-80089604-aug-beethoven--page-1.png
002436.png,note4,4.,4,lg-80089604-aug-beethoven--page-1.png
002437.png,note4,4,1,lg-80089604-aug-beethoven--page-1.png
002438.png,note2,2,-1,lg-80089604-aug-beethoven--page-1.png
002439.png,note4,8,0,lg-80089604-aug-beethoven--page-1.png
002440.png,note4,8,1,lg-80089604-aug-beethoven--page-1.png
002441.png,note4,8,-2,lg-80089604-aug-beethoven--page-1.png
002442.png,note4,4,3,lg-80089604-aug-beethoven--page-1.png
002443.png,note4,8,1,lg-80089604-aug-beethoven--page-1.png
002444.png,note4,8,-2,lg-80089604-aug-beethoven--page-1.png
002445.png,note4,8,0,lg-80089604-aug-beethoven--page-1.png
002446.png,note4,8,-1,lg-80089604-aug-beethoven--page-1.png
002447.png,note8,8,0,lg-80089604-aug-beethoven--page-1.png
002448.png,note8,8,-5,lg-80089604-aug-beethoven--page-1.png
002449.png,note4,8,-4,lg-80089604-aug-beethoven--page-1.png
002450.png,note4,8,1,lg-80089604-aug-beethoven--page-1.png
002451.png,note4,4,-6,lg-80089604-aug-beethoven--page-1.png
002452.png,note4,8,1,lg-80089604-aug-beethoven--page-1.png
002453.png,note4,8,-4,lg-80089604-aug-beethoven--page-1.png
002454.png,note4,4,-2,lg-80089604-aug-beethoven--page-1.png
002455.png,note2,2,-1,lg-80089604-aug-beethoven--page-1.png
002456.png,note4,8,-3,lg-80089604-aug-beethoven--page-1.png
002457.png,note4,8,-6,lg-80089604-aug-beethoven--page-1.png
002458.png,note4,4,1,lg-80089604-aug-beethoven--page-1.png
002459.png,note2,2,-1,lg-80089604-aug-beethoven--page-1.png
002460.png,note4,4,9,lg-80089604-aug-beethoven--page-1.png
002461.png,note4,8,1,lg-80089604-aug-beethoven--page-1.png
002462.png,note4,8,5,lg-80089604-aug-beethoven--page-1.png
002463.png,note4,8,11,lg-80089604-aug-beethoven--page-1.png
002464.png,note4,8,9,lg-80089604-aug-beethoven--page-1.png
002465.png,note4,8,8,lg-80089604-aug-beethoven--page-1.png
002466.png,note4,4,2,lg-80089604-aug-beethoven--page-1.png
002467.png,note4,4,-1,lg-80089604-aug-beethoven--page-1.png
002468.png,note4,8,-4,lg-80089604-aug-beethoven--page-1.png
002469.png,note4,4,3,lg-80089604-aug-beethoven--page-1.png
002470.png,note4,4,-2,lg-80089604-aug-beethoven--page-1.png
002471.png,note4,8,3,lg-80089604-aug-beethoven--page-1.png
002472.png,note4,8,2,lg-80089604-aug-beethoven--page-1.png
002473.png,note4,4,5,lg-80089604-aug-beethoven--page-1.png
002474.png,note4,4,-4,lg-80089604-aug-beethoven--page-1.png
002475.png,note2,2,-1,lg-80089604-aug-beethoven--page-1.png
002476.png,note4,8,9,lg-80089604-aug-beethoven--page-1.png
002477.png,note4,8,8,lg-80089604-aug-beethoven--page-1.png
002478.png,note4,8,10,lg-80089604-aug-beethoven--page-1.png
002479.png,note4,4,5,lg-80089604-aug-beethoven--page-1.png
002480.png,note4,4,1,lg-80089604-aug-beethoven--page-1.png
002481.png,note2,2,-1,lg-80089604-aug-beethoven--page-1.png
002482.png,note4,8,3,lg-80089604-aug-beethoven--page-1.png
002483.png,note4,4,-2,lg-80089604-aug-beethoven--page-1.png
002484.png,note4,4,1,lg-80089604-aug-beethoven--page-1.png
002485.png,note2,2,-1,lg-80089604-aug-beethoven--page-1.png
002486.png,note4,8,8,lg-80089604-aug-beethoven--page-1.png
002487.png,note4,4,3,lg-80089604-aug-beethoven--page-1.png
002488.png,note4,4,5,lg-80089604-aug-beethoven--page-1.png
002489.png,note4,8,7,lg-80089604-aug-beethoven--page-1.png
002490.png,note4,8,8,lg-80089604-aug-beethoven--page-1.png
002491.png,note4,4,3,lg-80089604-aug-beethoven--page-1.png
002492.png,note4,4,-2,lg-80089604-aug-beethoven--page-1.png
002493.png,note2,2,-1,lg-80089604-aug-beethoven--page-1.png
002494.png,note4,8,6,lg-80089604-aug-beethoven--page-1.png
002495.png,note4,8,7,lg-80089604-aug-beethoven--page-1.png
002496.png,note4,4,1,lg-80089604-aug-beethoven--page-1.png
002497.png,note4,4,-4,lg-80089604-aug-beethoven--page-1.png
002498.png,note2,2.,-8,lg-38639212-aug-lilyjazz--page-3.png
002499.png,note4,16,1,lg-38639212-aug-lilyjazz--page-3.png
002500.png,note4,4.,0,lg-38639212-aug-lilyjazz--page-3.png
002501.png,note4,4.,2,lg-38639212-aug-lilyjazz--page-3.png
002502.png,note4,4.,4,lg-38639212-aug-lilyjazz--page-3.png
002503.png,note4,4.,6,lg-38639212-aug-lilyjazz--page-3.png
002504.png,note4,4.,9,lg-38639212-aug-lilyjazz--page-3.png
002505.png,note4,4.,-4,lg-38639212-aug-lilyjazz--page-3.png
002506.png,note4,4.,-11,lg-38639212-aug-lilyjazz--page-3.png
002507.png,note4,16,12,lg-38639212-aug-lilyjazz--page-3.png
002508.png,note4,16,11,lg-38639212-aug-lilyjazz--page-3.png
002509.png,note4,16,10,lg-38639212-aug-lilyjazz--page-3.png
002510.png,note4,16,9,lg-38639212-aug-lilyjazz--page-3.png
002511.png,note4,16,5,lg-38639212-aug-lilyjazz--page-3.png
002512.png,note4,16,4,lg-38639212-aug-lilyjazz--page-3.png
002513.png,note4,16,3,lg-38639212-aug-lilyjazz--page-3.png
002514.png,note4,16,2,lg-38639212-aug-lilyjazz--page-3.png
002515.png,note4,16,8,lg-38639212-aug-lilyjazz--page-3.png
002516.png,note4,16,7,lg-38639212-aug-lilyjazz--page-3.png
002517.png,note4,16,6,lg-38639212-aug-lilyjazz--page-3.png
002518.png,note4,8,7,lg-38639212-aug-lilyjazz--page-3.png
002519.png,note4,8,0,lg-38639212-aug-lilyjazz--page-3.png
002520.png,note4,8,4,lg-38639212-aug-lilyjazz--page-3.png
002521.png,note4,8,2,lg-38639212-aug-lilyjazz--page-3.png
002522.png,note4,8,8,lg-38639212-aug-lilyjazz--page-3.png
002523.png,note4,8,1,lg-38639212-aug-lilyjazz--page-3.png
002524.png,note4,8,5,lg-38639212-aug-lilyjazz--page-3.png
002525.png,note4,8,3,lg-38639212-aug-lilyjazz--page-3.png
002526.png,note4,8,-1,lg-38639212-aug-lilyjazz--page-3.png
002527.png,note4,4.,-11,lg-38639212-aug-lilyjazz--page-3.png
002528.png,note4,8,6,lg-38639212-aug-lilyjazz--page-3.png
002529.png,note4,8,5,lg-38639212-aug-lilyjazz--page-3.png
002530.png,note4,8,1,lg-38639212-aug-lilyjazz--page-3.png
002531.png,note4,4.,-10,lg-38639212-aug-lilyjazz--page-3.png
002532.png,note4,8,8,lg-38639212-aug-lilyjazz--page-3.png
002533.png,note4,8,1,lg-38639212-aug-lilyjazz--page-3.png
002534.png,note4,8,6,lg-38639212-aug-lilyjazz--page-3.png
002535.png,note4,8,1,lg-38639212-aug-lilyjazz--page-3.png
002536.png,note4,4.,-3,lg-38639212-aug-lilyjazz--page-3.png
002537.png,note4,4.,-10,lg-38639212-aug-lilyjazz--page-3.png
002538.png,note4,4.,8,lg-38639212-aug-lilyjazz--page-3.png
002539.png,note4,4.,6,lg-38639212-aug-lilyjazz--page-3.png
002540.png,note4,4.,1,lg-38639212-aug-lilyjazz--page-3.png
002541.png,note4,4.,3,lg-38639212-aug-lilyjazz--page-3.png
002542.png,note4,8,8,lg-38639212-aug-lilyjazz--page-3.png
002543.png,note4,8,2,lg-38639212-aug-lilyjazz--page-3.png
002544.png,note4,8,1,lg-38639212-aug-lilyjazz--page-3.png
002545.png,note4,8,6,lg-38639212-aug-lilyjazz--page-3.png
002546.png,note4,8,3,lg-38639212-aug-lilyjazz--page-3.png
002547.png,note4,8,7,lg-38639212-aug-lilyjazz--page-3.png
002548.png,note4,8,0,lg-38639212-aug-lilyjazz--page-3.png
002549.png,note4,8,4,lg-38639212-aug-lilyjazz--page-3.png
002550.png,note4,16,9,lg-38639212-aug-lilyjazz--page-3.png
002551.png,note4,16,11,lg-38639212-aug-lilyjazz--page-3.png
002552.png,note4,16,9,lg-38639212-aug-lilyjazz--page-3.png
002553.png,note4,16,8,lg-38639212-aug-lilyjazz--page-3.png
002554.png,note4,16,5,lg-38639212-aug-lilyjazz--page-3.png
002555.png,note2,2.,-8,lg-38639212-aug-lilyjazz--page-3.png
002556.png,note4,16,7,lg-38639212-aug-lilyjazz--page-3.png
002557.png,note4,16,2,lg-38639212-aug-lilyjazz--page-3.png
002558.png,note4,16,7,lg-38639212-aug-lilyjazz--page-3.png
002559.png,note4,16,6,lg-38639212-aug-lilyjazz--page-3.png
002560.png,note4,16,5,lg-38639212-aug-lilyjazz--page-3.png
002561.png,note4,16,4,lg-38639212-aug-lilyjazz--page-3.png
002562.png,note4,16,3,lg-38639212-aug-lilyjazz--page-3.png
002563.png,note4,16,10,lg-38639212-aug-lilyjazz--page-3.png
002564.png,note4,16,11,lg-38639212-aug-lilyjazz--page-3.png
002565.png,note4,16,9,lg-38639212-aug-lilyjazz--page-3.png
002566.png,note4,16,13,lg-38639212-aug-lilyjazz--page-3.png
002567.png,note2,2.,-8,lg-38639212-aug-lilyjazz--page-3.png
002568.png,note4,16,12,lg-38639212-aug-lilyjazz--page-3.png
002569.png,note4,16,8,lg-38639212-aug-lilyjazz--page-3.png
002570.png,note4,16,5,lg-38639212-aug-lilyjazz--page-3.png
002571.png,note4,16,6,lg-38639212-aug-lilyjazz--page-3.png
002572.png,note4,16,6,lg-38639212-aug-lilyjazz--page-3.png
002573.png,note4,16,7,lg-38639212-aug-lilyjazz--page-3.png
002574.png,note4,16,6,lg-38639212-aug-lilyjazz--page-3.png
002575.png,note4,16,8,lg-38639212-aug-lilyjazz--page-3.png
002576.png,note4,16,-2,lg-38639212-aug-lilyjazz--page-3.png
002577.png,note4,16,3,lg-38639212-aug-lilyjazz--page-3.png
002578.png,note4,16,-1,lg-38639212-aug-lilyjazz--page-3.png
002579.png,note4,16,4,lg-38639212-aug-lilyjazz--page-3.png
002580.png,note4,16,4,lg-38639212-aug-lilyjazz--page-3.png
002581.png,note4,16,0,lg-38639212-aug-lilyjazz--page-3.png
002582.png,note4,16,5,lg-38639212-aug-lilyjazz--page-3.png
002583.png,note4,16,-1,lg-38639212-aug-lilyjazz--page-3.png
002584.png,note4,16,-2,lg-38639212-aug-lilyjazz--page-3.png
002585.png,note4,16,3,lg-38639212-aug-lilyjazz--page-3.png
002586.png,note4,16,1,lg-38639212-aug-lilyjazz--page-3.png
002587.png,note4,16,2,lg-38639212-aug-lilyjazz--page-3.png
002588.png,note4,16,3,lg-38639212-aug-lilyjazz--page-3.png
002589.png,note4,16,-3,lg-38639212-aug-lilyjazz--page-3.png
002590.png,note4,16,2,lg-38639212-aug-lilyjazz--page-3.png
002591.png,note4,16,-4,lg-38639212-aug-lilyjazz--page-3.png
002592.png,note4,16,1,lg-38639212-aug-lilyjazz--page-3.png
002593.png,note4,16,-3,lg-38639212-aug-lilyjazz--page-3.png
002594.png,note4,16,2,lg-38639212-aug-lilyjazz--page-3.png
002595.png,note4,16,0,lg-38639212-aug-lilyjazz--page-3.png
002596.png,note4,16,5,lg-38639212-aug-lilyjazz--page-3.png
002597.png,note4,16,1,lg-38639212-aug-lilyjazz--page-3.png
002598.png,note4,16,6,lg-38639212-aug-lilyjazz--page-3.png
002599.png,note4,16,-2,lg-38639212-aug-lilyjazz--page-3.png
002600.png,note4,16,3,lg-38639212-aug-lilyjazz--page-3.png
002601.png,note4,16,-1,lg-38639212-aug-lilyjazz--page-3.png
002602.png,note4,16,4,lg-38639212-aug-lilyjazz--page-3.png
002603.png,note4,16,3,lg-38639212-aug-lilyjazz--page-3.png
002604.png,note4,16,5,lg-38639212-aug-lilyjazz--page-3.png
002605.png,note4,16,4,lg-38639212-aug-lilyjazz--page-3.png
002606.png,note4,16,2,lg-38639212-aug-lilyjazz--page-3.png
002607.png,note4,16,4,lg-38639212-aug-lilyjazz--page-3.png
002608.png,note4,16,5,lg-38639212-aug-lilyjazz--page-3.png
002609.png,note4,16,6,lg-38639212-aug-lilyjazz--page-3.png
002610.png,note4,16,4,lg-38639212-aug-lilyjazz--page-3.png
002611.png,note4,16,3,lg-38639212-aug-lilyjazz--page-3.png
002612.png,note4,16,3,lg-38639212-aug-lilyjazz--page-3.png
002613.png,note4,16,5,lg-38639212-aug-lilyjazz--page-3.png
002614.png,note4,16,4,lg-38639212-aug-lilyjazz--page-3.png
002615.png,note4,16,2,lg-38639212-aug-lilyjazz--page-3.png
002616.png,note4,16,4,lg-38639212-aug-lilyjazz--page-3.png
002617.png,note4,16,5,lg-38639212-aug-lilyjazz--page-3.png
002618.png,note4,16,6,lg-38639212-aug-lilyjazz--page-3.png
002619.png,note4,16,4,lg-38639212-aug-lilyjazz--page-3.png
002620.png,note4,16,3,lg-38639212-aug-lilyjazz--page-3.png
002621.png,note4,16,1,lg-38639212-aug-lilyjazz--page-3.png
002622.png,note4,16,2,lg-38639212-aug-lilyjazz--page-3.png
002623.png,note4,16,3,lg-38639212-aug-lilyjazz--page-3.png
002624.png,note4,16,3,lg-38639212-aug-lilyjazz--page-3.png
002625.png,note4,16,-2,lg-38639212-aug-lilyjazz--page-3.png
002626.png,note4,8,-6,lg-38639212-aug-lilyjazz--page-3.png
002627.png,note4,16,4,lg-38639212-aug-lilyjazz--page-3.png
002628.png,note4,16,-1,lg-38639212-aug-lilyjazz--page-3.png
002629.png,note4,16,-3,lg-38639212-aug-lilyjazz--page-3.png
002630.png,note4,16,2,lg-38639212-aug-lilyjazz--page-3.png
002631.png,note4,16,3,lg-38639212-aug-lilyjazz--page-3.png
002632.png,note4,16,-2,lg-38639212-aug-lilyjazz--page-3.png
002633.png,note4,8,-6,lg-38639212-aug-lilyjazz--page-3.png
002634.png,note4,8,-6,lg-38639212-aug-lilyjazz--page-3.png
002635.png,note4,16,-1,lg-38639212-aug-lilyjazz--page-3.png
002636.png,note4,16,3,lg-38639212-aug-lilyjazz--page-3.png
002637.png,note4,16,-2,lg-38639212-aug-lilyjazz--page-3.png
002638.png,note4,16,5,lg-38639212-aug-lilyjazz--page-3.png
002639.png,note4,16,0,lg-38639212-aug-lilyjazz--page-3.png
002640.png,note4,16,4,lg-38639212-aug-lilyjazz--page-3.png
002641.png,note4,16,1,lg-38639212-aug-lilyjazz--page-3.png
002642.png,note4,16,-4,lg-38639212-aug-lilyjazz--page-3.png
002643.png,note4,16,2,lg-38639212-aug-lilyjazz--page-3.png
002644.png,note4,16,-3,lg-38639212-aug-lilyjazz--page-3.png
002645.png,note4,8,-6,lg-38639212-aug-lilyjazz--page-3.png
002646.png,note4,16,-3,lg-38639212-aug-lilyjazz--page-3.png
002647.png,note4,8,-6,lg-38639212-aug-lilyjazz--page-3.png
002648.png,note4,16,2,lg-38639212-aug-lilyjazz--page-3.png
002649.png,note4,16,1,lg-38639212-aug-lilyjazz--page-3.png
002650.png,note4,16,3,lg-38639212-aug-lilyjazz--page-3.png
002651.png,note4,16,-2,lg-38639212-aug-lilyjazz--page-3.png
002652.png,note4,16,-4,lg-38639212-aug-lilyjazz--page-3.png
002653.png,note4,16,4,lg-38639212-aug-lilyjazz--page-3.png
002654.png,note4,16,-1,lg-38639212-aug-lilyjazz--page-3.png
002655.png,note4,16,6,lg-38639212-aug-lilyjazz--page-3.png
002656.png,note4,16,1,lg-38639212-aug-lilyjazz--page-3.png
002657.png,note4,8,-6,lg-38639212-aug-lilyjazz--page-3.png
002658.png,note4,16,5,lg-38639212-aug-lilyjazz--page-3.png
002659.png,note4,16,0,lg-38639212-aug-lilyjazz--page-3.png
002660.png,note4,8,-6,lg-38639212-aug-lilyjazz--page-3.png
002661.png,note4,16,-1,lg-38639212-aug-lilyjazz--page-3.png
002662.png,note4,16,4,lg-38639212-aug-lilyjazz--page-3.png
002663.png,note4,8,-6,lg-38639212-aug-lilyjazz--page-3.png
002664.png,note4,16,5,lg-38639212-aug-lilyjazz--page-3.png
002665.png,note4,16,0,lg-38639212-aug-lilyjazz--page-3.png
002666.png,note4,16,6,lg-38639212-aug-lilyjazz--page-3.png
002667.png,note4,16,1,lg-38639212-aug-lilyjazz--page-3.png
002668.png,note4,16,5,lg-38639212-aug-lilyjazz--page-3.png
002669.png,note4,16,0,lg-38639212-aug-lilyjazz--page-3.png
002670.png,note4,16,4,lg-38639212-aug-lilyjazz--page-3.png
002671.png,note4,16,-1,lg-38639212-aug-lilyjazz--page-3.png
002672.png,note4,16,3,lg-38639212-aug-lilyjazz--page-3.png
002673.png,note4,16,-2,lg-38639212-aug-lilyjazz--page-3.png
002674.png,note4,16,2,lg-38639212-aug-lilyjazz--page-3.png
002675.png,note4,16,-3,lg-38639212-aug-lilyjazz--page-3.png
002676.png,note4,16,-1,lg-38639212-aug-lilyjazz--page-3.png
002677.png,note4,16,4,lg-38639212-aug-lilyjazz--page-3.png
002678.png,note4,16,0,lg-38639212-aug-lilyjazz--page-3.png
002679.png,note4,16,3,lg-38639212-aug-lilyjazz--page-3.png
002680.png,note4,16,-2,lg-38639212-aug-lilyjazz--page-3.png
002681.png,note4,16,4,lg-38639212-aug-lilyjazz--page-3.png
002682.png,note4,16,-1,lg-38639212-aug-lilyjazz--page-3.png
002683.png,note4,16,5,lg-38639212-aug-lilyjazz--page-3.png
002684.png,note4,16,2,lg-38639212-aug-lilyjazz--page-3.png
002685.png,note4,16,-3,lg-38639212-aug-lilyjazz--page-3.png
002686.png,note4,16,3,lg-38639212-aug-lilyjazz--page-3.png
002687.png,note4,16,-2,lg-38639212-aug-lilyjazz--page-3.png
002688.png,note4,16,4,lg-38639212-aug-lilyjazz--page-3.png
002689.png,note4,16,-1,lg-38639212-aug-lilyjazz--page-3.png
002690.png,note4,16,5,lg-38639212-aug-lilyjazz--page-3.png
002691.png,note4,16,0,lg-38639212-aug-lilyjazz--page-3.png
002692.png,note4,8,-6,lg-38639212-aug-lilyjazz--page-3.png
002693.png,note4,16,3,lg-38639212-aug-lilyjazz--page-3.png
002694.png,note4,16,-2,lg-38639212-aug-lilyjazz--page-3.png
002695.png,note4,8,-6,lg-38639212-aug-lilyjazz--page-3.png
002696.png,note4,8,-6,lg-38639212-aug-lilyjazz--page-3.png
002697.png,note4,16,6,lg-38639212-aug-lilyjazz--page-3.png
002698.png,note4,16,1,lg-38639212-aug-lilyjazz--page-3.png
002699.png,note4,16,4,lg-38639212-aug-lilyjazz--page-3.png
002700.png,note4,16,-1,lg-38639212-aug-lilyjazz--page-3.png
002701.png,note4,16,3,lg-38639212-aug-lilyjazz--page-3.png
002702.png,note4,16,-2,lg-38639212-aug-lilyjazz--page-3.png
002703.png,note4,8,-6,lg-38639212-aug-lilyjazz--page-3.png
002704.png,note4,16,-3,lg-38639212-aug-lilyjazz--page-3.png
002705.png,note4,16,2,lg-38639212-aug-lilyjazz--page-3.png
002706.png,note4,16,-4,lg-38639212-aug-lilyjazz--page-3.png
002707.png,note4,16,1,lg-38639212-aug-lilyjazz--page-3.png
002708.png,note4,16,6,lg-38639212-aug-lilyjazz--page-3.png
002709.png,note4,16,4,lg-38639212-aug-lilyjazz--page-3.png
002710.png,note4,16,-1,lg-38639212-aug-lilyjazz--page-3.png
002711.png,note4,16,4,lg-38639212-aug-lilyjazz--page-3.png
002712.png,note4,16,0,lg-38639212-aug-lilyjazz--page-3.png
002713.png,note4,16,5,lg-38639212-aug-lilyjazz--page-3.png
002714.png,note4,16,1,lg-38639212-aug-lilyjazz--page-3.png
002715.png,note4,8,-6,lg-38639212-aug-lilyjazz--page-3.png
002716.png,note4,8,-13,lg-38639212-aug-lilyjazz--page-3.png
002717.png,note4,8,-6,lg-38639212-aug-lilyjazz--page-3.png
002718.png,note4,8,-13,lg-38639212-aug-lilyjazz--page-3.png
002719.png,note4,16,-2,lg-38639212-aug-lilyjazz--page-3.png
002720.png,note4,16,3,lg-38639212-aug-lilyjazz--page-3.png
002721.png,note4,16,-3,lg-38639212-aug-lilyjazz--page-3.png
002722.png,note4,16,2,lg-38639212-aug-lilyjazz--page-3.png
002723.png,note4,16,-1,lg-38639212-aug-lilyjazz--page-3.png
002724.png,note4,8,-6,lg-38639212-aug-lilyjazz--page-3.png
002725.png,note4,8,-13,lg-38639212-aug-lilyjazz--page-3.png
002726.png,note4,16,0,lg-38639212-aug-lilyjazz--page-3.png
002727.png,note4,16,5,lg-38639212-aug-lilyjazz--page-3.png
002728.png,note4,16,4,lg-38639212-aug-lilyjazz--page-3.png
002729.png,note4,4,-4,lg-38639212-aug-lilyjazz--page-3.png
002730.png,note4,4,-6,lg-38639212-aug-lilyjazz--page-3.png
002731.png,note4,4,-13,lg-38639212-aug-lilyjazz--page-3.png
002732.png,note4,4,8,lg-38639212-aug-lilyjazz--page-3.png
002733.png,note4,4,5,lg-38639212-aug-lilyjazz--page-3.png
002734.png,note4,4,3,lg-38639212-aug-lilyjazz--page-3.png
002735.png,note4,4,1,lg-38639212-aug-lilyjazz--page-3.png
002736.png,note4,16,2,lg-38639212-aug-lilyjazz--page-3.png
002737.png,note4,16,-2,lg-38639212-aug-lilyjazz--page-3.png
002738.png,note4,16,3,lg-38639212-aug-lilyjazz--page-3.png
002739.png,note4,16,-3,lg-38639212-aug-lilyjazz--page-3.png
002740.png,note4,8,-6,lg-38639212-aug-lilyjazz--page-3.png
002741.png,note4,8,-13,lg-38639212-aug-lilyjazz--page-3.png
002742.png,note4,16,-4,lg-38639212-aug-lilyjazz--page-3.png
002743.png,note4,16,1,lg-38639212-aug-lilyjazz--page-3.png
002744.png,note4,16,-1,lg-38639212-aug-lilyjazz--page-3.png
002745.png,note4,8,-6,lg-38639212-aug-lilyjazz--page-3.png
002746.png,note4,8,-13,lg-38639212-aug-lilyjazz--page-3.png
002747.png,note4,16,4,lg-38639212-aug-lilyjazz--page-3.png
002748.png,note4,16,-1,lg-38639212-aug-lilyjazz--page-3.png
002749.png,note4,16,5,lg-38639212-aug-lilyjazz--page-3.png
002750.png,note4,16,0,lg-38639212-aug-lilyjazz--page-3.png
002751.png,note4,8,-13,lg-38639212-aug-lilyjazz--page-3.png
002752.png,note4,8,-6,lg-38639212-aug-lilyjazz--page-3.png
002753.png,note4,16,1,lg-38639212-aug-lilyjazz--page-3.png
002754.png,note4,16,6,lg-38639212-aug-lilyjazz--page-3.png
002755.png,note4,16,-1,lg-38639212-aug-lilyjazz--page-3.png
002756.png,note4,16,4,lg-38639212-aug-lilyjazz--page-3.png
002757.png,note4,8,-6,lg-38639212-aug-lilyjazz--page-3.png
002758.png,note4,8,-13,lg-38639212-aug-lilyjazz--page-3.png
002759.png,note4,16,-2,lg-38639212-aug-lilyjazz--page-3.png
002760.png,note4,16,3,lg-38639212-aug-lilyjazz--page-3.png
002761.png,note4,8,-6,lg-38639212-aug-lilyjazz--page-3.png
002762.png,note4,8,-13,lg-38639212-aug-lilyjazz--page-3.png
002763.png,note4,16,-2,lg-38639212-aug-lilyjazz--page-3.png
002764.png,note4,16,3,lg-38639212-aug-lilyjazz--page-3.png
002765.png,note4,16,-3,lg-38639212-aug-lilyjazz--page-3.png
002766.png,note4,16,2,lg-38639212-aug-lilyjazz--page-3.png
002767.png,note4,16,1,lg-38639212-aug-lilyjazz--page-3.png
002768.png,note4,8,-6,lg-38639212-aug-lilyjazz--page-3.png
002769.png,note4,8,-13,lg-38639212-aug-lilyjazz--page-3.png
002770.png,note4,16,-3,lg-38639212-aug-lilyjazz--page-3.png
002771.png,note4,16,2,lg-38639212-aug-lilyjazz--page-3.png
002772.png,note4,8,-13,lg-38639212-aug-lilyjazz--page-3.png
002773.png,note4,16,-2,lg-38639212-aug-lilyjazz--page-3.png
002774.png,note4,8,-6,lg-38639212-aug-lilyjazz--page-3.png
002775.png,note4,8,-13,lg-38639212-aug-lilyjazz--page-3.png
002776.png,note4,16,-2,lg-38639212-aug-lilyjazz--page-3.png
002777.png,note4,16,3,lg-38639212-aug-lilyjazz--page-3.png
002778.png,note4,16,-4,lg-38639212-aug-lilyjazz--page-3.png
002779.png,note4,8,-13,lg-38639212-aug-lilyjazz--page-3.png
002780.png,note4,16,-1,lg-38639212-aug-lilyjazz--page-3.png
002781.png,note4,16,4,lg-38639212-aug-lilyjazz--page-3.png
002782.png,note4,16,3,lg-38639212-aug-lilyjazz--page-3.png
002783.png,note4,16,0,lg-38639212-aug-lilyjazz--page-3.png
002784.png,note4,16,5,lg-38639212-aug-lilyjazz--page-3.png
002785.png,note4,8,-6,lg-38639212-aug-lilyjazz--page-3.png
002786.png,note4,8,-6,lg-38639212-aug-lilyjazz--page-3.png
002787.png,note16,16,0,lg-54975867-aug-gutenberg1939--page-12.png
002788.png,note16,16,-1,lg-54975867-aug-gutenberg1939--page-12.png
002789.png,note16,16,-1,lg-54975867-aug-gutenberg1939--page-12.png
002790.png,note4,8.,0,lg-54975867-aug-gutenberg1939--page-12.png
002791.png,note4,8.,3,lg-54975867-aug-gutenberg1939--page-12.png
002792.png,note4,8.,0,lg-54975867-aug-gutenberg1939--page-12.png
002793.png,note4,8.,-1,lg-54975867-aug-gutenberg1939--page-12.png
002794.png,note4,8.,-1,lg-54975867-aug-gutenberg1939--page-12.png
002795.png,note4,16,0,lg-54975867-aug-gutenberg1939--page-12.png
002796.png,note4,16,3,lg-54975867-aug-gutenberg1939--page-12.png
002797.png,note4,4,0,lg-54975867-aug-gutenberg1939--page-12.png
002798.png,note4,4,1,lg-54975867-aug-gutenberg1939--page-12.png
002799.png,note4,4,4,lg-54975867-aug-gutenberg1939--page-12.png
002800.png,note4,4,1,lg-54975867-aug-gutenberg1939--page-12.png
002801.png,note4,16,0,lg-54975867-aug-gutenberg1939--page-12.png
002802.png,note4,4,0,lg-54975867-aug-gutenberg1939--page-12.png
002803.png,note16,16,0,lg-54975867-aug-gutenberg1939--page-12.png
002804.png,note4,16,-1,lg-54975867-aug-gutenberg1939--page-12.png
002805.png,note4,16,-1,lg-54975867-aug-gutenberg1939--page-12.png
002806.png,note16,16,3,lg-54975867-aug-gutenberg1939--page-12.png
002807.png,note4,8,1,lg-54975867-aug-gutenberg1939--page-12.png
002808.png,note4,8,4,lg-54975867-aug-gutenberg1939--page-12.png
002809.png,note4,8,1,lg-54975867-aug-gutenberg1939--page-12.png
002810.png,note4,8,0,lg-54975867-aug-gutenberg1939--page-12.png
002811.png,note4,8,0,lg-54975867-aug-gutenberg1939--page-12.png
002812.png,note4,8,1,lg-54975867-aug-gutenberg1939--page-12.png
002813.png,note4,8,4,lg-54975867-aug-gutenberg1939--page-12.png
002814.png,note4,8,1,lg-54975867-aug-gutenberg1939--page-12.png
002815.png,note4,8,0,lg-54975867-aug-gutenberg1939--page-12.png
002816.png,note4,8,0,lg-54975867-aug-gutenberg1939--page-12.png
002817.png,note4,8,2,lg-54975867-aug-gutenberg1939--page-12.png
002818.png,note4,8,5,lg-54975867-aug-gutenberg1939--page-12.png
002819.png,note4,8,2,lg-54975867-aug-gutenberg1939--page-12.png
002820.png,note4,8,1,lg-54975867-aug-gutenberg1939--page-12.png
002821.png,note4,8,1,lg-54975867-aug-gutenberg1939--page-12.png
002822.png,note4,4,1,lg-54975867-aug-gutenberg1939--page-12.png
002823.png,note4,4,0,lg-54975867-aug-gutenberg1939--page-12.png
002824.png,note4,4,0,lg-54975867-aug-gutenberg1939--page-12.png
002825.png,note1,1,4,lg-54975867-aug-gutenberg1939--page-12.png
002826.png,note1,1,-1,lg-54975867-aug-gutenberg1939--page-12.png
002827.png,note4,4,1,lg-54975867-aug-gutenberg1939--page-12.png
002828.png,note4,4,4,lg-54975867-aug-gutenberg1939--page-12.png
002829.png,note1,1,1,lg-54975867-aug-gutenberg1939--page-12.png
002830.png,note4,4,1,lg-54975867-aug-gutenberg1939--page-12.png
002831.png,note4,4,4,lg-54975867-aug-gutenberg1939--page-12.png
002832.png,note4,4,1,lg-54975867-aug-gutenberg1939--page-12.png
002833.png,note4,4,0,lg-54975867-aug-gutenberg1939--page-12.png
002834.png,note4,4,0,lg-54975867-aug-gutenberg1939--page-12.png
002835.png,note4,8.,1,lg-54975867-aug-gutenberg1939--page-12.png
002836.png,note4,8.,2,lg-54975867-aug-gutenberg1939--page-12.png
002837.png,note4,8.,5,lg-54975867-aug-gutenberg1939--page-12.png
002838.png,note4,8.,2,lg-54975867-aug-gutenberg1939--page-12.png
002839.png,note4,8.,1,lg-54975867-aug-gutenberg1939--page-12.png
002840.png,note1,1,2,lg-54975867-aug-gutenberg1939--page-12.png
002841.png,note4,4,1,lg-54975867-aug-gutenberg1939--page-12.png
002842.png,note4,4,4,lg-54975867-aug-gutenberg1939--page-12.png
002843.png,note1,1,-2,lg-54975867-aug-gutenberg1939--page-12.png
002844.png,note1,1,7,lg-54975867-aug-gutenberg1939--page-12.png
002845.png,note4,4,1,lg-54975867-aug-gutenberg1939--page-12.png
002846.png,note4,4,0,lg-54975867-aug-gutenberg1939--page-12.png
002847.png,note4,4,0,lg-54975867-aug-gutenberg1939--page-12.png
002848.png,note4,4,1,lg-54975867-aug-gutenberg1939--page-12.png
002849.png,note4,4,4,lg-54975867-aug-gutenberg1939--page-12.png
002850.png,note4,4,1,lg-54975867-aug-gutenberg1939--page-12.png
002851.png,note4,4,0,lg-54975867-aug-gutenberg1939--page-12.png
002852.png,note4,4,0,lg-54975867-aug-gutenberg1939--page-12.png
002853.png,note4,4,2,lg-54975867-aug-gutenberg1939--page-12.png
002854.png,note4,16,3,lg-54975867-aug-gutenberg1939--page-12.png
002855.png,note4,16,6,lg-54975867-aug-gutenberg1939--page-12.png
002856.png,note4,16,3,lg-54975867-aug-gutenberg1939--page-12.png
002857.png,note4,16,2,lg-54975867-aug-gutenberg1939--page-12.png
002858.png,note4,16,2,lg-54975867-aug-gutenberg1939--page-12.png
002859.png,note4,4,5,lg-54975867-aug-gutenberg1939--page-12.png
002860.png,note4,4,2,lg-54975867-aug-gutenberg1939--page-12.png
002861.png,note4,4,1,lg-54975867-aug-gutenberg1939--page-12.png
002862.png,note4,4,1,lg-54975867-aug-gutenberg1939--page-12.png
002863.png,note4,4,0,lg-54975867-aug-gutenberg1939--page-12.png
002864.png,note4,4,1,lg-54975867-aug-gutenberg1939--page-12.png
002865.png,note4,4,4,lg-54975867-aug-gutenberg1939--page-12.png
002866.png,note4,4,1,lg-54975867-aug-gutenberg1939--page-12.png
002867.png,note4,4,0,lg-54975867-aug-gutenberg1939--page-12.png
002868.png,note4,4,1,lg-54975867-aug-gutenberg1939--page-12.png
002869.png,note4,4,4,lg-54975867-aug-gutenberg1939--page-12.png
002870.png,note4,4,1,lg-54975867-aug-gutenberg1939--page-12.png
002871.png,note4,4,0,lg-54975867-aug-gutenberg1939--page-12.png
002872.png,note4,4,0,lg-54975867-aug-gutenberg1939--page-12.png
002873.png,note4,16,-1,lg-54975867-aug-gutenberg1939--page-12.png
002874.png,note4,16,-1,lg-54975867-aug-gutenberg1939--page-12.png
002875.png,note4,16,0,lg-54975867-aug-gutenberg1939--page-12.png
002876.png,note4,16,0,lg-54975867-aug-gutenberg1939--page-12.png
002877.png,note4,16,3,lg-54975867-aug-gutenberg1939--page-12.png
002878.png,note4,4,1,lg-54975867-aug-gutenberg1939--page-12.png
002879.png,note4,4,1,lg-54975867-aug-gutenberg1939--page-12.png
002880.png,note4,4,4,lg-54975867-aug-gutenberg1939--page-12.png
002881.png,note4,4,1,lg-54975867-aug-gutenberg1939--page-12.png
002882.png,note4,4,0,lg-54975867-aug-gutenberg1939--page-12.png
002883.png,note4,4,0,lg-54975867-aug-gutenberg1939--page-12.png
002884.png,note4,4,1,lg-54975867-aug-gutenberg1939--page-12.png
002885.png,note4,4,4,lg-54975867-aug-gutenberg1939--page-12.png
002886.png,note4,4,1,lg-54975867-aug-gutenberg1939--page-12.png
002887.png,note4,4,0,lg-54975867-aug-gutenberg1939--page-12.png
002888.png,note4,4,0,lg-54975867-aug-gutenberg1939--page-12.png
002889.png,note16,16,3,lg-54975867-aug-gutenberg1939--page-12.png
002890.png,note16,16,0,lg-54975867-aug-gutenberg1939--page-12.png
002891.png,note16,16,-1,lg-54975867-aug-gutenberg1939--page-12.png
002892.png,note16,16,-1,lg-54975867-aug-gutenberg1939--page-12.png
002893.png,note16,16,0,lg-54975867-aug-gutenberg1939--page-12.png
002894.png,note4,8.,0,lg-54975867-aug-gutenberg1939--page-12.png
002895.png,note4,8.,3,lg-54975867-aug-gutenberg1939--page-12.png
002896.png,note4,8.,0,lg-54975867-aug-gutenberg1939--page-12.png
002897.png,note4,8.,-1,lg-54975867-aug-gutenberg1939--page-12.png
002898.png,note4,8.,-1,lg-54975867-aug-gutenberg1939--page-12.png
002899.png,note1,1,-3,lg-54975867-aug-gutenberg1939--page-12.png
002900.png,note4,8,1,lg-54975867-aug-gutenberg1939--page-12.png
002901.png,note4,8,4,lg-54975867-aug-gutenberg1939--page-12.png
002902.png,note1,1,-1,lg-54975867-aug-gutenberg1939--page-12.png
002903.png,note1,1,2,lg-54975867-aug-gutenberg1939--page-12.png
002904.png,note4,4,4,lg-54975867-aug-gutenberg1939--page-12.png
002905.png,note4,4,1,lg-54975867-aug-gutenberg1939--page-12.png
002906.png,note4,4,1,lg-54975867-aug-gutenberg1939--page-12.png
002907.png,note4,4,0,lg-54975867-aug-gutenberg1939--page-12.png
002908.png,note4,4,0,lg-54975867-aug-gutenberg1939--page-12.png
002909.png,note4,8,3,lg-54975867-aug-gutenberg1939--page-12.png
002910.png,note4,8,0,lg-54975867-aug-gutenberg1939--page-12.png
002911.png,note4,8,-1,lg-54975867-aug-gutenberg1939--page-12.png
002912.png,note4,8,-1,lg-54975867-aug-gutenberg1939--page-12.png
002913.png,note4,8,0,lg-54975867-aug-gutenberg1939--page-12.png
002914.png,note4,8,1,lg-54975867-aug-gutenberg1939--page-12.png
002915.png,note4,8,1,lg-54975867-aug-gutenberg1939--page-12.png
002916.png,note4,8,4,lg-54975867-aug-gutenberg1939--page-12.png
002917.png,note4,8,0,lg-54975867-aug-gutenberg1939--page-12.png
002918.png,note4,8,0,lg-54975867-aug-gutenberg1939--page-12.png
002919.png,note4,8,1,lg-54975867-aug-gutenberg1939--page-12.png
002920.png,note4,8.,2,lg-54975867-aug-gutenberg1939--page-12.png
002921.png,note4,8.,1,lg-54975867-aug-gutenberg1939--page-12.png
002922.png,note4,8.,1,lg-54975867-aug-gutenberg1939--page-12.png
002923.png,note4,4,2,lg-54975867-aug-gutenberg1939--page-12.png
002924.png,note4,4,5,lg-54975867-aug-gutenberg1939--page-12.png
002925.png,note4,4,2,lg-54975867-aug-gutenberg1939--page-12.png
002926.png,note4,4,1,lg-54975867-aug-gutenberg1939--page-12.png
002927.png,note4,16,3,lg-54975867-aug-gutenberg1939--page-12.png
002928.png,note4,16,6,lg-54975867-aug-gutenberg1939--page-12.png
002929.png,note4,16,3,lg-54975867-aug-gutenberg1939--page-12.png
002930.png,note4,16,2,lg-54975867-aug-gutenberg1939--page-12.png
002931.png,note4,16,2,lg-54975867-aug-gutenberg1939--page-12.png
002932.png,note4,8.,5,lg-54975867-aug-gutenberg1939--page-12.png
002933.png,note4,4,1,lg-54975867-aug-gutenberg1939--page-12.png
002934.png,note4,4,4,lg-54975867-aug-gutenberg1939--page-12.png
002935.png,note4,4,1,lg-54975867-aug-gutenberg1939--page-12.png
002936.png,note4,4,0,lg-54975867-aug-gutenberg1939--page-12.png
002937.png,note4,4,0,lg-54975867-aug-gutenberg1939--page-12.png
002938.png,note4,8,0,lg-54975867-aug-gutenberg1939--page-12.png
002939.png,note4,8.,2,lg-54975867-aug-gutenberg1939--page-12.png
002940.png,note4,8,0,lg-54975867-aug-gutenberg1939--page-12.png
002941.png,note4,4,-6,lg-45216451-aug-beethoven--page-3.png
002942.png,note4,4,-4,lg-45216451-aug-beethoven--page-3.png
002943.png,note4,4,-4,lg-45216451-aug-beethoven--page-3.png
002944.png,note4,4,-8,lg-45216451-aug-beethoven--page-3.png
002945.png,note4,4,-4,lg-45216451-aug-beethoven--page-3.png
002946.png,note4,4,-5,lg-45216451-aug-beethoven--page-3.png
002947.png,note2,2,-6,lg-45216451-aug-beethoven--page-3.png
002948.png,note4,4,-8,lg-45216451-aug-beethoven--page-3.png
002949.png,note2,2,-4,lg-45216451-aug-beethoven--page-3.png
002950.png,note4,4,-3,lg-45216451-aug-beethoven--page-3.png
002951.png,note1,1,-9,lg-45216451-aug-beethoven--page-3.png
002952.png,note4,4,-3,lg-45216451-aug-beethoven--page-3.png
002953.png,note4,4,-8,lg-45216451-aug-beethoven--page-3.png
002954.png,note4,4,-4,lg-45216451-aug-beethoven--page-3.png
002955.png,note1,1,-5,lg-45216451-aug-beethoven--page-3.png
002956.png,note2,2,-8,lg-45216451-aug-beethoven--page-3.png
002957.png,note1,1,-7,lg-45216451-aug-beethoven--page-3.png
002958.png,note4,4,-4,lg-45216451-aug-beethoven--page-3.png
002959.png,note4,4,-8,lg-45216451-aug-beethoven--page-3.png
002960.png,note4,4,-4,lg-45216451-aug-beethoven--page-3.png
002961.png,note1,1,-5,lg-45216451-aug-beethoven--page-3.png
002962.png,note1,1,-7,lg-45216451-aug-beethoven--page-3.png
002963.png,note1,1,-9,lg-45216451-aug-beethoven--page-3.png
002964.png,note4,4,-8,lg-45216451-aug-beethoven--page-3.png
002965.png,note4,4,-4,lg-45216451-aug-beethoven--page-3.png
002966.png,note4,4,-8,lg-45216451-aug-beethoven--page-3.png
002967.png,note4,4,-4,lg-45216451-aug-beethoven--page-3.png
002968.png,note4,4,-4,lg-45216451-aug-beethoven--page-3.png
002969.png,note4,4,-4,lg-45216451-aug-beethoven--page-3.png
002970.png,note4,4,-3,lg-45216451-aug-beethoven--page-3.png
002971.png,note8,4,-4,lg-45216451-aug-beethoven--page-3.png
002972.png,note8,8,-2,lg-45216451-aug-beethoven--page-3.png
002973.png,note1,1,-6,lg-45216451-aug-beethoven--page-3.png
002974.png,note1,1,-8,lg-45216451-aug-beethoven--page-3.png
002975.png,note1,1,-10,lg-45216451-aug-beethoven--page-3.png
002976.png,note4,4,-8,lg-45216451-aug-beethoven--page-3.png
002977.png,note8,8,-5,lg-45216451-aug-beethoven--page-3.png
002978.png,note4,4,-4,lg-45216451-aug-beethoven--page-3.png
002979.png,note4,4,-4,lg-45216451-aug-beethoven--page-3.png
002980.png,note1,1,-5,lg-45216451-aug-beethoven--page-3.png
002981.png,note1,1,-7,lg-45216451-aug-beethoven--page-3.png
002982.png,note1,1,-9,lg-45216451-aug-beethoven--page-3.png
002983.png,note4,4,-5,lg-45216451-aug-beethoven--page-3.png
002984.png,note4,4,-3,lg-45216451-aug-beethoven--page-3.png
002985.png,note4,4,-5,lg-45216451-aug-beethoven--page-3.png
002986.png,note2,2,-6,lg-45216451-aug-beethoven--page-3.png
002987.png,note2,2,-8,lg-45216451-aug-beethoven--page-3.png
002988.png,note2,2,-10,lg-45216451-aug-beethoven--page-3.png
002989.png,note4,4,-4,lg-45216451-aug-beethoven--page-3.png
002990.png,note4,4,-5,lg-45216451-aug-beethoven--page-3.png
002991.png,note4,4,-4,lg-45216451-aug-beethoven--page-3.png
002992.png,note4,4,-5,lg-45216451-aug-beethoven--page-3.png
002993.png,note2,2,-3,lg-45216451-aug-beethoven--page-3.png
002994.png,note4,4,-5,lg-45216451-aug-beethoven--page-3.png
002995.png,note4,4,-6,lg-45216451-aug-beethoven--page-3.png
002996.png,note4,4,-5,lg-45216451-aug-beethoven--page-3.png
002997.png,note4,4,-5,lg-45216451-aug-beethoven--page-3.png
002998.png,note4,4,-7,lg-45216451-aug-beethoven--page-3.png
002999.png,note2,2,-4,lg-45216451-aug-beethoven--page-3.png
003000.png,note2,2,-10,lg-45216451-aug-beethoven--page-3.png
003001.png,note2,2,-8,lg-45216451-aug-beethoven--page-3.png
003002.png,note4,4,-7,lg-45216451-aug-beethoven--page-3.png
003003.png,note2,2,-5,lg-45216451-aug-beethoven--page-3.png
003004.png,note2,2,-8,lg-45216451-aug-beethoven--page-3.png
003005.png,note2,2,-10,lg-45216451-aug-beethoven--page-3.png
003006.png,note4,4,-4,lg-45216451-aug-beethoven--page-3.png
003007.png,note2,2,-5,lg-45216451-aug-beethoven--page-3.png
003008.png,note8,4,-7,lg-45216451-aug-beethoven--page-3.png
003009.png,note8,4,-3,lg-45216451-aug-beethoven--page-3.png
003010.png,note4,4,-7,lg-45216451-aug-beethoven--page-3.png
003011.png,note4,4,-8,lg-45216451-aug-beethoven--page-3.png
003012.png,note4,4,-7,lg-45216451-aug-beethoven--page-3.png
003013.png,note2,2,-5,lg-45216451-aug-beethoven--page-3.png
003014.png,note2,2,-8,lg-45216451-aug-beethoven--page-3.png
003015.png,note2,2,-10,lg-45216451-aug-beethoven--page-3.png
003016.png,note4,4,-3,lg-45216451-aug-beethoven--page-3.png
003017.png,note4,4,-7,lg-45216451-aug-beethoven--page-3.png
003018.png,note4,4,-5,lg-45216451-aug-beethoven--page-3.png
003019.png,note2,2,-5,lg-45216451-aug-beethoven--page-3.png
003020.png,note4,4,-7,lg-45216451-aug-beethoven--page-3.png
003021.png,note2,2,-8,lg-45216451-aug-beethoven--page-3.png
003022.png,note2,2,-10,lg-45216451-aug-beethoven--page-3.png
003023.png,note2,2,-5,lg-45216451-aug-beethoven--page-3.png
003024.png,note4,4,-7,lg-45216451-aug-beethoven--page-3.png
003025.png,note4,4,-5,lg-45216451-aug-beethoven--page-3.png
003026.png,note1,1,-6,lg-45216451-aug-beethoven--page-3.png
003027.png,note1,1,-8,lg-45216451-aug-beethoven--page-3.png
003028.png,note1,1,-10,lg-45216451-aug-beethoven--page-3.png
003029.png,note4,4,-5,lg-45216451-aug-beethoven--page-3.png
003030.png,note4,8,-3,lg-45216451-aug-beethoven--page-3.png
003031.png,note4,8,-3,lg-45216451-aug-beethoven--page-3.png
003032.png,note4,8,-4,lg-45216451-aug-beethoven--page-3.png
003033.png,note4,4,-5,lg-45216451-aug-beethoven--page-3.png
003034.png,note1,1,-6,lg-45216451-aug-beethoven--page-3.png
003035.png,note1,1,-8,lg-45216451-aug-beethoven--page-3.png
003036.png,note1,1,-10,lg-45216451-aug-beethoven--page-3.png
003037.png,note2,2,-3,lg-45216451-aug-beethoven--page-3.png
003038.png,note4,4,-5,lg-45216451-aug-beethoven--page-3.png
003039.png,note4,4,-5,lg-45216451-aug-beethoven--page-3.png
003040.png,note2,2,-3,lg-45216451-aug-beethoven--page-3.png
003041.png,note4,4,-5,lg-45216451-aug-beethoven--page-3.png
003042.png,note2,2,-5,lg-45216451-aug-beethoven--page-3.png
003043.png,note1,1,-9,lg-45216451-aug-beethoven--page-3.png
003044.png,note1,1,-5,lg-45216451-aug-beethoven--page-3.png
003045.png,note1,1,-7,lg-45216451-aug-beethoven--page-3.png
003046.png,note2,2,-5,lg-45216451-aug-beethoven--page-3.png
003047.png,note4,4,-5,lg-45216451-aug-beethoven--page-3.png
003048.png,note1,1,-4,lg-45216451-aug-beethoven--page-3.png
003049.png,note1,1,-7,lg-45216451-aug-beethoven--page-3.png
003050.png,note4,4,-5,lg-45216451-aug-beethoven--page-3.png
003051.png,note4,4,-3,lg-45216451-aug-beethoven--page-3.png
003052.png,note4,8,-4,lg-45216451-aug-beethoven--page-3.png
003053.png,note1,1,-9,lg-45216451-aug-beethoven--page-3.png
003054.png,note4,4,-3,lg-45216451-aug-beethoven--page-3.png
003055.png,note1,1,-5,lg-45216451-aug-beethoven--page-3.png
003056.png,note1,1,-4,lg-45216451-aug-beethoven--page-3.png
003057.png,note4,4,-5,lg-45216451-aug-beethoven--page-3.png
003058.png,note4,4,-4,lg-45216451-aug-beethoven--page-3.png
003059.png,note4,4,-7,lg-45216451-aug-beethoven--page-3.png
003060.png,note2,2,-5,lg-45216451-aug-beethoven--page-3.png
003061.png,note4,4,-7,lg-45216451-aug-beethoven--page-3.png
003062.png,note2,2,-8,lg-45216451-aug-beethoven--page-3.png
003063.png,note2,2,-10,lg-45216451-aug-beethoven--page-3.png
003064.png,note4,4.,-4,lg-45216451-aug-beethoven--page-3.png
003065.png,note2,2,-4,lg-45216451-aug-beethoven--page-3.png
003066.png,note2,2,-10,lg-45216451-aug-beethoven--page-3.png
003067.png,note4,4,-7,lg-45216451-aug-beethoven--page-3.png
003068.png,note2,2,-5,lg-45216451-aug-beethoven--page-3.png
003069.png,note2,2,-8,lg-45216451-aug-beethoven--page-3.png
003070.png,note4,4,-3,lg-45216451-aug-beethoven--page-3.png
003071.png,note4,4,-7,lg-45216451-aug-beethoven--page-3.png
003072.png,note4,8,-3,lg-45216451-aug-beethoven--page-3.png
003073.png,note2,2,-5,lg-45216451-aug-beethoven--page-3.png
003074.png,note2,2,-8,lg-45216451-aug-beethoven--page-3.png
003075.png,note2,2,-10,lg-45216451-aug-beethoven--page-3.png
003076.png,note4,8,-5,lg-45216451-aug-beethoven--page-3.png
003077.png,note8,8,-5,lg-45216451-aug-beethoven--page-3.png
003078.png,note4,4,-7,lg-45216451-aug-beethoven--page-3.png
003079.png,note4,4,-7,lg-45216451-aug-beethoven--page-3.png
003080.png,note4,4,-7,lg-45216451-aug-beethoven--page-3.png
003081.png,note4,8,-8,lg-45216451-aug-beethoven--page-3.png
003082.png,note4,8,-7,lg-45216451-aug-beethoven--page-3.png
003083.png,note2,2,-5,lg-45216451-aug-beethoven--page-3.png
003084.png,note2,2,-7,lg-45216451-aug-beethoven--page-3.png
003085.png,note2,2,-9,lg-45216451-aug-beethoven--page-3.png
003086.png,note4,4,-4,lg-45216451-aug-beethoven--page-3.png
003087.png,note4,4,-4,lg-45216451-aug-beethoven--page-3.png
003088.png,note8,4,-4,lg-45216451-aug-beethoven--page-3.png
003089.png,note8,4,-3,lg-45216451-aug-beethoven--page-3.png
003090.png,note4,4,-4,lg-45216451-aug-beethoven--page-3.png
003091.png,note4,4,-5,lg-45216451-aug-beethoven--page-3.png
003092.png,note4,4,-4,lg-45216451-aug-beethoven--page-3.png
003093.png,note2,2,-5,lg-45216451-aug-beethoven--page-3.png
003094.png,note2,2,-7,lg-45216451-aug-beethoven--page-3.png
003095.png,note2,2,-9,lg-45216451-aug-beethoven--page-3.png
003096.png,note2,2,-5,lg-45216451-aug-beethoven--page-3.png
003097.png,note4,4,-4,lg-45216451-aug-beethoven--page-3.png
003098.png,note2,2,-7,lg-45216451-aug-beethoven--page-3.png
003099.png,note2,2,-9,lg-45216451-aug-beethoven--page-3.png
003100.png,note4,4,-4,lg-45216451-aug-beethoven--page-3.png
003101.png,note4,4,-4,lg-45216451-aug-beethoven--page-3.png
003102.png,note4,4,-7,lg-45216451-aug-beethoven--page-3.png
003103.png,note2,2,-5,lg-45216451-aug-beethoven--page-3.png
003104.png,note2,2,-8,lg-45216451-aug-beethoven--page-3.png
003105.png,note2,2,-10,lg-45216451-aug-beethoven--page-3.png
003106.png,note4,4,-3,lg-45216451-aug-beethoven--page-3.png
003107.png,note4,4,-4,lg-45216451-aug-beethoven--page-3.png
003108.png,note4,4,-5,lg-45216451-aug-beethoven--page-3.png
003109.png,note4,4,-4,lg-45216451-aug-beethoven--page-3.png
003110.png,note4,4,-3,lg-45216451-aug-beethoven--page-3.png
003111.png,note2,2,-9,lg-45216451-aug-beethoven--page-3.png
003112.png,note2,2,-7,lg-45216451-aug-beethoven--page-3.png
003113.png,note2,2,-5,lg-45216451-aug-beethoven--page-3.png
003114.png,note4,4,-4,lg-45216451-aug-beethoven--page-3.png
003115.png,note4,8,6,lg-533872927082689874-aug-emmentaler--page-3.png
003116.png,note8,8,8,lg-533872927082689874-aug-emmentaler--page-3.png
003117.png,note8,8,5,lg-533872927082689874-aug-emmentaler--page-3.png
003118.png,note4,8,3,lg-533872927082689874-aug-emmentaler--page-3.png
003119.png,note4,8,1,lg-533872927082689874-aug-emmentaler--page-3.png
003120.png,note4,4.,6,lg-533872927082689874-aug-emmentaler--page-3.png
003121.png,note2,2,8,lg-533872927082689874-aug-emmentaler--page-3.png
003122.png,note4,8,-1,lg-533872927082689874-aug-emmentaler--page-3.png
003123.png,note4,8,-8,lg-533872927082689874-aug-emmentaler--page-3.png
003124.png,note2,2,7,lg-533872927082689874-aug-emmentaler--page-3.png
003125.png,note4,8,1,lg-533872927082689874-aug-emmentaler--page-3.png
003126.png,note4,4.,4,lg-533872927082689874-aug-emmentaler--page-3.png
003127.png,note16,8,0,lg-533872927082689874-aug-emmentaler--page-3.png
003128.png,note8,8,6,lg-533872927082689874-aug-emmentaler--page-3.png
003129.png,note16,8,-1,lg-533872927082689874-aug-emmentaler--page-3.png
003130.png,note16,8,6,lg-533872927082689874-aug-emmentaler--page-3.png
003131.png,note4,8,1,lg-533872927082689874-aug-emmentaler--page-3.png
003132.png,note4,8,0,lg-533872927082689874-aug-emmentaler--page-3.png
003133.png,note4,8,3,lg-533872927082689874-aug-emmentaler--page-3.png
003134.png,note4,8,2,lg-533872927082689874-aug-emmentaler--page-3.png
003135.png,note2,2,8,lg-533872927082689874-aug-emmentaler--page-3.png
003136.png,note4,8,-1,lg-533872927082689874-aug-emmentaler--page-3.png
003137.png,note4,4.,7,lg-533872927082689874-aug-emmentaler--page-3.png
003138.png,note8,8,1,lg-533872927082689874-aug-emmentaler--page-3.png
003139.png,note8,8,7,lg-533872927082689874-aug-emmentaler--page-3.png
003140.png,note4,8,4,lg-533872927082689874-aug-emmentaler--page-3.png
003141.png,note4,8,3,lg-533872927082689874-aug-emmentaler--page-3.png
003142.png,note4,8,3,lg-533872927082689874-aug-emmentaler--page-3.png
003143.png,note4,4,2,lg-533872927082689874-aug-emmentaler--page-3.png
003144.png,note2,2,7,lg-533872927082689874-aug-emmentaler--page-3.png
003145.png,note4,8,1,lg-533872927082689874-aug-emmentaler--page-3.png
003146.png,note4,8,2,lg-533872927082689874-aug-emmentaler--page-3.png
003147.png,note4,4,-4,lg-533872927082689874-aug-emmentaler--page-3.png
003148.png,note8,8,0,lg-533872927082689874-aug-emmentaler--page-3.png
003149.png,note2,2,3,lg-533872927082689874-aug-emmentaler--page-3.png
003150.png,note2,2,4,lg-533872927082689874-aug-emmentaler--page-3.png
003151.png,note4,4,3,lg-533872927082689874-aug-emmentaler--page-3.png
003152.png,note8,8,4,lg-533872927082689874-aug-emmentaler--page-3.png
003153.png,note4,8,-1,lg-533872927082689874-aug-emmentaler--page-3.png
003154.png,note4,8,0,lg-533872927082689874-aug-emmentaler--page-3.png
003155.png,note16,8,-2,lg-533872927082689874-aug-emmentaler--page-3.png
003156.png,note4,8,1,lg-533872927082689874-aug-emmentaler--page-3.png
003157.png,note4,8,1,lg-533872927082689874-aug-emmentaler--page-3.png
003158.png,note4,4.,3,lg-533872927082689874-aug-emmentaler--page-3.png
003159.png,note4,8,-1,lg-533872927082689874-aug-emmentaler--page-3.png
003160.png,note2,2,7,lg-533872927082689874-aug-emmentaler--page-3.png
003161.png,note4,4.,5,lg-533872927082689874-aug-emmentaler--page-3.png
003162.png,note4,8,2,lg-533872927082689874-aug-emmentaler--page-3.png
003163.png,note4,8,1,lg-533872927082689874-aug-emmentaler--page-3.png
003164.png,note4,8,0,lg-533872927082689874-aug-emmentaler--page-3.png
003165.png,note4,8,6,lg-533872927082689874-aug-emmentaler--page-3.png
003166.png,note2,2,1,lg-533872927082689874-aug-emmentaler--page-3.png
003167.png,note8,8,2,lg-533872927082689874-aug-emmentaler--page-3.png
003168.png,note8,8,5,lg-533872927082689874-aug-emmentaler--page-3.png
003169.png,note4,8,4,lg-533872927082689874-aug-emmentaler--page-3.png
003170.png,note4,8,0,lg-533872927082689874-aug-emmentaler--page-3.png
003171.png,note4,8,0,lg-533872927082689874-aug-emmentaler--page-3.png
003172.png,note4,8,3,lg-533872927082689874-aug-emmentaler--page-3.png
003173.png,note4,4.,3,lg-533872927082689874-aug-emmentaler--page-3.png
003174.png,note4,8,2,lg-533872927082689874-aug-emmentaler--page-3.png
003175.png,note16,8,1,lg-533872927082689874-aug-emmentaler--page-3.png
003176.png,note16,8,1,lg-533872927082689874-aug-emmentaler--page-3.png
003177.png,note16,8,7,lg-533872927082689874-aug-emmentaler--page-3.png
003178.png,note8,8,6,lg-533872927082689874-aug-emmentaler--page-3.png
003179.png,note4,8,1,lg-533872927082689874-aug-emmentaler--page-3.png
003180.png,note4,8,4,lg-533872927082689874-aug-emmentaler--page-3.png
003181.png,note4,8,8,lg-533872927082689874-aug-emmentaler--page-3.png
003182.png,note4,8,7,lg-533872927082689874-aug-emmentaler--page-3.png
003183.png,note4,8,0,lg-533872927082689874-aug-emmentaler--page-3.png
003184.png,note4,8,6,lg-533872927082689874-aug-emmentaler--page-3.png
003185.png,note4,8,-1,lg-533872927082689874-aug-emmentaler--page-3.png
003186.png,note4,8,7,lg-533872927082689874-aug-emmentaler--page-3.png
003187.png,note4,8,4,lg-533872927082689874-aug-emmentaler--page-3.png
003188.png,note8,8,7,lg-533872927082689874-aug-emmentaler--page-3.png
003189.png,note4,8,5,lg-533872927082689874-aug-emmentaler--page-3.png
003190.png,note8,8,0,lg-533872927082689874-aug-emmentaler--page-3.png
003191.png,note4,4.,1,lg-533872927082689874-aug-emmentaler--page-3.png
003192.png,note4,8,7,lg-533872927082689874-aug-emmentaler--page-3.png
003193.png,note4,4,0,lg-533872927082689874-aug-emmentaler--page-3.png
003194.png,note2,2,2,lg-533872927082689874-aug-emmentaler--page-3.png
003195.png,note2,2,4,lg-533872927082689874-aug-emmentaler--page-3.png
003196.png,note2,2,5,lg-533872927082689874-aug-emmentaler--page-3.png
003197.png,note4,4.,-1,lg-533872927082689874-aug-emmentaler--page-3.png
003198.png,note4,8,5,lg-533872927082689874-aug-emmentaler--page-3.png
003199.png,note4,4,-7,lg-533872927082689874-aug-emmentaler--page-3.png
003200.png,note4,8,2,lg-533872927082689874-aug-emmentaler--page-3.png
003201.png,note4,8,3,lg-533872927082689874-aug-emmentaler--page-3.png
003202.png,note2,2,3,lg-533872927082689874-aug-emmentaler--page-3.png
003203.png,note4,8,4,lg-533872927082689874-aug-emmentaler--page-3.png
003204.png,note8,8,2,lg-533872927082689874-aug-emmentaler--page-3.png
003205.png,note2,2,4,lg-533872927082689874-aug-emmentaler--page-3.png
003206.png,note4,8,0,lg-533872927082689874-aug-emmentaler--page-3.png
003207.png,note8,8,1,lg-533872927082689874-aug-emmentaler--page-3.png
003208.png,note4,16,5,lg-533872927082689874-aug-emmentaler--page-3.png
003209.png,note4,16,6,lg-533872927082689874-aug-emmentaler--page-3.png
003210.png,note4,4,4,lg-533872927082689874-aug-emmentaler--page-3.png
003211.png,note4,4,6,lg-533872927082689874-aug-emmentaler--page-3.png
003212.png,note4,8,3,lg-533872927082689874-aug-emmentaler--page-3.png
003213.png,note4,8,5,lg-533872927082689874-aug-emmentaler--page-3.png
003214.png,note4,8,4,lg-533872927082689874-aug-emmentaler--page-3.png
003215.png,note2,2,4,lg-533872927082689874-aug-emmentaler--page-3.png
003216.png,note4,8,6,lg-533872927082689874-aug-emmentaler--page-3.png
003217.png,note2,2,3,lg-533872927082689874-aug-emmentaler--page-3.png
003218.png,note8,8,2,lg-533872927082689874-aug-emmentaler--page-3.png
003219.png,note2,2,3,lg-533872927082689874-aug-emmentaler--page-3.png
003220.png,note4,8,4,lg-533872927082689874-aug-emmentaler--page-3.png
003221.png,note4,8,5,lg-533872927082689874-aug-emmentaler--page-3.png
003222.png,note16,8,2,lg-533872927082689874-aug-emmentaler--page-3.png
003223.png,note16,8,6,lg-533872927082689874-aug-emmentaler--page-3.png
003224.png,note4,4,4,lg-533872927082689874-aug-emmentaler--page-3.png
003225.png,note4,8,3,lg-533872927082689874-aug-emmentaler--page-3.png
003226.png,note16,8,2,lg-533872927082689874-aug-emmentaler--page-3.png
003227.png,note4,4,3,lg-533872927082689874-aug-emmentaler--page-3.png
003228.png,note4,4,2,lg-533872927082689874-aug-emmentaler--page-3.png
003229.png,note4,8,5,lg-533872927082689874-aug-emmentaler--page-3.png
003230.png,note4,8,4,lg-533872927082689874-aug-emmentaler--page-3.png
003231.png,note4,8,1,lg-533872927082689874-aug-emmentaler--page-3.png
003232.png,note4,4.,3,lg-533872927082689874-aug-emmentaler--page-3.png
003233.png,note4,4,4,lg-533872927082689874-aug-emmentaler--page-3.png
003234.png,note4,8,3,lg-533872927082689874-aug-emmentaler--page-3.png
003235.png,note4,8,3,lg-533872927082689874-aug-emmentaler--page-3.png
003236.png,note4,8,3,lg-533872927082689874-aug-emmentaler--page-3.png
003237.png,note4,8,4,lg-533872927082689874-aug-emmentaler--page-3.png
003238.png,note4,8,6,lg-533872927082689874-aug-emmentaler--page-3.png
003239.png,note4,8,3,lg-533872927082689874-aug-emmentaler--page-3.png
003240.png,note4,8,5,lg-533872927082689874-aug-emmentaler--page-3.png
003241.png,note4,4,4,lg-533872927082689874-aug-emmentaler--page-3.png
003242.png,note4,8,6,lg-533872927082689874-aug-emmentaler--page-3.png
003243.png,note4,8,3,lg-533872927082689874-aug-emmentaler--page-3.png
003244.png,note4,8,4,lg-533872927082689874-aug-emmentaler--page-3.png
003245.png,note4,8,7,lg-533872927082689874-aug-emmentaler--page-3.png
003246.png,note4,8,2,lg-533872927082689874-aug-emmentaler--page-3.png
003247.png,note4,8,5,lg-533872927082689874-aug-emmentaler--page-3.png
003248.png,note4,8,6,lg-533872927082689874-aug-emmentaler--page-3.png
003249.png,note4,8,3,lg-533872927082689874-aug-emmentaler--page-3.png
003250.png,note4,8,2,lg-533872927082689874-aug-emmentaler--page-3.png
003251.png,note4,8,5,lg-533872927082689874-aug-emmentaler--page-3.png
003252.png,note4,4.,5,lg-533872927082689874-aug-emmentaler--page-3.png
003253.png,note4,8,3,lg-533872927082689874-aug-emmentaler--page-3.png
003254.png,note4,4.,-1,lg-533872927082689874-aug-emmentaler--page-3.png
003255.png,note4,8,4,lg-533872927082689874-aug-emmentaler--page-3.png
003256.png,note4,8,1,lg-533872927082689874-aug-emmentaler--page-3.png
003257.png,note4,4,3,lg-533872927082689874-aug-emmentaler--page-3.png
003258.png,note4,8,6,lg-533872927082689874-aug-emmentaler--page-3.png
003259.png,note16,8,0,lg-533872927082689874-aug-emmentaler--page-3.png
003260.png,note16,8,6,lg-533872927082689874-aug-emmentaler--page-3.png
003261.png,note4,4.,7,lg-533872927082689874-aug-emmentaler--page-3.png
003262.png,note4,8,2,lg-533872927082689874-aug-emmentaler--page-3.png
003263.png,note4,4.,1,lg-533872927082689874-aug-emmentaler--page-3.png
003264.png,note4,4,2,lg-533872927082689874-aug-emmentaler--page-3.png
003265.png,note4,8,-1,lg-533872927082689874-aug-emmentaler--page-3.png
003266.png,note2,2,3,lg-533872927082689874-aug-emmentaler--page-3.png
003267.png,note4,8,5,lg-533872927082689874-aug-emmentaler--page-3.png
003268.png,note4,8,2,lg-533872927082689874-aug-emmentaler--page-3.png
003269.png,note4,8,-2,lg-51890265-aug-gonville--page-5.png
003270.png,note4,8,-4,lg-51890265-aug-gonville--page-5.png
003271.png,note4,8,-2,lg-51890265-aug-gonville--page-5.png
003272.png,note4,8,-3,lg-51890265-aug-gonville--page-5.png
003273.png,note4,8,0,lg-51890265-aug-gonville--page-5.png
003274.png,note4,8,-2,lg-51890265-aug-gonville--page-5.png
003275.png,note4,8,0,lg-51890265-aug-gonville--page-5.png
003276.png,note4,8,-1,lg-51890265-aug-gonville--page-5.png
003277.png,note4,8,-3,lg-51890265-aug-gonville--page-5.png
003278.png,note4,8,-2,lg-51890265-aug-gonville--page-5.png
003279.png,note4,8,-4,lg-51890265-aug-gonville--page-5.png
003280.png,note4,8,-2,lg-51890265-aug-gonville--page-5.png
003281.png,note4,8,-1,lg-51890265-aug-gonville--page-5.png
003282.png,note4,8,-3,lg-51890265-aug-gonville--page-5.png
003283.png,note4,8,-1,lg-51890265-aug-gonville--page-5.png
003284.png,note4,8,-2,lg-51890265-aug-gonville--page-5.png
003285.png,note4,4,-3,lg-51890265-aug-gonville--page-5.png
003286.png,note4,4,-1,lg-51890265-aug-gonville--page-5.png
003287.png,note4,4,-1,lg-51890265-aug-gonville--page-5.png
003288.png,note4,4,-2,lg-51890265-aug-gonville--page-5.png
003289.png,note4,8,-2,lg-51890265-aug-gonville--page-5.png
003290.png,note4,8,-4,lg-51890265-aug-gonville--page-5.png
003291.png,note4,8,-2,lg-51890265-aug-gonville--page-5.png
003292.png,note4,8,-3,lg-51890265-aug-gonville--page-5.png
003293.png,note4,8,-2,lg-51890265-aug-gonville--page-5.png
003294.png,note4,8,-4,lg-51890265-aug-gonville--page-5.png
003295.png,note4,8,-2,lg-51890265-aug-gonville--page-5.png
003296.png,note4,8,-3,lg-51890265-aug-gonville--page-5.png
003297.png,note4,4,-3,lg-51890265-aug-gonville--page-5.png
003298.png,note4,4,-1,lg-51890265-aug-gonville--page-5.png
003299.png,note4,4,-1,lg-51890265-aug-gonville--page-5.png
003300.png,note4,4,-2,lg-51890265-aug-gonville--page-5.png
003301.png,note4,8,-2,lg-51890265-aug-gonville--page-5.png
003302.png,note4,8,-4,lg-51890265-aug-gonville--page-5.png
003303.png,note4,8,-2,lg-51890265-aug-gonville--page-5.png
003304.png,note4,8,-3,lg-51890265-aug-gonville--page-5.png
003305.png,note4,4,0,lg-51890265-aug-gonville--page-5.png
003306.png,note4,4,-2,lg-51890265-aug-gonville--page-5.png
003307.png,note4,4,0,lg-51890265-aug-gonville--page-5.png
003308.png,note4,4,-1,lg-51890265-aug-gonville--page-5.png
003309.png,note8,4,-2,lg-51890265-aug-gonville--page-5.png
003310.png,note8,4,-4,lg-51890265-aug-gonville--page-5.png
003311.png,note8,4,-2,lg-51890265-aug-gonville--page-5.png
003312.png,note8,4,-3,lg-51890265-aug-gonville--page-5.png
003313.png,note16,8,-1,lg-51890265-aug-gonville--page-5.png
003314.png,note16,8,0,lg-51890265-aug-gonville--page-5.png
003315.png,note16,8,0,lg-51890265-aug-gonville--page-5.png
003316.png,note16,8,-2,lg-51890265-aug-gonville--page-5.png
003317.png,note16,8,0,lg-51890265-aug-gonville--page-5.png
003318.png,note16,8,-1,lg-51890265-aug-gonville--page-5.png
003319.png,note16,8,0,lg-51890265-aug-gonville--page-5.png
003320.png,note16,8,-2,lg-51890265-aug-gonville--page-5.png
003321.png,note4,4,-1,lg-51890265-aug-gonville--page-5.png
003322.png,note4,4,-3,lg-51890265-aug-gonville--page-5.png
003323.png,note4,4,-1,lg-51890265-aug-gonville--page-5.png
003324.png,note4,4,-2,lg-51890265-aug-gonville--page-5.png
003325.png,note4,8,-2,lg-51890265-aug-gonville--page-5.png
003326.png,note4,8,-4,lg-51890265-aug-gonville--page-5.png
003327.png,note4,8,-2,lg-51890265-aug-gonville--page-5.png
003328.png,note4,8,-3,lg-51890265-aug-gonville--page-5.png
003329.png,note4,8,-2,lg-51890265-aug-gonville--page-5.png
003330.png,note4,8,-2,lg-51890265-aug-gonville--page-5.png
003331.png,note4,8,-4,lg-51890265-aug-gonville--page-5.png
003332.png,note4,8,-3,lg-51890265-aug-gonville--page-5.png
003333.png,note4,4,-2,lg-51890265-aug-gonville--page-5.png
003334.png,note4,4,-4,lg-51890265-aug-gonville--page-5.png
003335.png,note4,4,-2,lg-51890265-aug-gonville--page-5.png
003336.png,note4,4,-3,lg-51890265-aug-gonville--page-5.png
003337.png,note4,8,0,lg-51890265-aug-gonville--page-5.png
003338.png,note4,8,-2,lg-51890265-aug-gonville--page-5.png
003339.png,note4,8,0,lg-51890265-aug-gonville--page-5.png
003340.png,note4,8,-1,lg-51890265-aug-gonville--page-5.png
003341.png,note16,8,0,lg-51890265-aug-gonville--page-5.png
003342.png,note16,8,-2,lg-51890265-aug-gonville--page-5.png
003343.png,note16,8,0,lg-51890265-aug-gonville--page-5.png
003344.png,note16,8,-1,lg-51890265-aug-gonville--page-5.png
003345.png,note16,4,0,lg-51890265-aug-gonville--page-5.png
003346.png,note16,4,-2,lg-51890265-aug-gonville--page-5.png
003347.png,note16,4,-1,lg-51890265-aug-gonville--page-5.png
003348.png,note4,4,-2,lg-51890265-aug-gonville--page-5.png
003349.png,note4,4,-4,lg-51890265-aug-gonville--page-5.png
003350.png,note4,4,-2,lg-51890265-aug-gonville--page-5.png
003351.png,note4,4,-3,lg-51890265-aug-gonville--page-5.png
003352.png,note16,8,-1,lg-51890265-aug-gonville--page-5.png
003353.png,note16,8,0,lg-51890265-aug-gonville--page-5.png
003354.png,note4,8,0,lg-51890265-aug-gonville--page-5.png
003355.png,note4,8,-2,lg-51890265-aug-gonville--page-5.png
003356.png,note4,8,0,lg-51890265-aug-gonville--page-5.png
003357.png,note4,8,-1,lg-51890265-aug-gonville--page-5.png
003358.png,note16,4,0,lg-51890265-aug-gonville--page-5.png
003359.png,note16,8,0,lg-51890265-aug-gonville--page-5.png
003360.png,note16,8,-2,lg-51890265-aug-gonville--page-5.png
003361.png,note4,8,-2,lg-51890265-aug-gonville--page-5.png
003362.png,note4,8,-4,lg-51890265-aug-gonville--page-5.png
003363.png,note4,8,-2,lg-51890265-aug-gonville--page-5.png
003364.png,note4,8,-3,lg-51890265-aug-gonville--page-5.png
003365.png,note4,8,0,lg-51890265-aug-gonville--page-5.png
003366.png,note4,8,-2,lg-51890265-aug-gonville--page-5.png
003367.png,note4,8,0,lg-51890265-aug-gonville--page-5.png
003368.png,note4,8,-1,lg-51890265-aug-gonville--page-5.png
003369.png,note4,8,-2,lg-51890265-aug-gonville--page-5.png
003370.png,note4,8,-4,lg-51890265-aug-gonville--page-5.png
003371.png,note4,8,-2,lg-51890265-aug-gonville--page-5.png
003372.png,note4,8,-3,lg-51890265-aug-gonville--page-5.png
003373.png,note4,8,-1,lg-51890265-aug-gonville--page-5.png
003374.png,note4,8,-2,lg-51890265-aug-gonville--page-5.png
003375.png,note4,8,-1,lg-51890265-aug-gonville--page-5.png
003376.png,note4,8,-3,lg-51890265-aug-gonville--page-5.png
003377.png,note4,8,0,lg-51890265-aug-gonville--page-5.png
003378.png,note2,2,2,lg-51890265-aug-gonville--page-5.png
003379.png,note4,8,1,lg-51890265-aug-gonville--page-5.png
003380.png,note2,2,-4,lg-51890265-aug-gonville--page-5.png
003381.png,note2,2,0,lg-51890265-aug-gonville--page-5.png
003382.png,note4,8,0,lg-51890265-aug-gonville--page-5.png
003383.png,note2,2,-2,lg-51890265-aug-gonville--page-5.png
003384.png,note4,4,-3,lg-51890265-aug-gonville--page-5.png
003385.png,note4,4,-2,lg-51890265-aug-gonville--page-5.png
003386.png,note4,8,-4,lg-51890265-aug-gonville--page-5.png
003387.png,note4,8,-5,lg-51890265-aug-gonville--page-5.png
003388.png,note4,8,1,lg-51890265-aug-gonville--page-5.png
003389.png,note16,2.,-2,lg-51890265-aug-gonville--page-5.png
003390.png,note16,2.,-4,lg-51890265-aug-gonville--page-5.png
003391.png,note16,2.,-2,lg-51890265-aug-gonville--page-5.png
003392.png,note16,2.,-3,lg-51890265-aug-gonville--page-5.png
003393.png,note16,8,-2,lg-51890265-aug-gonville--page-5.png
003394.png,note16,8,-4,lg-51890265-aug-gonville--page-5.png
003395.png,note16,8,-2,lg-51890265-aug-gonville--page-5.png
003396.png,note16,8,-3,lg-51890265-aug-gonville--page-5.png
003397.png,note16,8,-4,lg-51890265-aug-gonville--page-5.png
003398.png,note16,8,-5,lg-51890265-aug-gonville--page-5.png
003399.png,note2,2,-4,lg-51890265-aug-gonville--page-5.png
003400.png,note2,2,2,lg-51890265-aug-gonville--page-5.png
003401.png,note2,2,6,lg-51890265-aug-gonville--page-5.png
003402.png,note2,2,-5,lg-51890265-aug-gonville--page-5.png
003403.png,note4,4,-2,lg-51890265-aug-gonville--page-5.png
003404.png,note4,4,-3,lg-51890265-aug-gonville--page-5.png
003405.png,note8,8,0,lg-51890265-aug-gonville--page-5.png
003406.png,note8,2,0,lg-51890265-aug-gonville--page-5.png
003407.png,note8,2,4,lg-51890265-aug-gonville--page-5.png
003408.png,note16,8,-1,lg-51890265-aug-gonville--page-5.png
003409.png,note4,8,-4,lg-51890265-aug-gonville--page-5.png
003410.png,note4,8,-5,lg-51890265-aug-gonville--page-5.png
003411.png,note4,4,0,lg-51890265-aug-gonville--page-5.png
003412.png,note4,4,-1,lg-51890265-aug-gonville--page-5.png
003413.png,note4,8,-3,lg-51890265-aug-gonville--page-5.png
003414.png,note4,8,-1,lg-51890265-aug-gonville--page-5.png
003415.png,note4,8,-3,lg-51890265-aug-gonville--page-5.png
003416.png,note4,8,-1,lg-51890265-aug-gonville--page-5.png
003417.png,note4,8,-2,lg-51890265-aug-gonville--page-5.png
003418.png,note4,8,-2,lg-51890265-aug-gonville--page-5.png
003419.png,note4,8,-4,lg-51890265-aug-gonville--page-5.png
003420.png,note4,8,-2,lg-51890265-aug-gonville--page-5.png
003421.png,note4,4,0,lg-51890265-aug-gonville--page-5.png
003422.png,note4,4,-2,lg-51890265-aug-gonville--page-5.png
003423.png,note4,4,0,lg-51890265-aug-gonville--page-5.png
003424.png,note4,4,-1,lg-51890265-aug-gonville--page-5.png
003425.png,note4,8,-2,lg-51890265-aug-gonville--page-5.png
003426.png,note4,8,-4,lg-51890265-aug-gonville--page-5.png
003427.png,note4,8,-2,lg-51890265-aug-gonville--page-5.png
003428.png,note4,8,-3,lg-51890265-aug-gonville--page-5.png
003429.png,note16,8,0,lg-51890265-aug-gonville--page-5.png
003430.png,note16,8,-2,lg-51890265-aug-gonville--page-5.png
003431.png,note16,8,0,lg-51890265-aug-gonville--page-5.png
003432.png,note16,8,-1,lg-51890265-aug-gonville--page-5.png
003433.png,note4,8,-2,lg-51890265-aug-gonville--page-5.png
003434.png,note4,8,-4,lg-51890265-aug-gonville--page-5.png
003435.png,note4,8,-2,lg-51890265-aug-gonville--page-5.png
003436.png,note4,8,-3,lg-51890265-aug-gonville--page-5.png
003437.png,note4,8,-2,lg-51890265-aug-gonville--page-5.png
003438.png,note4,8,-4,lg-51890265-aug-gonville--page-5.png
003439.png,note4,8,-2,lg-51890265-aug-gonville--page-5.png
003440.png,note4,8,-3,lg-51890265-aug-gonville--page-5.png
003441.png,note4,8,0,lg-51890265-aug-gonville--page-5.png
003442.png,note4,8,0,lg-51890265-aug-gonville--page-5.png
003443.png,note4,8,-1,lg-51890265-aug-gonville--page-5.png
003444.png,note4,4,0,lg-51890265-aug-gonville--page-5.png
003445.png,note4,4,-2,lg-51890265-aug-gonville--page-5.png
003446.png,note4,4,0,lg-51890265-aug-gonville--page-5.png
003447.png,note4,4,-1,lg-51890265-aug-gonville--page-5.png
003448.png,note16,8,0,lg-51890265-aug-gonville--page-5.png
003449.png,note16,8,-2,lg-51890265-aug-gonville--page-5.png
003450.png,note16,8,0,lg-51890265-aug-gonville--page-5.png
003451.png,note16,8,-1,lg-51890265-aug-gonville--page-5.png
003452.png,note4,8,-2,lg-51890265-aug-gonville--page-5.png
003453.png,note4,8,-2,lg-51890265-aug-gonville--page-5.png
003454.png,note4,8,-4,lg-51890265-aug-gonville--page-5.png
003455.png,note4,8,-2,lg-51890265-aug-gonville--page-5.png
003456.png,note4,8,-3,lg-51890265-aug-gonville--page-5.png
003457.png,note4,8,-2,lg-51890265-aug-gonville--page-5.png
003458.png,note4,8,-4,lg-51890265-aug-gonville--page-5.png
003459.png,note4,8,-2,lg-51890265-aug-gonville--page-5.png
003460.png,note4,8,-3,lg-51890265-aug-gonville--page-5.png
003461.png,note4,8,-4,lg-527907832922209940-aug-beethoven--page-5.png
003462.png,note8,16,3,lg-527907832922209940-aug-beethoven--page-5.png
003463.png,note4,8,-3,lg-527907832922209940-aug-beethoven--page-5.png
003464.png,note8,8,5,lg-527907832922209940-aug-beethoven--page-5.png
003465.png,note8,16,2,lg-527907832922209940-aug-beethoven--page-5.png
003466.png,note16,16,-4,lg-527907832922209940-aug-beethoven--page-5.png
003467.png,note16,8,2,lg-527907832922209940-aug-beethoven--page-5.png
003468.png,note4,16,4,lg-527907832922209940-aug-beethoven--page-5.png
003469.png,note16,8,4,lg-527907832922209940-aug-beethoven--page-5.png
003470.png,note8,8,-4,lg-527907832922209940-aug-beethoven--page-5.png
003471.png,note8,4,-4,lg-527907832922209940-aug-beethoven--page-5.png
003472.png,note4,16,-6,lg-527907832922209940-aug-beethoven--page-5.png
003473.png,note4,8,4,lg-527907832922209940-aug-beethoven--page-5.png
003474.png,note8,16,-5,lg-527907832922209940-aug-beethoven--page-5.png
003475.png,note8,8,-3,lg-527907832922209940-aug-beethoven--page-5.png
003476.png,note4,16,-4,lg-527907832922209940-aug-beethoven--page-5.png
003477.png,note4,16,3,lg-527907832922209940-aug-beethoven--page-5.png
003478.png,note4,8,4,lg-527907832922209940-aug-beethoven--page-5.png
003479.png,note4,16,-3,lg-527907832922209940-aug-beethoven--page-5.png
003480.png,note4,8,-4,lg-527907832922209940-aug-beethoven--page-5.png
003481.png,note4,16,2,lg-527907832922209940-aug-beethoven--page-5.png
003482.png,note4,16,1,lg-527907832922209940-aug-beethoven--page-5.png
003483.png,note8,8,-2,lg-527907832922209940-aug-beethoven--page-5.png
003484.png,note4,16,-1,lg-527907832922209940-aug-beethoven--page-5.png
003485.png,note4,8,1,lg-527907832922209940-aug-beethoven--page-5.png
003486.png,note4,16,0,lg-527907832922209940-aug-beethoven--page-5.png
003487.png,note8,8,-2,lg-527907832922209940-aug-beethoven--page-5.png
003488.png,note4,8,5,lg-527907832922209940-aug-beethoven--page-5.png
003489.png,note4,8,-1,lg-527907832922209940-aug-beethoven--page-5.png
003490.png,note16,16,-1,lg-527907832922209940-aug-beethoven--page-5.png
003491.png,note8,8,1,lg-527907832922209940-aug-beethoven--page-5.png
003492.png,note8,16,0,lg-527907832922209940-aug-beethoven--page-5.png
003493.png,note4,8,-1,lg-527907832922209940-aug-beethoven--page-5.png
003494.png,note8,8,1,lg-527907832922209940-aug-beethoven--page-5.png
003495.png,note4,16,-1,lg-527907832922209940-aug-beethoven--page-5.png
003496.png,note16,16,-1,lg-527907832922209940-aug-beethoven--page-5.png
003497.png,note8,8,7,lg-527907832922209940-aug-beethoven--page-5.png
003498.png,note8,16,0,lg-527907832922209940-aug-beethoven--page-5.png
003499.png,note4,16,1,lg-527907832922209940-aug-beethoven--page-5.png
003500.png,note8,8,5,lg-527907832922209940-aug-beethoven--page-5.png
003501.png,note8,8,0,lg-527907832922209940-aug-beethoven--page-5.png
003502.png,note8,16,2,lg-527907832922209940-aug-beethoven--page-5.png
003503.png,note16,8,6,lg-527907832922209940-aug-beethoven--page-5.png
003504.png,note16,8,4,lg-527907832922209940-aug-beethoven--page-5.png
003505.png,note16,16,0,lg-527907832922209940-aug-beethoven--page-5.png
003506.png,note16,8,0,lg-527907832922209940-aug-beethoven--page-5.png
003507.png,note8,16,8,lg-527907832922209940-aug-beethoven--page-5.png
003508.png,note4,4,3,lg-527907832922209940-aug-beethoven--page-5.png
003509.png,note8,16,4,lg-527907832922209940-aug-beethoven--page-5.png
003510.png,note4,8,7,lg-527907832922209940-aug-beethoven--page-5.png
003511.png,note4,8,1,lg-527907832922209940-aug-beethoven--page-5.png
003512.png,note8,8,2,lg-527907832922209940-aug-beethoven--page-5.png
003513.png,note8,8,2,lg-527907832922209940-aug-beethoven--page-5.png
003514.png,note4,16,4,lg-527907832922209940-aug-beethoven--page-5.png
003515.png,note4,8,4,lg-527907832922209940-aug-beethoven--page-5.png
003516.png,note4,16,3,lg-527907832922209940-aug-beethoven--page-5.png
003517.png,note4,8,5,lg-527907832922209940-aug-beethoven--page-5.png
003518.png,note4,8,-2,lg-527907832922209940-aug-beethoven--page-5.png
003519.png,note4,8,4,lg-527907832922209940-aug-beethoven--page-5.png
003520.png,note4,8,-2,lg-527907832922209940-aug-beethoven--page-5.png
003521.png,note8,8.,3,lg-527907832922209940-aug-beethoven--page-5.png
003522.png,note8,8,3,lg-527907832922209940-aug-beethoven--page-5.png
003523.png,note4,8,-3,lg-527907832922209940-aug-beethoven--page-5.png
003524.png,note4,16,2,lg-527907832922209940-aug-beethoven--page-5.png
003525.png,note4,16,-1,lg-527907832922209940-aug-beethoven--page-5.png
003526.png,note8,8,-1,lg-527907832922209940-aug-beethoven--page-5.png
003527.png,note4,8,2,lg-527907832922209940-aug-beethoven--page-5.png
003528.png,note4,8,5,lg-527907832922209940-aug-beethoven--page-5.png
003529.png,note16,8,-8,lg-527907832922209940-aug-beethoven--page-5.png
003530.png,note4,16,-2,lg-527907832922209940-aug-beethoven--page-5.png
003531.png,note16,8,-2,lg-527907832922209940-aug-beethoven--page-5.png
003532.png,note8,8,0,lg-527907832922209940-aug-beethoven--page-5.png
003533.png,note16,16,-1,lg-527907832922209940-aug-beethoven--page-5.png
003534.png,note16,8,-9,lg-527907832922209940-aug-beethoven--page-5.png
003535.png,note4,16,1,lg-527907832922209940-aug-beethoven--page-5.png
003536.png,note16,8,-4,lg-527907832922209940-aug-beethoven--page-5.png
003537.png,note16,8,-2,lg-527907832922209940-aug-beethoven--page-5.png
003538.png,note4,16,0,lg-527907832922209940-aug-beethoven--page-5.png
003539.png,note4,16,-2,lg-527907832922209940-aug-beethoven--page-5.png
003540.png,note4,8,-1,lg-527907832922209940-aug-beethoven--page-5.png
003541.png,note4,4,-1,lg-527907832922209940-aug-beethoven--page-5.png
003542.png,note4,8,-7,lg-527907832922209940-aug-beethoven--page-5.png
003543.png,note4,8,-2,lg-527907832922209940-aug-beethoven--page-5.png
003544.png,note4,16,-1,lg-527907832922209940-aug-beethoven--page-5.png
003545.png,note4,8,-7,lg-527907832922209940-aug-beethoven--page-5.png
003546.png,note8,16,-2,lg-527907832922209940-aug-beethoven--page-5.png
003547.png,note4,16,0,lg-527907832922209940-aug-beethoven--page-5.png
003548.png,note4,16,-2,lg-527907832922209940-aug-beethoven--page-5.png
003549.png,note4,8,-1,lg-527907832922209940-aug-beethoven--page-5.png
003550.png,note4,8,0,lg-527907832922209940-aug-beethoven--page-5.png
003551.png,note4,16,-1,lg-527907832922209940-aug-beethoven--page-5.png
003552.png,note8,16,2,lg-527907832922209940-aug-beethoven--page-5.png
003553.png,note4,8,-3,lg-527907832922209940-aug-beethoven--page-5.png
003554.png,note4,8,1,lg-527907832922209940-aug-beethoven--page-5.png
003555.png,note16,8,0,lg-527907832922209940-aug-beethoven--page-5.png
003556.png,note8,16,-1,lg-527907832922209940-aug-beethoven--page-5.png
003557.png,note8,8,-2,lg-527907832922209940-aug-beethoven--page-5.png
003558.png,note8,16,-2,lg-527907832922209940-aug-beethoven--page-5.png
003559.png,note4,16,-3,lg-527907832922209940-aug-beethoven--page-5.png
003560.png,note8,16,-3,lg-527907832922209940-aug-beethoven--page-5.png
003561.png,note16,16,-2,lg-527907832922209940-aug-beethoven--page-5.png
003562.png,note16,4,-1,lg-527907832922209940-aug-beethoven--page-5.png
003563.png,note16,16,-2,lg-527907832922209940-aug-beethoven--page-5.png
003564.png,note16,8,-4,lg-527907832922209940-aug-beethoven--page-5.png
003565.png,note8,8,-2,lg-527907832922209940-aug-beethoven--page-5.png
003566.png,note4,16,0,lg-527907832922209940-aug-beethoven--page-5.png
003567.png,note8,8,-5,lg-527907832922209940-aug-beethoven--page-5.png
003568.png,note8,16,-3,lg-527907832922209940-aug-beethoven--page-5.png
003569.png,note4,16,-1,lg-527907832922209940-aug-beethoven--page-5.png
003570.png,note16,8,-4,lg-527907832922209940-aug-beethoven--page-5.png
003571.png,note16,8,-4,lg-527907832922209940-aug-beethoven--page-5.png
003572.png,note4,8,3,lg-527907832922209940-aug-beethoven--page-5.png
003573.png,note4,8,-3,lg-527907832922209940-aug-beethoven--page-5.png
003574.png,note8,8,0,lg-527907832922209940-aug-beethoven--page-5.png
003575.png,note16,8,-3,lg-527907832922209940-aug-beethoven--page-5.png
003576.png,note16,8,-3,lg-527907832922209940-aug-beethoven--page-5.png
003577.png,note16,4,-1,lg-527907832922209940-aug-beethoven--page-5.png
003578.png,note4,16,-1,lg-527907832922209940-aug-beethoven--page-5.png
003579.png,note4,16,1,lg-527907832922209940-aug-beethoven--page-5.png
003580.png,note4,8,0,lg-527907832922209940-aug-beethoven--page-5.png
003581.png,note8,16,0,lg-527907832922209940-aug-beethoven--page-5.png
003582.png,note8,16,-1,lg-527907832922209940-aug-beethoven--page-5.png
003583.png,note4,16,0,lg-527907832922209940-aug-beethoven--page-5.png
003584.png,note8,16,0,lg-527907832922209940-aug-beethoven--page-5.png
003585.png,note8,8,-6,lg-527907832922209940-aug-beethoven--page-5.png
003586.png,note4,8,-4,lg-527907832922209940-aug-beethoven--page-5.png
003587.png,note4,16,-1,lg-527907832922209940-aug-beethoven--page-5.png
003588.png,note4,8,-6,lg-527907832922209940-aug-beethoven--page-5.png
003589.png,note4,16,-1,lg-527907832922209940-aug-beethoven--page-5.png
003590.png,note4,16,1,lg-527907832922209940-aug-beethoven--page-5.png
003591.png,note4,8,-1,lg-527907832922209940-aug-beethoven--page-5.png
003592.png,note8,16,-4,lg-527907832922209940-aug-beethoven--page-5.png
003593.png,note8,16,-2,lg-527907832922209940-aug-beethoven--page-5.png
003594.png,note4,4,-5,lg-527907832922209940-aug-beethoven--page-5.png
003595.png,note4,16,-1,lg-527907832922209940-aug-beethoven--page-5.png
003596.png,note4,16,2,lg-527907832922209940-aug-beethoven--page-5.png
003597.png,note4,4,2,lg-527907832922209940-aug-beethoven--page-5.png
003598.png,note4,8,5,lg-527907832922209940-aug-beethoven--page-5.png
003599.png,note8,8,-1,lg-527907832922209940-aug-beethoven--page-5.png
003600.png,note8,16,2,lg-527907832922209940-aug-beethoven--page-5.png
003601.png,note16,16,3,lg-527907832922209940-aug-beethoven--page-5.png
003602.png,note16,8,0,lg-527907832922209940-aug-beethoven--page-5.png
003603.png,note4,16,4,lg-527907832922209940-aug-beethoven--page-5.png
003604.png,note4,16,3,lg-527907832922209940-aug-beethoven--page-5.png
003605.png,note4,8,4,lg-527907832922209940-aug-beethoven--page-5.png
003606.png,note16,8,1,lg-527907832922209940-aug-beethoven--page-5.png
003607.png,note16,16,2,lg-527907832922209940-aug-beethoven--page-5.png
003608.png,note16,16,3,lg-527907832922209940-aug-beethoven--page-5.png
003609.png,note16,8,4,lg-527907832922209940-aug-beethoven--page-5.png
003610.png,note4,16,2,lg-527907832922209940-aug-beethoven--page-5.png
003611.png,note4,16,-2,lg-527907832922209940-aug-beethoven--page-5.png
003612.png,note16,16,1,lg-527907832922209940-aug-beethoven--page-5.png
003613.png,note16,8,0,lg-527907832922209940-aug-beethoven--page-5.png
003614.png,note16,4,1,lg-527907832922209940-aug-beethoven--page-5.png
003615.png,note8,8,-1,lg-527907832922209940-aug-beethoven--page-5.png
003616.png,note16,8,4,lg-527907832922209940-aug-beethoven--page-5.png
003617.png,note16,8,-5,lg-527907832922209940-aug-beethoven--page-5.png
003618.png,note8,16,3,lg-527907832922209940-aug-beethoven--page-5.png
003619.png,note8,8,0,lg-527907832922209940-aug-beethoven--page-5.png
003620.png,note8,16,0,lg-527907832922209940-aug-beethoven--page-5.png
003621.png,note8,8,3,lg-527907832922209940-aug-beethoven--page-5.png
003622.png,note4,16,-1,lg-527907832922209940-aug-beethoven--page-5.png
003623.png,note8,16,1,lg-527907832922209940-aug-beethoven--page-5.png
003624.png,note8,16,4,lg-527907832922209940-aug-beethoven--page-5.png
003625.png,note4,16,2,lg-527907832922209940-aug-beethoven--page-5.png
003626.png,note4,16,0,lg-527907832922209940-aug-beethoven--page-5.png
003627.png,note4,8,4,lg-527907832922209940-aug-beethoven--page-5.png
003628.png,note4,16,3,lg-527907832922209940-aug-beethoven--page-5.png
003629.png,note16,16,2,lg-527907832922209940-aug-beethoven--page-5.png
003630.png,note4,8,3,lg-527907832922209940-aug-beethoven--page-5.png
003631.png,note4,8,3,lg-527907832922209940-aug-beethoven--page-5.png
003632.png,note4,16,7,lg-527907832922209940-aug-beethoven--page-5.png
003633.png,note4,8,2,lg-527907832922209940-aug-beethoven--page-5.png
003634.png,note16,16,6,lg-527907832922209940-aug-beethoven--page-5.png
003635.png,note4,16,7,lg-527907832922209940-aug-beethoven--page-5.png
003636.png,note16,8,4,lg-527907832922209940-aug-beethoven--page-5.png
003637.png,note16,8,2,lg-527907832922209940-aug-beethoven--page-5.png
003638.png,note16,16,5,lg-527907832922209940-aug-beethoven--page-5.png
003639.png,note16,8,6,lg-527907832922209940-aug-beethoven--page-5.png
003640.png,note4,16,8,lg-527907832922209940-aug-beethoven--page-5.png
003641.png,note16,8,2,lg-527907832922209940-aug-beethoven--page-5.png
003642.png,note4,8,3,lg-527907832922209940-aug-beethoven--page-5.png
003643.png,note16,8,2,lg-527907832922209940-aug-beethoven--page-5.png
003644.png,note16,16,7,lg-527907832922209940-aug-beethoven--page-5.png
003645.png,note4,16,7,lg-527907832922209940-aug-beethoven--page-5.png
003646.png,note4,16,2,lg-527907832922209940-aug-beethoven--page-5.png
003647.png,note4,16,3,lg-527907832922209940-aug-beethoven--page-5.png
003648.png,note8,8,4,lg-527907832922209940-aug-beethoven--page-5.png
003649.png,note8,8,5,lg-527907832922209940-aug-beethoven--page-5.png
003650.png,note8,16,5,lg-527907832922209940-aug-beethoven--page-5.png
003651.png,note4,8,0,lg-527907832922209940-aug-beethoven--page-5.png
003652.png,note4,16,5,lg-527907832922209940-aug-beethoven--page-5.png
003653.png,note4,16,4,lg-527907832922209940-aug-beethoven--page-5.png
003654.png,note4,16,5,lg-527907832922209940-aug-beethoven--page-5.png
003655.png,note4,16,3,lg-527907832922209940-aug-beethoven--page-5.png
003656.png,note8,8,3,lg-527907832922209940-aug-beethoven--page-5.png
003657.png,note8,8,4,lg-527907832922209940-aug-beethoven--page-5.png
003658.png,note8,16,6,lg-527907832922209940-aug-beethoven--page-5.png
003659.png,note8,16,4,lg-527907832922209940-aug-beethoven--page-5.png
003660.png,note4,8,4,lg-527907832922209940-aug-beethoven--page-5.png
003661.png,note4,16,6,lg-527907832922209940-aug-beethoven--page-5.png
003662.png,note4,16,4,lg-527907832922209940-aug-beethoven--page-5.png
003663.png,note4,8,3,lg-527907832922209940-aug-beethoven--page-5.png
003664.png,note4,16,5,lg-527907832922209940-aug-beethoven--page-5.png
003665.png,note8,16,7,lg-527907832922209940-aug-beethoven--page-5.png
003666.png,note8,16,3,lg-527907832922209940-aug-beethoven--page-5.png
003667.png,note4,16,7,lg-527907832922209940-aug-beethoven--page-5.png
003668.png,note8,4,-3,lg-43614497-aug-gutenberg1939--page-1.png
003669.png,note8,2.,-5,lg-43614497-aug-gutenberg1939--page-1.png
003670.png,note8,4,-1,lg-43614497-aug-gutenberg1939--page-1.png
003671.png,note4,8,4,lg-43614497-aug-gutenberg1939--page-1.png
003672.png,note2,2,4,lg-43614497-aug-gutenberg1939--page-1.png
003673.png,note8,4,-1,lg-43614497-aug-gutenberg1939--page-1.png
003674.png,note4,4,1,lg-43614497-aug-gutenberg1939--page-1.png
003675.png,note4,4,0,lg-43614497-aug-gutenberg1939--page-1.png
003676.png,note4,8,1,lg-43614497-aug-gutenberg1939--page-1.png
003677.png,note4,8,-2,lg-43614497-aug-gutenberg1939--page-1.png
003678.png,note4,4,3,lg-43614497-aug-gutenberg1939--page-1.png
003679.png,note4,4,1,lg-43614497-aug-gutenberg1939--page-1.png
003680.png,note4,8,-2,lg-43614497-aug-gutenberg1939--page-1.png
003681.png,note4,8,-4,lg-43614497-aug-gutenberg1939--page-1.png
003682.png,note4,4,3,lg-43614497-aug-gutenberg1939--page-1.png
003683.png,note4,8,5,lg-43614497-aug-gutenberg1939--page-1.png
003684.png,note4,8,1,lg-43614497-aug-gutenberg1939--page-1.png
003685.png,note4,4,3,lg-43614497-aug-gutenberg1939--page-1.png
003686.png,note4,4,3,lg-43614497-aug-gutenberg1939--page-1.png
003687.png,note4,4,0,lg-43614497-aug-gutenberg1939--page-1.png
003688.png,note4,8,2,lg-43614497-aug-gutenberg1939--page-1.png
003689.png,note4,8,3,lg-43614497-aug-gutenberg1939--page-1.png
003690.png,note4,8,-1,lg-43614497-aug-gutenberg1939--page-1.png
003691.png,note4,8,3,lg-43614497-aug-gutenberg1939--page-1.png
003692.png,note4,4,-3,lg-43614497-aug-gutenberg1939--page-1.png
003693.png,note4,4,4,lg-43614497-aug-gutenberg1939--page-1.png
003694.png,note4,4,1,lg-43614497-aug-gutenberg1939--page-1.png
003695.png,note4,4,4,lg-43614497-aug-gutenberg1939--page-1.png
003696.png,note4,4,1,lg-43614497-aug-gutenberg1939--page-1.png
003697.png,note4,4,-1,lg-43614497-aug-gutenberg1939--page-1.png
003698.png,note4,8,1,lg-43614497-aug-gutenberg1939--page-1.png
003699.png,note4,8,-1,lg-43614497-aug-gutenberg1939--page-1.png
003700.png,note4,8,4,lg-43614497-aug-gutenberg1939--page-1.png
003701.png,note4,4,4,lg-43614497-aug-gutenberg1939--page-1.png
003702.png,note4,4,1,lg-43614497-aug-gutenberg1939--page-1.png
003703.png,note2,2.,-1,lg-43614497-aug-gutenberg1939--page-1.png
003704.png,note4,4,-1,lg-43614497-aug-gutenberg1939--page-1.png
003705.png,note4,4,-6,lg-43614497-aug-gutenberg1939--page-1.png
003706.png,note2,2,1,lg-43614497-aug-gutenberg1939--page-1.png
003707.png,note4,4,-4,lg-43614497-aug-gutenberg1939--page-1.png
003708.png,note4,4,1,lg-43614497-aug-gutenberg1939--page-1.png
003709.png,note4,4,-6,lg-43614497-aug-gutenberg1939--page-1.png
003710.png,note2,2.,-1,lg-43614497-aug-gutenberg1939--page-1.png
003711.png,note4,4,-4,lg-43614497-aug-gutenberg1939--page-1.png
003712.png,note2,2,1,lg-43614497-aug-gutenberg1939--page-1.png
003713.png,note4,4,-4,lg-43614497-aug-gutenberg1939--page-1.png
003714.png,note4,4,0,lg-43614497-aug-gutenberg1939--page-1.png
003715.png,note4,4,-6,lg-43614497-aug-gutenberg1939--page-1.png
003716.png,note4,4,3,lg-43614497-aug-gutenberg1939--page-1.png
003717.png,note4,4,3,lg-43614497-aug-gutenberg1939--page-1.png
003718.png,note4,4,3,lg-43614497-aug-gutenberg1939--page-1.png
003719.png,note4,4,1,lg-43614497-aug-gutenberg1939--page-1.png
003720.png,note4,8,1,lg-43614497-aug-gutenberg1939--page-1.png
003721.png,note4,4,1,lg-43614497-aug-gutenberg1939--page-1.png
003722.png,note4,8,0,lg-43614497-aug-gutenberg1939--page-1.png
003723.png,note4,4,1,lg-43614497-aug-gutenberg1939--page-1.png
003724.png,note4,4,3,lg-43614497-aug-gutenberg1939--page-1.png
003725.png,note4,4,-2,lg-43614497-aug-gutenberg1939--page-1.png
003726.png,note4,4,1,lg-43614497-aug-gutenberg1939--page-1.png
003727.png,note4,4,-6,lg-43614497-aug-gutenberg1939--page-1.png
003728.png,note4,4,1,lg-43614497-aug-gutenberg1939--page-1.png
003729.png,note4,8,4,lg-43614497-aug-gutenberg1939--page-1.png
003730.png,note4,4,2,lg-43614497-aug-gutenberg1939--page-1.png
003731.png,note4,4,0,lg-43614497-aug-gutenberg1939--page-1.png
003732.png,note4,4,5,lg-43614497-aug-gutenberg1939--page-1.png
003733.png,note4,4,5,lg-43614497-aug-gutenberg1939--page-1.png
003734.png,note4,4,2,lg-43614497-aug-gutenberg1939--page-1.png
003735.png,note2,2.,-5,lg-43614497-aug-gutenberg1939--page-1.png
003736.png,note4,4,-5,lg-43614497-aug-gutenberg1939--page-1.png
003737.png,note4,4,-6,lg-43614497-aug-gutenberg1939--page-1.png
003738.png,note4,8,1,lg-43614497-aug-gutenberg1939--page-1.png
003739.png,note4,4,-1,lg-43614497-aug-gutenberg1939--page-1.png
003740.png,note4,4,-3,lg-43614497-aug-gutenberg1939--page-1.png
003741.png,note4,8,4,lg-43614497-aug-gutenberg1939--page-1.png
003742.png,note8,4,-3,lg-43614497-aug-gutenberg1939--page-1.png
003743.png,note8,8,-1,lg-43614497-aug-gutenberg1939--page-1.png
003744.png,note8,8,-3,lg-43614497-aug-gutenberg1939--page-1.png
003745.png,note8,8,6,lg-43614497-aug-gutenberg1939--page-1.png
003746.png,note8,4,4,lg-43614497-aug-gutenberg1939--page-1.png
003747.png,note8,4,1,lg-43614497-aug-gutenberg1939--page-1.png
003748.png,note4,4,-1,lg-43614497-aug-gutenberg1939--page-1.png
003749.png,note4,8,6,lg-43614497-aug-gutenberg1939--page-1.png
003750.png,note4,4,1,lg-43614497-aug-gutenberg1939--page-1.png
003751.png,note4,4,4,lg-43614497-aug-gutenberg1939--page-1.png
003752.png,note4,4,1,lg-43614497-aug-gutenberg1939--page-1.png
003753.png,note4,8,4,lg-43614497-aug-gutenberg1939--page-1.png
003754.png,note4,8,1,lg-43614497-aug-gutenberg1939--page-1.png
003755.png,note2,2.,-1,lg-43614497-aug-gutenberg1939--page-1.png
003756.png,note4,4,-4,lg-43614497-aug-gutenberg1939--page-1.png
003757.png,note4,4,1,lg-43614497-aug-gutenberg1939--page-1.png
003758.png,note2,2,1,lg-43614497-aug-gutenberg1939--page-1.png
003759.png,note4,4,-4,lg-43614497-aug-gutenberg1939--page-1.png
003760.png,note4,4,-6,lg-43614497-aug-gutenberg1939--page-1.png
003761.png,note4,4,3,lg-43614497-aug-gutenberg1939--page-1.png
003762.png,note4,4,1,lg-43614497-aug-gutenberg1939--page-1.png
003763.png,note4,4,1,lg-43614497-aug-gutenberg1939--page-1.png
003764.png,note4,4,4,lg-43614497-aug-gutenberg1939--page-1.png
003765.png,note4,4,3,lg-43614497-aug-gutenberg1939--page-1.png
003766.png,note4,4,1,lg-43614497-aug-gutenberg1939--page-1.png
003767.png,note4,8,2,lg-43614497-aug-gutenberg1939--page-1.png
003768.png,note4,4,-2,lg-43614497-aug-gutenberg1939--page-1.png
003769.png,note4,4,2,lg-43614497-aug-gutenberg1939--page-1.png
003770.png,note4,4,0,lg-43614497-aug-gutenberg1939--page-1.png
003771.png,note4,4,5,lg-43614497-aug-gutenberg1939--page-1.png
003772.png,note4,4,2,lg-43614497-aug-gutenberg1939--page-1.png
003773.png,note4,8,0,lg-43614497-aug-gutenberg1939--page-1.png
003774.png,note4,4,-2,lg-43614497-aug-gutenberg1939--page-1.png
003775.png,note4,4,-1,lg-43614497-aug-gutenberg1939--page-1.png
003776.png,note2,2.,-4,lg-43614497-aug-gutenberg1939--page-1.png
003777.png,note4,4,-4,lg-43614497-aug-gutenberg1939--page-1.png
003778.png,note2,2.,2,lg-43614497-aug-gutenberg1939--page-1.png
003779.png,note4,4,-2,lg-43614497-aug-gutenberg1939--page-1.png
003780.png,note4,4,1,lg-43614497-aug-gutenberg1939--page-1.png
003781.png,note4,4,-5,lg-43614497-aug-gutenberg1939--page-1.png
003782.png,note4,4,3,lg-43614497-aug-gutenberg1939--page-1.png
003783.png,note8,16,-2,lg-123405904-aug-gonville--page-1.png
003784.png,note8,2,-7,lg-123405904-aug-gonville--page-1.png
003785.png,note8,8,0,lg-123405904-aug-gonville--page-1.png
003786.png,note4,8,-2,lg-123405904-aug-gonville--page-1.png
003787.png,note8,16,-3,lg-123405904-aug-gonville--page-1.png
003788.png,note4,16,-1,lg-123405904-aug-gonville--page-1.png
003789.png,note2,2,-5,lg-123405904-aug-gonville--page-1.png
003790.png,note1,1,-1,lg-123405904-aug-gonville--page-1.png
003791.png,note4,8*2/3,-2,lg-123405904-aug-gonville--page-1.png
003792.png,note4,16,-1,lg-123405904-aug-gonville--page-1.png
003793.png,note8,8,-3,lg-123405904-aug-gonville--page-1.png
003794.png,note4,8*2/3,-2,lg-123405904-aug-gonville--page-1.png
003795.png,note4,8*2/3,-1,lg-123405904-aug-gonville--page-1.png
003796.png,note16,4,1,lg-123405904-aug-gonville--page-1.png
003797.png,note16,4,-6,lg-123405904-aug-gonville--page-1.png
003798.png,note4,4,-5,lg-123405904-aug-gonville--page-1.png
003799.png,note1,1,-4,lg-123405904-aug-gonville--page-1.png
003800.png,note2,2,2,lg-123405904-aug-gonville--page-1.png
003801.png,note2,2.,5,lg-123405904-aug-gonville--page-1.png
003802.png,note4,4,-5,lg-123405904-aug-gonville--page-1.png
003803.png,note4,16,3,lg-123405904-aug-gonville--page-1.png
003804.png,note4,8,4,lg-123405904-aug-gonville--page-1.png
003805.png,note4,16,2,lg-123405904-aug-gonville--page-1.png
003806.png,note16,16,1,lg-123405904-aug-gonville--page-1.png
003807.png,note4,4,-1,lg-123405904-aug-gonville--page-1.png
003808.png,note4,8,2,lg-123405904-aug-gonville--page-1.png
003809.png,note1,1,-5,lg-123405904-aug-gonville--page-1.png
003810.png,note2,2.,-1,lg-123405904-aug-gonville--page-1.png
003811.png,note4,8*2/3,2,lg-123405904-aug-gonville--page-1.png
003812.png,note4,8,1,lg-123405904-aug-gonville--page-1.png
003813.png,note4,8*2/3,2,lg-123405904-aug-gonville--page-1.png
003814.png,note4,8*2/3,3,lg-123405904-aug-gonville--page-1.png
003815.png,note4,8*2/3,0,lg-123405904-aug-gonville--page-1.png
003816.png,note4,8,-1,lg-123405904-aug-gonville--page-1.png
003817.png,note8,16,1,lg-123405904-aug-gonville--page-1.png
003818.png,note4,8*2/3,1,lg-123405904-aug-gonville--page-1.png
003819.png,note16,8,0,lg-123405904-aug-gonville--page-1.png
003820.png,note8,8,2,lg-123405904-aug-gonville--page-1.png
003821.png,note8,16,0,lg-123405904-aug-gonville--page-1.png
003822.png,note8,4,0,lg-123405904-aug-gonville--page-1.png
003823.png,note1,1,-5,lg-123405904-aug-gonville--page-1.png
003824.png,note2,2.,0,lg-123405904-aug-gonville--page-1.png
003825.png,note4,8*2/3,0,lg-123405904-aug-gonville--page-1.png
003826.png,note8,8,-2,lg-123405904-aug-gonville--page-1.png
003827.png,note4,4,-6,lg-123405904-aug-gonville--page-1.png
003828.png,note4,4,-8,lg-123405904-aug-gonville--page-1.png
003829.png,note8,8.,-3,lg-123405904-aug-gonville--page-1.png
003830.png,note4,4,-8,lg-123405904-aug-gonville--page-1.png
003831.png,note4,4,-3,lg-123405904-aug-gonville--page-1.png
003832.png,note4,4,-6,lg-123405904-aug-gonville--page-1.png
003833.png,note4,4,-1,lg-123405904-aug-gonville--page-1.png
003834.png,note4,4,-4,lg-123405904-aug-gonville--page-1.png
003835.png,note4,4,-5,lg-123405904-aug-gonville--page-1.png
003836.png,note4,16,-6,lg-123405904-aug-gonville--page-1.png
003837.png,note4,4,-5,lg-123405904-aug-gonville--page-1.png
003838.png,note1,1,-1,lg-123405904-aug-gonville--page-1.png
003839.png,note4,4,-6,lg-123405904-aug-gonville--page-1.png
003840.png,note4,4,-8,lg-123405904-aug-gonville--page-1.png
003841.png,note4,4,-3,lg-123405904-aug-gonville--page-1.png
003842.png,note4,4,-6,lg-123405904-aug-gonville--page-1.png
003843.png,note4,4,-7,lg-123405904-aug-gonville--page-1.png
003844.png,note4,4,-2,lg-123405904-aug-gonville--page-1.png
003845.png,note16,8,-8,lg-123405904-aug-gonville--page-1.png
003846.png,note4,4,-1,lg-123405904-aug-gonville--page-1.png
003847.png,note2,2,-4,lg-123405904-aug-gonville--page-1.png
003848.png,note2,2,-7,lg-123405904-aug-gonville--page-1.png
003849.png,note2,2,-2,lg-123405904-aug-gonville--page-1.png
003850.png,note16,8,-7,lg-123405904-aug-gonville--page-1.png
003851.png,note16,8,-2,lg-123405904-aug-gonville--page-1.png
003852.png,note16,8,-3,lg-123405904-aug-gonville--page-1.png
003853.png,note16,8,-4,lg-123405904-aug-gonville--page-1.png
003854.png,note4,4,-6,lg-123405904-aug-gonville--page-1.png
003855.png,note4,4,-8,lg-123405904-aug-gonville--page-1.png
003856.png,note4,4,-3,lg-123405904-aug-gonville--page-1.png
003857.png,note4,8.,-3,lg-123405904-aug-gonville--page-1.png
003858.png,note4,4,-1,lg-123405904-aug-gonville--page-1.png
003859.png,note4,4,-9,lg-123405904-aug-gonville--page-1.png
003860.png,note4,4,-5,lg-123405904-aug-gonville--page-1.png
003861.png,note4,16,-6,lg-123405904-aug-gonville--page-1.png
003862.png,note4,4,-6,lg-123405904-aug-gonville--page-1.png
003863.png,note4,4,-8,lg-123405904-aug-gonville--page-1.png
003864.png,note8,4,-3,lg-123405904-aug-gonville--page-1.png
003865.png,note4,4,-6,lg-123405904-aug-gonville--page-1.png
003866.png,note4,4,-7,lg-123405904-aug-gonville--page-1.png
003867.png,note4,4,-2,lg-123405904-aug-gonville--page-1.png
003868.png,note8,4,-5,lg-123405904-aug-gonville--page-1.png
003869.png,note1,1,-1,lg-123405904-aug-gonville--page-1.png
003870.png,note8,4,-6,lg-123405904-aug-gonville--page-1.png
003871.png,note8,4,-8,lg-123405904-aug-gonville--page-1.png
003872.png,note16,8,-7,lg-123405904-aug-gonville--page-1.png
003873.png,note16,8,-11,lg-123405904-aug-gonville--page-1.png
003874.png,note16,8,-6,lg-123405904-aug-gonville--page-1.png
003875.png,note4,4,-4,lg-123405904-aug-gonville--page-1.png
003876.png,note4,4,-5,lg-123405904-aug-gonville--page-1.png
003877.png,note4,4,-7,lg-123405904-aug-gonville--page-1.png
003878.png,note4,4,-3,lg-123405904-aug-gonville--page-1.png
003879.png,note16,8,-2,lg-123405904-aug-gonville--page-1.png
003880.png,note16,8,-8,lg-123405904-aug-gonville--page-1.png
003881.png,note16,8,-3,lg-123405904-aug-gonville--page-1.png
003882.png,note16,8,-7,lg-123405904-aug-gonville--page-1.png
003883.png,note16,8,-5,lg-123405904-aug-gonville--page-1.png
003884.png,note4,8,-3,lg-123405904-aug-gonville--page-1.png
003885.png,note4,8,-1,lg-123405904-aug-gonville--page-1.png
003886.png,note1,1,-1,lg-123405904-aug-gonville--page-1.png
003887.png,note2,2,2,lg-123405904-aug-gonville--page-1.png
003888.png,note2,2,-5,lg-123405904-aug-gonville--page-1.png
003889.png,note1,1,-7,lg-123405904-aug-gonville--page-1.png
003890.png,note4,8,1,lg-123405904-aug-gonville--page-1.png
003891.png,note4,4,-8,lg-123405904-aug-gonville--page-1.png
003892.png,note4,4,-1,lg-123405904-aug-gonville--page-1.png
003893.png,note4,4,-3,lg-123405904-aug-gonville--page-1.png
003894.png,note4,4,-6,lg-123405904-aug-gonville--page-1.png
003895.png,note4,4,-4,lg-123405904-aug-gonville--page-1.png
003896.png,note4,4,-1,lg-123405904-aug-gonville--page-1.png
003897.png,note4,4,2,lg-123405904-aug-gonville--page-1.png
003898.png,note4,4,-6,lg-123405904-aug-gonville--page-1.png
003899.png,note4,8,0,lg-123405904-aug-gonville--page-1.png
003900.png,note4,8,-1,lg-123405904-aug-gonville--page-1.png
003901.png,note8,8,-2,lg-123405904-aug-gonville--page-1.png
003902.png,note2,2.,-2,lg-123405904-aug-gonville--page-1.png
003903.png,note16,8,1,lg-123405904-aug-gonville--page-1.png
003904.png,note16,8,-6,lg-123405904-aug-gonville--page-1.png
003905.png,note4,4,2,lg-123405904-aug-gonville--page-1.png
003906.png,note4,4,-5,lg-123405904-aug-gonville--page-1.png
003907.png,note4,4,-3,lg-123405904-aug-gonville--page-1.png
003908.png,note4,4,-2,lg-123405904-aug-gonville--page-1.png
003909.png,note4,4,-6,lg-123405904-aug-gonville--page-1.png
003910.png,note4,4,-7,lg-123405904-aug-gonville--page-1.png
003911.png,note4,4,2,lg-123405904-aug-gonville--page-1.png
003912.png,note4,4,-6,lg-123405904-aug-gonville--page-1.png
003913.png,note4,4,-8,lg-123405904-aug-gonville--page-1.png
003914.png,note4,4,-6,lg-123405904-aug-gonville--page-1.png
003915.png,note4,4,1,lg-123405904-aug-gonville--page-1.png
003916.png,note4,4,-2,lg-123405904-aug-gonville--page-1.png
003917.png,note4,4,2,lg-123405904-aug-gonville--page-1.png
003918.png,note4,4,-7,lg-123405904-aug-gonville--page-1.png
003919.png,note4,4,1,lg-123405904-aug-gonville--page-1.png
003920.png,note4,4,-3,lg-123405904-aug-gonville--page-1.png
003921.png,note4,4,-6,lg-123405904-aug-gonville--page-1.png
003922.png,note4,4,-8,lg-123405904-aug-gonville--page-1.png
003923.png,note4,4,-1,lg-123405904-aug-gonville--page-1.png
003924.png,note4,4,-5,lg-123405904-aug-gonville--page-1.png
003925.png,note16,8,-2,lg-123405904-aug-gonville--page-1.png
003926.png,note16,2,1,lg-123405904-aug-gonville--page-1.png
003927.png,note8,4,0,lg-123405904-aug-gonville--page-1.png
003928.png,note16,4,0,lg-123405904-aug-gonville--page-1.png
003929.png,note16,4,-3,lg-123405904-aug-gonville--page-1.png
003930.png,note16,4,-7,lg-123405904-aug-gonville--page-1.png
003931.png,note8,2,4,lg-123405904-aug-gonville--page-1.png
003932.png,note8,2,-1,lg-123405904-aug-gonville--page-1.png
003933.png,note16,4,-2,lg-123405904-aug-gonville--page-1.png
003934.png,note16,4,-6,lg-123405904-aug-gonville--page-1.png
003935.png,note16,4,-1,lg-123405904-aug-gonville--page-1.png
003936.png,note8,4,1,lg-123405904-aug-gonville--page-1.png
003937.png,note4,4,-3,lg-123405904-aug-gonville--page-1.png
003938.png,note4,4,0,lg-123405904-aug-gonville--page-1.png
003939.png,note4,4,-1,lg-123405904-aug-gonville--page-1.png
003940.png,note4,4,-6,lg-123405904-aug-gonville--page-1.png
003941.png,note8,8.,-3,lg-123405904-aug-gonville--page-1.png
003942.png,note4,4,-8,lg-123405904-aug-gonville--page-1.png
003943.png,note4,4,-6,lg-123405904-aug-gonville--page-1.png
003944.png,note4,4,-6,lg-123405904-aug-gonville--page-1.png
003945.png,note4,4,-1,lg-123405904-aug-gonville--page-1.png
003946.png,note4,4,-8,lg-123405904-aug-gonville--page-1.png
003947.png,note4,4,-3,lg-123405904-aug-gonville--page-1.png
003948.png,note8,8,-2,lg-123405904-aug-gonville--page-1.png
003949.png,note4,4,-4,lg-123405904-aug-gonville--page-1.png
003950.png,note4,4,-5,lg-123405904-aug-gonville--page-1.png
003951.png,note4,16,-6,lg-123405904-aug-gonville--page-1.png
003952.png,note8,4,-5,lg-123405904-aug-gonville--page-1.png
003953.png,note1,1,-1,lg-123405904-aug-gonville--page-1.png
003954.png,note8,4,-6,lg-123405904-aug-gonville--page-1.png
003955.png,note8,4,-8,lg-123405904-aug-gonville--page-1.png
003956.png,note4,4,-3,lg-123405904-aug-gonville--page-1.png
003957.png,note4,4,-6,lg-123405904-aug-gonville--page-1.png
003958.png,note4,4,-7,lg-123405904-aug-gonville--page-1.png
003959.png,note4,4,-2,lg-123405904-aug-gonville--page-1.png
003960.png,note16,8,-8,lg-123405904-aug-gonville--page-1.png
003961.png,note4,4,-1,lg-123405904-aug-gonville--page-1.png
003962.png,note2,2,-4,lg-123405904-aug-gonville--page-1.png
003963.png,note2,2,-7,lg-123405904-aug-gonville--page-1.png
003964.png,note2,2,-2,lg-123405904-aug-gonville--page-1.png
003965.png,note16,8,-4,lg-123405904-aug-gonville--page-1.png
003966.png,note16,8,-3,lg-123405904-aug-gonville--page-1.png
003967.png,note16,8,-7,lg-123405904-aug-gonville--page-1.png
003968.png,note16,8,-2,lg-123405904-aug-gonville--page-1.png
003969.png,note4,4,-8,lg-123405904-aug-gonville--page-1.png
003970.png,note4,4,-3,lg-123405904-aug-gonville--page-1.png
003971.png,note4,4,-6,lg-123405904-aug-gonville--page-1.png
003972.png,note4,4,-1,lg-123405904-aug-gonville--page-1.png
003973.png,note4,4,-6,lg-123405904-aug-gonville--page-1.png
003974.png,note4,4,-5,lg-123405904-aug-gonville--page-1.png
003975.png,note4,16,-6,lg-123405904-aug-gonville--page-1.png
003976.png,note4,4,-7,lg-123405904-aug-gonville--page-1.png
003977.png,note4,4,-6,lg-123405904-aug-gonville--page-1.png
003978.png,note4,4,-8,lg-123405904-aug-gonville--page-1.png
003979.png,note4,8.,-3,lg-123405904-aug-gonville--page-1.png
003980.png,note16,8,-2,lg-123405904-aug-gonville--page-1.png
003981.png,note4,4,-2,lg-123405904-aug-gonville--page-1.png
003982.png,note4,4,-5,lg-123405904-aug-gonville--page-1.png
003983.png,note1,1,-1,lg-123405904-aug-gonville--page-1.png
003984.png,note4,4,-6,lg-123405904-aug-gonville--page-1.png
003985.png,note4,4,-8,lg-123405904-aug-gonville--page-1.png
003986.png,note4,4,-3,lg-123405904-aug-gonville--page-1.png
003987.png,note4,4,-4,lg-123405904-aug-gonville--page-1.png
003988.png,note4,4,-5,lg-123405904-aug-gonville--page-1.png
003989.png,note4,4,-7,lg-123405904-aug-gonville--page-1.png
003990.png,note4,4,-3,lg-123405904-aug-gonville--page-1.png
003991.png,note16,8,-8,lg-123405904-aug-gonville--page-1.png
003992.png,note8,8,-6,lg-123405904-aug-gonville--page-1.png
003993.png,note8,8,-7,lg-123405904-aug-gonville--page-1.png
003994.png,note8,8,-11,lg-123405904-aug-gonville--page-1.png
003995.png,note4,4,-9,lg-123405904-aug-gonville--page-1.png
003996.png,note8,8,-5,lg-123405904-aug-gonville--page-1.png
003997.png,note8,8,-7,lg-123405904-aug-gonville--page-1.png
003998.png,note16,8,-3,lg-123405904-aug-gonville--page-1.png
003999.png,note4,8,-7,lg-123405904-aug-gonville--page-1.png
004000.png,note2,2.,-5,lg-123405904-aug-gonville--page-1.png
004001.png,note2,2,-1,lg-123405904-aug-gonville--page-1.png
004002.png,note2,2.,-6,lg-123405904-aug-gonville--page-1.png
004003.png,note4,8,-2,lg-123405904-aug-gonville--page-1.png
004004.png,note4,8,-4,lg-123405904-aug-gonville--page-1.png
004005.png,note4,8,1,lg-123405904-aug-gonville--page-1.png
004006.png,note4,4,-8,lg-123405904-aug-gonville--page-1.png
004007.png,note4,4,-1,lg-123405904-aug-gonville--page-1.png
004008.png,note4,4,-3,lg-123405904-aug-gonville--page-1.png
004009.png,note4,4,-6,lg-123405904-aug-gonville--page-1.png
004010.png,note8,8,0,lg-123405904-aug-gonville--page-1.png
004011.png,note8,4,-1,lg-123405904-aug-gonville--page-1.png
004012.png,note8,4,-5,lg-123405904-aug-gonville--page-1.png
004013.png,note8,8,-4,lg-123405904-aug-gonville--page-1.png
004014.png,note8,8,-1,lg-123405904-aug-gonville--page-1.png
004015.png,note4,4,0,lg-123405904-aug-gonville--page-1.png
004016.png,note2,2,-3,lg-123405904-aug-gonville--page-1.png
004017.png,note2,2,-8,lg-123405904-aug-gonville--page-1.png
004018.png,note4,8,-3,lg-123405904-aug-gonville--page-1.png
004019.png,note4,8,-8,lg-123405904-aug-gonville--page-1.png
004020.png,note16,8,-5,lg-123405904-aug-gonville--page-1.png
004021.png,note16,8,-1,lg-123405904-aug-gonville--page-1.png
004022.png,note16,8,-6,lg-123405904-aug-gonville--page-1.png
004023.png,note16,8,-3,lg-123405904-aug-gonville--page-1.png
004024.png,note16,8,-8,lg-123405904-aug-gonville--page-1.png
004025.png,note4,4,-3,lg-123405904-aug-gonville--page-1.png
004026.png,note4,4,-2,lg-123405904-aug-gonville--page-1.png
004027.png,note4,4,-6,lg-123405904-aug-gonville--page-1.png
004028.png,note4,4,-7,lg-123405904-aug-gonville--page-1.png
004029.png,note4,4,2,lg-123405904-aug-gonville--page-1.png
004030.png,note4,4,-6,lg-123405904-aug-gonville--page-1.png
004031.png,note4,4,-8,lg-123405904-aug-gonville--page-1.png
004032.png,note4,4,-6,lg-123405904-aug-gonville--page-1.png
004033.png,note4,4,1,lg-123405904-aug-gonville--page-1.png
004034.png,note4,4,-2,lg-123405904-aug-gonville--page-1.png
004035.png,note4,4,2,lg-123405904-aug-gonville--page-1.png
004036.png,note4,4,-7,lg-123405904-aug-gonville--page-1.png
004037.png,note4,4,1,lg-123405904-aug-gonville--page-1.png
004038.png,note4,4,-3,lg-123405904-aug-gonville--page-1.png
004039.png,note4,4,-6,lg-123405904-aug-gonville--page-1.png
004040.png,note4,4,-8,lg-123405904-aug-gonville--page-1.png
004041.png,note4,4,-1,lg-123405904-aug-gonville--page-1.png
004042.png,note4,4,-5,lg-123405904-aug-gonville--page-1.png
004043.png,note16,8,-2,lg-123405904-aug-gonville--page-1.png
004044.png,note8,2,1,lg-123405904-aug-gonville--page-1.png
004045.png,note16,4,0,lg-123405904-aug-gonville--page-1.png
004046.png,note16,4,0,lg-123405904-aug-gonville--page-1.png
004047.png,note16,4,-3,lg-123405904-aug-gonville--page-1.png
004048.png,note16,4,-7,lg-123405904-aug-gonville--page-1.png
004049.png,note8,2,4,lg-123405904-aug-gonville--page-1.png
004050.png,note8,2,-1,lg-123405904-aug-gonville--page-1.png
004051.png,note16,4,-2,lg-123405904-aug-gonville--page-1.png
004052.png,note8,4,1,lg-123405904-aug-gonville--page-1.png
004053.png,note16,4,-1,lg-123405904-aug-gonville--page-1.png
004054.png,note16,4,-6,lg-123405904-aug-gonville--page-1.png
004055.png,note4,4,0,lg-123405904-aug-gonville--page-1.png
004056.png,note4,4,-1,lg-123405904-aug-gonville--page-1.png
004057.png,note4,4,-6,lg-123405904-aug-gonville--page-1.png
004058.png,note4,4,-3,lg-123405904-aug-gonville--page-1.png
004059.png,note4,4,-2,lg-123405904-aug-gonville--page-1.png
004060.png,note2,2,-4,lg-123405904-aug-gonville--page-1.png
004061.png,note4,4,-6,lg-123405904-aug-gonville--page-1.png
004062.png,note4,4,-9,lg-123405904-aug-gonville--page-1.png
004063.png,note8,4,-5,lg-123405904-aug-gonville--page-1.png
004064.png,note8,4,-9,lg-123405904-aug-gonville--page-1.png
004065.png,note4,4,-1,lg-123405904-aug-gonville--page-1.png
004066.png,note2,2,-4,lg-123405904-aug-gonville--page-1.png
004067.png,note8,16,-3,lg-123405904-aug-gonville--page-1.png
004068.png,note8,16,-8,lg-123405904-aug-gonville--page-1.png
004069.png,note16,4,-4,lg-123405904-aug-gonville--page-1.png
004070.png,note16,4,-7,lg-123405904-aug-gonville--page-1.png
004071.png,note4,4,-3,lg-123405904-aug-gonville--page-1.png
004072.png,note1,1,-4,lg-123405904-aug-gonville--page-1.png
004073.png,note4,4,-4,lg-123405904-aug-gonville--page-1.png
004074.png,note4,4,-7,lg-123405904-aug-gonville--page-1.png
004075.png,note16,4,-6,lg-123405904-aug-gonville--page-1.png
004076.png,note16,4,-8,lg-123405904-aug-gonville--page-1.png
004077.png,note2,2,-1,lg-123405904-aug-gonville--page-1.png
004078.png,note2,2,-2,lg-123405904-aug-gonville--page-1.png
004079.png,note4,4,0,lg-123405904-aug-gonville--page-1.png
004080.png,note8,4,-4,lg-123405904-aug-gonville--page-1.png
004081.png,note4,8*2/3,-2,lg-123405904-aug-gonville--page-1.png
004082.png,note4,4,-4,lg-123405904-aug-gonville--page-1.png
004083.png,note4,4,-7,lg-123405904-aug-gonville--page-1.png
004084.png,note8,4,-6,lg-123405904-aug-gonville--page-1.png
004085.png,note8,4,-9,lg-123405904-aug-gonville--page-1.png
004086.png,note4,8.,-7,lg-123405904-aug-gonville--page-1.png
004087.png,note16,4,1,lg-123405904-aug-gonville--page-1.png
004088.png,note16,4,-4,lg-123405904-aug-gonville--page-1.png
004089.png,note16,4,-8,lg-123405904-aug-gonville--page-1.png
004090.png,note16,2,-2,lg-123405904-aug-gonville--page-1.png
004091.png,note4,8.,0,lg-123405904-aug-gonville--page-1.png
004092.png,note4,8.,-2,lg-123405904-aug-gonville--page-1.png
004093.png,note4,8.,-5,lg-123405904-aug-gonville--page-1.png
004094.png,note4,16,-2,lg-123405904-aug-gonville--page-1.png
004095.png,note4,4,-4,lg-123405904-aug-gonville--page-1.png
004096.png,note4,8.,-2,lg-123405904-aug-gonville--page-1.png
004097.png,note16,16,-1,lg-123405904-aug-gonville--page-1.png
004098.png,note16,16,-6,lg-123405904-aug-gonville--page-1.png
004099.png,note4,8*2/3,-1,lg-123405904-aug-gonville--page-1.png
004100.png,note8,4,-7,lg-123405904-aug-gonville--page-1.png
004101.png,note16,8.,-3,lg-123405904-aug-gonville--page-1.png
004102.png,note4,8*2/3,-2,lg-123405904-aug-gonville--page-1.png
004103.png,note16,16,2,lg-202871810-aug-beethoven--page-3.png
004104.png,note16,16,-5,lg-202871810-aug-beethoven--page-3.png
004105.png,note4,8,7,lg-202871810-aug-beethoven--page-3.png
004106.png,note4,16,4,lg-202871810-aug-beethoven--page-3.png
004107.png,note4,16,-3,lg-202871810-aug-beethoven--page-3.png
004108.png,note16,8,0,lg-202871810-aug-beethoven--page-3.png
004109.png,note4,8,3,lg-202871810-aug-beethoven--page-3.png
004110.png,note4,4,6,lg-202871810-aug-beethoven--page-3.png
004111.png,note16,8,8,lg-202871810-aug-beethoven--page-3.png
004112.png,note4,16,3,lg-202871810-aug-beethoven--page-3.png
004113.png,note16,16,1,lg-202871810-aug-beethoven--page-3.png
004114.png,note4,8,0,lg-202871810-aug-beethoven--page-3.png
004115.png,note4,8,-7,lg-202871810-aug-beethoven--page-3.png
004116.png,note4,4,6,lg-202871810-aug-beethoven--page-3.png
004117.png,note4,8,-5,lg-202871810-aug-beethoven--page-3.png
004118.png,note4,8,0,lg-202871810-aug-beethoven--page-3.png
004119.png,note4,8,-7,lg-202871810-aug-beethoven--page-3.png
004120.png,note4,8,2,lg-202871810-aug-beethoven--page-3.png
004121.png,note4,16,1,lg-202871810-aug-beethoven--page-3.png
004122.png,note16,16,-6,lg-202871810-aug-beethoven--page-3.png
004123.png,note16,8,3,lg-202871810-aug-beethoven--page-3.png
004124.png,note4,8,-4,lg-202871810-aug-beethoven--page-3.png
004125.png,note4,4,-3,lg-202871810-aug-beethoven--page-3.png
004126.png,note4,8,5,lg-202871810-aug-beethoven--page-3.png
004127.png,note4,16,6,lg-202871810-aug-beethoven--page-3.png
004128.png,note4,16,6,lg-202871810-aug-beethoven--page-3.png
004129.png,note4,8,8,lg-202871810-aug-beethoven--page-3.png
004130.png,note8,8,-1,lg-202871810-aug-beethoven--page-3.png
004131.png,note4,4,0,lg-202871810-aug-beethoven--page-3.png
004132.png,note4,4,1,lg-202871810-aug-beethoven--page-3.png
004133.png,note4,8,3,lg-202871810-aug-beethoven--page-3.png
004134.png,note4,16,12,lg-202871810-aug-beethoven--page-3.png
004135.png,note4,16,10,lg-202871810-aug-beethoven--page-3.png
004136.png,note2,2,7,lg-202871810-aug-beethoven--page-3.png
004137.png,note4,8,8,lg-202871810-aug-beethoven--page-3.png
004138.png,note4,16,0,lg-202871810-aug-beethoven--page-3.png
004139.png,note4,8,2,lg-202871810-aug-beethoven--page-3.png
004140.png,note4,8,1,lg-202871810-aug-beethoven--page-3.png
004141.png,note16,8,-1,lg-202871810-aug-beethoven--page-3.png
004142.png,note4,8,-1,lg-202871810-aug-beethoven--page-3.png
004143.png,note4,16,1,lg-202871810-aug-beethoven--page-3.png
004144.png,note16,16,3,lg-202871810-aug-beethoven--page-3.png
004145.png,note4,8,6,lg-202871810-aug-beethoven--page-3.png
004146.png,note4,16,5,lg-202871810-aug-beethoven--page-3.png
004147.png,note4,16,0,lg-202871810-aug-beethoven--page-3.png
004148.png,note4,16,3,lg-202871810-aug-beethoven--page-3.png
004149.png,note16,4,-2,lg-202871810-aug-beethoven--page-3.png
004150.png,note4,8,3,lg-202871810-aug-beethoven--page-3.png
004151.png,note16,8,-7,lg-202871810-aug-beethoven--page-3.png
004152.png,note4,8,1,lg-202871810-aug-beethoven--page-3.png
004153.png,note4,8,6,lg-202871810-aug-beethoven--page-3.png
004154.png,note4,8,-8,lg-202871810-aug-beethoven--page-3.png
004155.png,note4,16,-1,lg-202871810-aug-beethoven--page-3.png
004156.png,note4,16,-1,lg-202871810-aug-beethoven--page-3.png
004157.png,note4,16,2,lg-202871810-aug-beethoven--page-3.png
004158.png,note4,16,-8,lg-202871810-aug-beethoven--page-3.png
004159.png,note4,8,0,lg-202871810-aug-beethoven--page-3.png
004160.png,note4,8,8,lg-202871810-aug-beethoven--page-3.png
004161.png,note4,4,1,lg-202871810-aug-beethoven--page-3.png
004162.png,note4,8,6,lg-202871810-aug-beethoven--page-3.png
004163.png,note16,2,2,lg-202871810-aug-beethoven--page-3.png
004164.png,note2,2,-5,lg-202871810-aug-beethoven--page-3.png
004165.png,note4,16,1,lg-202871810-aug-beethoven--page-3.png
004166.png,note4,8,2,lg-202871810-aug-beethoven--page-3.png
004167.png,note4,16,5,lg-202871810-aug-beethoven--page-3.png
004168.png,note4,16,10,lg-202871810-aug-beethoven--page-3.png
004169.png,note4,16,-3,lg-202871810-aug-beethoven--page-3.png
004170.png,note4,16,3,lg-202871810-aug-beethoven--page-3.png
004171.png,note16,8,2,lg-202871810-aug-beethoven--page-3.png
004172.png,note16,4,2,lg-202871810-aug-beethoven--page-3.png
004173.png,note16,8,1,lg-202871810-aug-beethoven--page-3.png
004174.png,note16,8,7,lg-202871810-aug-beethoven--page-3.png
004175.png,note4,4,10,lg-202871810-aug-beethoven--page-3.png
004176.png,note4,4,-4,lg-202871810-aug-beethoven--page-3.png
004177.png,note4,4,-5,lg-202871810-aug-beethoven--page-3.png
004178.png,note4,4,8,lg-202871810-aug-beethoven--page-3.png
004179.png,note4,4,0,lg-202871810-aug-beethoven--page-3.png
004180.png,note4,4,0,lg-202871810-aug-beethoven--page-3.png
004181.png,note4,32,8,lg-202871810-aug-beethoven--page-3.png
004182.png,note4,8,1,lg-202871810-aug-beethoven--page-3.png
004183.png,note4,8,-3,lg-202871810-aug-beethoven--page-3.png
004184.png,note4,8,4,lg-202871810-aug-beethoven--page-3.png
004185.png,note4,8,2,lg-202871810-aug-beethoven--page-3.png
004186.png,note4,8,2,lg-202871810-aug-beethoven--page-3.png
004187.png,note16,16,5,lg-202871810-aug-beethoven--page-3.png
004188.png,note8,16,-2,lg-202871810-aug-beethoven--page-3.png
004189.png,note4,8,-7,lg-202871810-aug-beethoven--page-3.png
004190.png,note4,8,0,lg-202871810-aug-beethoven--page-3.png
004191.png,note4,16,-3,lg-202871810-aug-beethoven--page-3.png
004192.png,note4,16,4,lg-202871810-aug-beethoven--page-3.png
004193.png,note4,4,0,lg-202871810-aug-beethoven--page-3.png
004194.png,note4,4,7,lg-202871810-aug-beethoven--page-3.png
004195.png,note4,16,2,lg-202871810-aug-beethoven--page-3.png
004196.png,note4,16,-5,lg-202871810-aug-beethoven--page-3.png
004197.png,note4,8,9,lg-202871810-aug-beethoven--page-3.png
004198.png,note4,8,2,lg-202871810-aug-beethoven--page-3.png
004199.png,note4,16,7,lg-202871810-aug-beethoven--page-3.png
004200.png,note4,16,0,lg-202871810-aug-beethoven--page-3.png
004201.png,note4,16,1,lg-202871810-aug-beethoven--page-3.png
004202.png,note16,8,5,lg-202871810-aug-beethoven--page-3.png
004203.png,note16,8,-2,lg-202871810-aug-beethoven--page-3.png
004204.png,note4,16,5,lg-202871810-aug-beethoven--page-3.png
004205.png,note4,16,-2,lg-202871810-aug-beethoven--page-3.png
004206.png,note4,16,8,lg-202871810-aug-beethoven--page-3.png
004207.png,note8,8,3,lg-202871810-aug-beethoven--page-3.png
004208.png,note4,8,-4,lg-202871810-aug-beethoven--page-3.png
004209.png,note4,8,10,lg-202871810-aug-beethoven--page-3.png
004210.png,note4,8,3,lg-202871810-aug-beethoven--page-3.png
004211.png,note16,8,1,lg-202871810-aug-beethoven--page-3.png
004212.png,note4,8,1,lg-202871810-aug-beethoven--page-3.png
004213.png,note4,8,0,lg-202871810-aug-beethoven--page-3.png
004214.png,note16,8,2,lg-202871810-aug-beethoven--page-3.png
004215.png,note4,16,0,lg-202871810-aug-beethoven--page-3.png
004216.png,note4,16,1,lg-202871810-aug-beethoven--page-3.png
004217.png,note4,16,1,lg-202871810-aug-beethoven--page-3.png
004218.png,note4,16,0,lg-202871810-aug-beethoven--page-3.png
004219.png,note16,16,3,lg-202871810-aug-beethoven--page-3.png
004220.png,note16,16,2,lg-202871810-aug-beethoven--page-3.png
004221.png,note4,16,3,lg-202871810-aug-beethoven--page-3.png
004222.png,note4,16,2,lg-202871810-aug-beethoven--page-3.png
004223.png,note4,4,2,lg-202871810-aug-beethoven--page-3.png
004224.png,note4,4,3,lg-202871810-aug-beethoven--page-3.png
004225.png,note16,8,3,lg-202871810-aug-beethoven--page-3.png
004226.png,note16,8,2,lg-202871810-aug-beethoven--page-3.png
004227.png,note16,8,4,lg-202871810-aug-beethoven--page-3.png
004228.png,note16,8,5,lg-202871810-aug-beethoven--page-3.png
004229.png,note16,8,1,lg-202871810-aug-beethoven--page-3.png
004230.png,note16,8,0,lg-202871810-aug-beethoven--page-3.png
004231.png,note4,8,3,lg-202871810-aug-beethoven--page-3.png
004232.png,note4,8,2,lg-202871810-aug-beethoven--page-3.png
004233.png,note16,16,1,lg-202871810-aug-beethoven--page-3.png
004234.png,note16,16,0,lg-202871810-aug-beethoven--page-3.png
004235.png,note4,16,3,lg-202871810-aug-beethoven--page-3.png
004236.png,note4,16,2,lg-202871810-aug-beethoven--page-3.png
004237.png,note16,16,3,lg-202871810-aug-beethoven--page-3.png
004238.png,note16,16,2,lg-202871810-aug-beethoven--page-3.png
004239.png,note4,16,3,lg-202871810-aug-beethoven--page-3.png
004240.png,note4,16,2,lg-202871810-aug-beethoven--page-3.png
004241.png,note4,8,0,lg-202871810-aug-beethoven--page-3.png
004242.png,note4,8,-1,lg-202871810-aug-beethoven--page-3.png
004243.png,note8,16,0,lg-202871810-aug-beethoven--page-3.png
004244.png,note4,16,0,lg-202871810-aug-beethoven--page-3.png
004245.png,note4,16,-1,lg-202871810-aug-beethoven--page-3.png
004246.png,note4,16,0,lg-202871810-aug-beethoven--page-3.png
004247.png,note4,16,-1,lg-202871810-aug-beethoven--page-3.png
004248.png,note2,2,8,lg-202871810-aug-beethoven--page-3.png
004249.png,note2,2,1,lg-202871810-aug-beethoven--page-3.png
004250.png,note2,2,0,lg-202871810-aug-beethoven--page-3.png
004251.png,note2,2,6,lg-202871810-aug-beethoven--page-3.png
004252.png,note16,16,-1,lg-202871810-aug-beethoven--page-3.png
004253.png,note16,8,3,lg-202871810-aug-beethoven--page-3.png
004254.png,note16,8,4,lg-202871810-aug-beethoven--page-3.png
004255.png,note16,16,2,lg-202871810-aug-beethoven--page-3.png
004256.png,note4,16,3,lg-202871810-aug-beethoven--page-3.png
004257.png,note4,16,2,lg-202871810-aug-beethoven--page-3.png
004258.png,note4,8,5,lg-202871810-aug-beethoven--page-3.png
004259.png,note4,8,4,lg-202871810-aug-beethoven--page-3.png
004260.png,note16,16,1,lg-202871810-aug-beethoven--page-3.png
004261.png,note4,8,2,lg-202871810-aug-beethoven--page-3.png
004262.png,note4,8,1,lg-202871810-aug-beethoven--page-3.png
004263.png,note8,8,0,lg-202871810-aug-beethoven--page-3.png
004264.png,note16,8,-1,lg-202871810-aug-beethoven--page-3.png
004265.png,note4,16,1,lg-202871810-aug-beethoven--page-3.png
004266.png,note4,16,2,lg-202871810-aug-beethoven--page-3.png
004267.png,note4,16,2,lg-202871810-aug-beethoven--page-3.png
004268.png,note4,16,1,lg-202871810-aug-beethoven--page-3.png
004269.png,note4,8,-1,lg-151962286-aug-emmentaler--page-3.png
004270.png,note4,4.,2,lg-151962286-aug-emmentaler--page-3.png
004271.png,note4,4.,3,lg-151962286-aug-emmentaler--page-3.png
004272.png,note4,8,1,lg-151962286-aug-emmentaler--page-3.png
004273.png,note4,8,1,lg-151962286-aug-emmentaler--page-3.png
004274.png,note4,8,-1,lg-151962286-aug-emmentaler--page-3.png
004275.png,note4,4,3,lg-151962286-aug-emmentaler--page-3.png
004276.png,note4,8,-1,lg-151962286-aug-emmentaler--page-3.png
004277.png,note4,8,1,lg-151962286-aug-emmentaler--page-3.png
004278.png,note4,8,0,lg-151962286-aug-emmentaler--page-3.png
004279.png,note4,4,2,lg-151962286-aug-emmentaler--page-3.png
004280.png,note4,8,-4,lg-151962286-aug-emmentaler--page-3.png
004281.png,note4,8,-4,lg-151962286-aug-emmentaler--page-3.png
004282.png,note4,8,0,lg-151962286-aug-emmentaler--page-3.png
004283.png,note1,1,-1,lg-151962286-aug-emmentaler--page-3.png
004284.png,note4,8,-1,lg-151962286-aug-emmentaler--page-3.png
004285.png,note4,4.,3,lg-151962286-aug-emmentaler--page-3.png
004286.png,note4,8,0,lg-151962286-aug-emmentaler--page-3.png
004287.png,note4,4,3,lg-151962286-aug-emmentaler--page-3.png
004288.png,note4,8,-2,lg-151962286-aug-emmentaler--page-3.png
004289.png,note4,8,1,lg-151962286-aug-emmentaler--page-3.png
004290.png,note4,8,1,lg-151962286-aug-emmentaler--page-3.png
004291.png,note4,8,-2,lg-151962286-aug-emmentaler--page-3.png
004292.png,note1,1,-2,lg-151962286-aug-emmentaler--page-3.png
004293.png,note4,8,-2,lg-151962286-aug-emmentaler--page-3.png
004294.png,note4,4.,3,lg-151962286-aug-emmentaler--page-3.png
004295.png,note4,8,1,lg-151962286-aug-emmentaler--page-3.png
004296.png,note4,8,1,lg-151962286-aug-emmentaler--page-3.png
004297.png,note4,4.,3,lg-151962286-aug-emmentaler--page-3.png
004298.png,note4,8,-2,lg-151962286-aug-emmentaler--page-3.png
004299.png,note4,8,1,lg-151962286-aug-emmentaler--page-3.png
004300.png,note4,4,1,lg-151962286-aug-emmentaler--page-3.png
004301.png,note4,8,-3,lg-151962286-aug-emmentaler--page-3.png
004302.png,note4,8,1,lg-151962286-aug-emmentaler--page-3.png
004303.png,note4,8,1,lg-151962286-aug-emmentaler--page-3.png
004304.png,note4,8,-3,lg-151962286-aug-emmentaler--page-3.png
004305.png,note1,1,-4,lg-151962286-aug-emmentaler--page-3.png
004306.png,note4,8,-1,lg-151962286-aug-emmentaler--page-3.png
004307.png,note4,4.,1,lg-151962286-aug-emmentaler--page-3.png
004308.png,note4,4.,3,lg-151962286-aug-emmentaler--page-3.png
004309.png,note4,8,-3,lg-151962286-aug-emmentaler--page-3.png
004310.png,note4,8,1,lg-151962286-aug-emmentaler--page-3.png
004311.png,note4,8,-3,lg-151962286-aug-emmentaler--page-3.png
004312.png,note4,4.,2,lg-151962286-aug-emmentaler--page-3.png
004313.png,note4,8,1,lg-151962286-aug-emmentaler--page-3.png
004314.png,note1,1,-3,lg-151962286-aug-emmentaler--page-3.png
004315.png,note4,4.,2,lg-151962286-aug-emmentaler--page-3.png
004316.png,note4,8,-4,lg-151962286-aug-emmentaler--page-3.png
004317.png,note1,1,-4,lg-151962286-aug-emmentaler--page-3.png
004318.png,note4,8,3,lg-151962286-aug-emmentaler--page-3.png
004319.png,note4,8,-1,lg-151962286-aug-emmentaler--page-3.png
004320.png,note4,4,1,lg-151962286-aug-emmentaler--page-3.png
004321.png,note4,8,-4,lg-151962286-aug-emmentaler--page-3.png
004322.png,note4,8,0,lg-151962286-aug-emmentaler--page-3.png
004323.png,note4,8,3,lg-151962286-aug-emmentaler--page-3.png
004324.png,note4,4.,1,lg-151962286-aug-emmentaler--page-3.png
004325.png,note4,8,-1,lg-151962286-aug-emmentaler--page-3.png
004326.png,note4,8,3,lg-151962286-aug-emmentaler--page-3.png
004327.png,note4,8,3,lg-151962286-aug-emmentaler--page-3.png
004328.png,note4,8,-1,lg-151962286-aug-emmentaler--page-3.png
004329.png,note4,8,-3,lg-151962286-aug-emmentaler--page-3.png
004330.png,note4,8,-4,lg-151962286-aug-emmentaler--page-3.png
004331.png,note4,8,-6,lg-151962286-aug-emmentaler--page-3.png
004332.png,note4,8,-1,lg-151962286-aug-emmentaler--page-3.png
004333.png,note4,8,-4,lg-151962286-aug-emmentaler--page-3.png
004334.png,note4,8,-2,lg-151962286-aug-emmentaler--page-3.png
004335.png,note4,8,-2,lg-151962286-aug-emmentaler--page-3.png
004336.png,note1,1,-6,lg-151962286-aug-emmentaler--page-3.png
004337.png,note1,1,1,lg-151962286-aug-emmentaler--page-3.png
004338.png,note4,8,-4,lg-151962286-aug-emmentaler--page-3.png
004339.png,note4,8,-6,lg-151962286-aug-emmentaler--page-3.png
004340.png,note4,8,-2,lg-151962286-aug-emmentaler--page-3.png
004341.png,note4,8,-2,lg-151962286-aug-emmentaler--page-3.png
004342.png,note4,8,-7,lg-151962286-aug-emmentaler--page-3.png
004343.png,note4,8,-2,lg-151962286-aug-emmentaler--page-3.png
004344.png,note4,8,-2,lg-151962286-aug-emmentaler--page-3.png
004345.png,note4,8,-6,lg-151962286-aug-emmentaler--page-3.png
004346.png,note1,1,-6,lg-151962286-aug-emmentaler--page-3.png
004347.png,note1,1,1,lg-151962286-aug-emmentaler--page-3.png
004348.png,note4,8,-5,lg-151962286-aug-emmentaler--page-3.png
004349.png,note4,8,0,lg-151962286-aug-emmentaler--page-3.png
004350.png,note4,8,-2,lg-151962286-aug-emmentaler--page-3.png
004351.png,note4,8,-4,lg-151962286-aug-emmentaler--page-3.png
004352.png,note4,8,-7,lg-151962286-aug-emmentaler--page-3.png
004353.png,note4,8,-6,lg-151962286-aug-emmentaler--page-3.png
004354.png,note4,8,-6,lg-151962286-aug-emmentaler--page-3.png
004355.png,note4,8,1,lg-151962286-aug-emmentaler--page-3.png
004356.png,note4,8,-1,lg-151962286-aug-emmentaler--page-3.png
004357.png,note4,8,-3,lg-151962286-aug-emmentaler--page-3.png
004358.png,note4,8,1,lg-151962286-aug-emmentaler--page-3.png
004359.png,note4,8,-4,lg-151962286-aug-emmentaler--page-3.png
004360.png,note4,8,1,lg-151962286-aug-emmentaler--page-3.png
004361.png,note4,8,-4,lg-151962286-aug-emmentaler--page-3.png
004362.png,note4,8,-3,lg-151962286-aug-emmentaler--page-3.png
004363.png,note4,8,-6,lg-151962286-aug-emmentaler--page-3.png
004364.png,note4,8,-6,lg-151962286-aug-emmentaler--page-3.png
004365.png,note4,8,-3,lg-151962286-aug-emmentaler--page-3.png
004366.png,note4,8,-1,lg-151962286-aug-emmentaler--page-3.png
004367.png,note4,8,1,lg-151962286-aug-emmentaler--page-3.png
004368.png,note4,8,-1,lg-151962286-aug-emmentaler--page-3.png
004369.png,note4,8,-1,lg-151962286-aug-emmentaler--page-3.png
004370.png,note4,8,1,lg-151962286-aug-emmentaler--page-3.png
004371.png,note4,8,-5,lg-151962286-aug-emmentaler--page-3.png
004372.png,note1,1,-5,lg-151962286-aug-emmentaler--page-3.png
004373.png,note1,1,2,lg-151962286-aug-emmentaler--page-3.png
004374.png,note4,8,1,lg-151962286-aug-emmentaler--page-3.png
004375.png,note4,8,-1,lg-151962286-aug-emmentaler--page-3.png
004376.png,note4,8,0,lg-151962286-aug-emmentaler--page-3.png
004377.png,note4,8,-1,lg-151962286-aug-emmentaler--page-3.png
004378.png,note4,8,-5,lg-151962286-aug-emmentaler--page-3.png
004379.png,note4,8,-3,lg-151962286-aug-emmentaler--page-3.png
004380.png,note4,8,-5,lg-151962286-aug-emmentaler--page-3.png
004381.png,note1,1,3,lg-151962286-aug-emmentaler--page-3.png
004382.png,note1,1,-3,lg-151962286-aug-emmentaler--page-3.png
004383.png,note1,1,1,lg-151962286-aug-emmentaler--page-3.png
004384.png,note1,1,-3,lg-151962286-aug-emmentaler--page-3.png
004385.png,note1,1,-3,lg-151962286-aug-emmentaler--page-3.png
004386.png,note1,1,3,lg-151962286-aug-emmentaler--page-3.png
004387.png,note1,1,1,lg-151962286-aug-emmentaler--page-3.png
004388.png,note1,1,-3,lg-151962286-aug-emmentaler--page-3.png
004389.png,note4,8,0,lg-151962286-aug-emmentaler--page-3.png
004390.png,note4,8,-5,lg-151962286-aug-emmentaler--page-3.png
004391.png,note4,8,-4,lg-151962286-aug-emmentaler--page-3.png
004392.png,note4,8,-2,lg-151962286-aug-emmentaler--page-3.png
004393.png,note4,8,-5,lg-151962286-aug-emmentaler--page-3.png
004394.png,note4,8,0,lg-151962286-aug-emmentaler--page-3.png
004395.png,note4,8,0,lg-151962286-aug-emmentaler--page-3.png
004396.png,note4,8,0,lg-151962286-aug-emmentaler--page-3.png
004397.png,note4,8,-2,lg-151962286-aug-emmentaler--page-3.png
004398.png,note4,8,-4,lg-151962286-aug-emmentaler--page-3.png
004399.png,note4,8,-3,lg-151962286-aug-emmentaler--page-3.png
004400.png,note4,8,-1,lg-151962286-aug-emmentaler--page-3.png
004401.png,note4,8,-1,lg-151962286-aug-emmentaler--page-3.png
004402.png,note4,8,-5,lg-151962286-aug-emmentaler--page-3.png
004403.png,note4,8,1,lg-151962286-aug-emmentaler--page-3.png
004404.png,note1,1,-4,lg-151962286-aug-emmentaler--page-3.png
004405.png,note4,8,-4,lg-151962286-aug-emmentaler--page-3.png
004406.png,note4,8,0,lg-151962286-aug-emmentaler--page-3.png
004407.png,note4,8,-3,lg-151962286-aug-emmentaler--page-3.png
004408.png,note1,1,3,lg-151962286-aug-emmentaler--page-3.png
004409.png,note4,8,0,lg-151962286-aug-emmentaler--page-3.png
004410.png,note4,8,-2,lg-151962286-aug-emmentaler--page-3.png
004411.png,note4,8,0,lg-151962286-aug-emmentaler--page-3.png
004412.png,note4,8,0,lg-151962286-aug-emmentaler--page-3.png
004413.png,note4,8,0,lg-151962286-aug-emmentaler--page-3.png
004414.png,note4,8,-5,lg-151962286-aug-emmentaler--page-3.png
004415.png,note4,8,-4,lg-151962286-aug-emmentaler--page-3.png
004416.png,note4,8,0,lg-151962286-aug-emmentaler--page-3.png
004417.png,note4,8,-4,lg-151962286-aug-emmentaler--page-3.png
004418.png,note4,8,-5,lg-151962286-aug-emmentaler--page-3.png
004419.png,note4,8,-2,lg-151962286-aug-emmentaler--page-3.png
004420.png,note4,8,-4,lg-151962286-aug-emmentaler--page-3.png
004421.png,note4,8,-5,lg-151962286-aug-emmentaler--page-3.png
004422.png,note4,8,0,lg-151962286-aug-emmentaler--page-3.png
004423.png,note4,8,1,lg-151962286-aug-emmentaler--page-3.png
004424.png,note4,8,-5,lg-151962286-aug-emmentaler--page-3.png
004425.png,note4,8,-3,lg-151962286-aug-emmentaler--page-3.png
004426.png,note4,8,-1,lg-151962286-aug-emmentaler--page-3.png
004427.png,note4,8,-1,lg-151962286-aug-emmentaler--page-3.png
004428.png,note4,8,-5,lg-151962286-aug-emmentaler--page-3.png
004429.png,note4,8,-3,lg-151962286-aug-emmentaler--page-3.png
004430.png,note4,8,-1,lg-151962286-aug-emmentaler--page-3.png
004431.png,note4,8,-4,lg-151962286-aug-emmentaler--page-3.png
004432.png,note4,8,0,lg-151962286-aug-emmentaler--page-3.png
004433.png,note1,1,-4,lg-151962286-aug-emmentaler--page-3.png
004434.png,note1,1,3,lg-151962286-aug-emmentaler--page-3.png
004435.png,note4,8,-3,lg-151962286-aug-emmentaler--page-3.png
004436.png,note4,8,-1,lg-151962286-aug-emmentaler--page-3.png
004437.png,note4,8,-6,lg-151962286-aug-emmentaler--page-3.png
004438.png,note4,8,-1,lg-151962286-aug-emmentaler--page-3.png
004439.png,note4,8,-6,lg-151962286-aug-emmentaler--page-3.png
004440.png,note4,8,-1,lg-151962286-aug-emmentaler--page-3.png
004441.png,note4,8,-3,lg-151962286-aug-emmentaler--page-3.png
004442.png,note4,8,-1,lg-151962286-aug-emmentaler--page-3.png
004443.png,note1,1,-3,lg-151962286-aug-emmentaler--page-3.png
004444.png,note1,1,4,lg-151962286-aug-emmentaler--page-3.png
004445.png,note4,8,-1,lg-151962286-aug-emmentaler--page-3.png
004446.png,note4,8,-1,lg-151962286-aug-emmentaler--page-3.png
004447.png,note4,8,-4,lg-151962286-aug-emmentaler--page-3.png
004448.png,note4,8,-3,lg-151962286-aug-emmentaler--page-3.png
004449.png,note4,8,-4,lg-151962286-aug-emmentaler--page-3.png
004450.png,note4,8,-1,lg-151962286-aug-emmentaler--page-3.png
004451.png,note4,8,-6,lg-151962286-aug-emmentaler--page-3.png
004452.png,note4,8,-3,lg-151962286-aug-emmentaler--page-3.png
004453.png,note4,8,-1,lg-151962286-aug-emmentaler--page-3.png
004454.png,note4,8,-3,lg-151962286-aug-emmentaler--page-3.png
004455.png,note4,8,-6,lg-151962286-aug-emmentaler--page-3.png
004456.png,note4,8,1,lg-151962286-aug-emmentaler--page-3.png
004457.png,note4,8,-4,lg-151962286-aug-emmentaler--page-3.png
004458.png,note4,8,-3,lg-151962286-aug-emmentaler--page-3.png
004459.png,note4,8,-6,lg-151962286-aug-emmentaler--page-3.png
004460.png,note4,8,1,lg-151962286-aug-emmentaler--page-3.png
004461.png,note4,8,-3,lg-151962286-aug-emmentaler--page-3.png
004462.png,note4,8,-1,lg-151962286-aug-emmentaler--page-3.png
004463.png,note4,8,-1,lg-151962286-aug-emmentaler--page-3.png
004464.png,note4,8,-5,lg-151962286-aug-emmentaler--page-3.png
004465.png,note1,1,-3,lg-151962286-aug-emmentaler--page-3.png
004466.png,note1,1,4,lg-151962286-aug-emmentaler--page-3.png
004467.png,note4,8,-1,lg-151962286-aug-emmentaler--page-3.png
004468.png,note4,8,-3,lg-151962286-aug-emmentaler--page-3.png
004469.png,note1,1,-6,lg-151962286-aug-emmentaler--page-3.png
004470.png,note1,1,1,lg-151962286-aug-emmentaler--page-3.png
004471.png,note4,8,-1,lg-151962286-aug-emmentaler--page-3.png
004472.png,note4,8,-3,lg-151962286-aug-emmentaler--page-3.png
004473.png,note4,8,1,lg-151962286-aug-emmentaler--page-3.png
004474.png,note4,8,-4,lg-151962286-aug-emmentaler--page-3.png
004475.png,note4,8,1,lg-151962286-aug-emmentaler--page-3.png
004476.png,note4,8,-6,lg-151962286-aug-emmentaler--page-3.png
004477.png,note1,1,-5,lg-151962286-aug-emmentaler--page-3.png
004478.png,note1,1,2,lg-151962286-aug-emmentaler--page-3.png
004479.png,note4,8,-6,lg-151962286-aug-emmentaler--page-3.png
004480.png,note4,8,-1,lg-151962286-aug-emmentaler--page-3.png
004481.png,note4,8,1,lg-151962286-aug-emmentaler--page-3.png
004482.png,note4,8,-5,lg-151962286-aug-emmentaler--page-3.png
004483.png,note4,8,-3,lg-151962286-aug-emmentaler--page-3.png
004484.png,note4,8,-5,lg-151962286-aug-emmentaler--page-3.png
004485.png,note4,8,1,lg-151962286-aug-emmentaler--page-3.png
004486.png,note4,8,-1,lg-151962286-aug-emmentaler--page-3.png
004487.png,note4,8,-1,lg-151962286-aug-emmentaler--page-3.png
004488.png,note4,8,-1,lg-151962286-aug-emmentaler--page-3.png
004489.png,note4,8,-1,lg-151962286-aug-emmentaler--page-3.png
004490.png,note4,8,-1,lg-151962286-aug-emmentaler--page-3.png
004491.png,note4,8,-3,lg-151962286-aug-emmentaler--page-3.png
004492.png,note4,8,-5,lg-151962286-aug-emmentaler--page-3.png
004493.png,note4,8,-5,lg-151962286-aug-emmentaler--page-3.png
004494.png,note4,8,-6,lg-151962286-aug-emmentaler--page-3.png
004495.png,note4,8,-1,lg-151962286-aug-emmentaler--page-3.png
004496.png,note4,8,-1,lg-151962286-aug-emmentaler--page-3.png
004497.png,note4,8,-6,lg-151962286-aug-emmentaler--page-3.png
004498.png,note4,8,-5,lg-151962286-aug-emmentaler--page-3.png
004499.png,note4,8,-4,lg-151962286-aug-emmentaler--page-3.png
004500.png,note4,8,-4,lg-151962286-aug-emmentaler--page-3.png
004501.png,note4,8,-9,lg-151962286-aug-emmentaler--page-3.png
004502.png,note4,8,-2,lg-151962286-aug-emmentaler--page-3.png
004503.png,note4,8,-9,lg-151962286-aug-emmentaler--page-3.png
004504.png,note1,1,1,lg-151962286-aug-emmentaler--page-3.png
004505.png,note1,1,-6,lg-151962286-aug-emmentaler--page-3.png
004506.png,note4,8,-6,lg-151962286-aug-emmentaler--page-3.png
004507.png,note4,8,-4,lg-151962286-aug-emmentaler--page-3.png
004508.png,note4,8,-2,lg-151962286-aug-emmentaler--page-3.png
004509.png,note4,8,-7,lg-151962286-aug-emmentaler--page-3.png
004510.png,note4,8,-2,lg-151962286-aug-emmentaler--page-3.png
004511.png,note4,8,-4,lg-151962286-aug-emmentaler--page-3.png
004512.png,note4,8,-2,lg-151962286-aug-emmentaler--page-3.png
004513.png,note4,8,-7,lg-151962286-aug-emmentaler--page-3.png
004514.png,note4,8,-4,lg-151962286-aug-emmentaler--page-3.png
004515.png,note4,8,-4,lg-151962286-aug-emmentaler--page-3.png
004516.png,note4,8,-9,lg-151962286-aug-emmentaler--page-3.png
004517.png,note4,8,-6,lg-151962286-aug-emmentaler--page-3.png
004518.png,note4,8,-9,lg-151962286-aug-emmentaler--page-3.png
004519.png,note4,8,-4,lg-151962286-aug-emmentaler--page-3.png
004520.png,note4,8,-9,lg-151962286-aug-emmentaler--page-3.png
004521.png,note4,8,-4,lg-151962286-aug-emmentaler--page-3.png
004522.png,note4,8,-4,lg-151962286-aug-emmentaler--page-3.png
004523.png,note4,8,-7,lg-151962286-aug-emmentaler--page-3.png
004524.png,note4,8,-4,lg-151962286-aug-emmentaler--page-3.png
004525.png,note4,8,-7,lg-151962286-aug-emmentaler--page-3.png
004526.png,note4,8,-6,lg-151962286-aug-emmentaler--page-3.png
004527.png,note4,8,-4,lg-151962286-aug-emmentaler--page-3.png
004528.png,note4,8,-4,lg-151962286-aug-emmentaler--page-3.png
004529.png,note4,8,-6,lg-151962286-aug-emmentaler--page-3.png
004530.png,note4,8,-9,lg-151962286-aug-emmentaler--page-3.png
004531.png,note4,8,-4,lg-151962286-aug-emmentaler--page-3.png
004532.png,note4,8,-3,lg-151962286-aug-emmentaler--page-3.png
004533.png,note4,8,-6,lg-151962286-aug-emmentaler--page-3.png
004534.png,note4,8,-1,lg-151962286-aug-emmentaler--page-3.png
004535.png,note4,8,-1,lg-151962286-aug-emmentaler--page-3.png
004536.png,note4,8,-1,lg-151962286-aug-emmentaler--page-3.png
004537.png,note4,8,-6,lg-151962286-aug-emmentaler--page-3.png
004538.png,note4,8,-1,lg-151962286-aug-emmentaler--page-3.png
004539.png,note4,8,-2,lg-151962286-aug-emmentaler--page-3.png
004540.png,note4,8,-4,lg-151962286-aug-emmentaler--page-3.png
004541.png,note1,1,-4,lg-151962286-aug-emmentaler--page-3.png
004542.png,note4,8,-1,lg-151962286-aug-emmentaler--page-3.png
004543.png,note4,8,-3,lg-151962286-aug-emmentaler--page-3.png
004544.png,note4,8,-1,lg-151962286-aug-emmentaler--page-3.png
004545.png,note4,8,-3,lg-151962286-aug-emmentaler--page-3.png
004546.png,note1,1,-3,lg-151962286-aug-emmentaler--page-3.png
004547.png,note4,8,-1,lg-151962286-aug-emmentaler--page-3.png
004548.png,note4,8,-6,lg-151962286-aug-emmentaler--page-3.png
004549.png,note4,8,-3,lg-151962286-aug-emmentaler--page-3.png
004550.png,note1,1,4,lg-151962286-aug-emmentaler--page-3.png
004551.png,note4,8,-4,lg-151962286-aug-emmentaler--page-3.png
004552.png,note4,8,-7,lg-151962286-aug-emmentaler--page-3.png
004553.png,note4,8,-2,lg-151962286-aug-emmentaler--page-3.png
004554.png,note4,8,-2,lg-151962286-aug-emmentaler--page-3.png
004555.png,note4,8,-2,lg-151962286-aug-emmentaler--page-3.png
004556.png,note4,8,-5,lg-151962286-aug-emmentaler--page-3.png
004557.png,note4,8,-4,lg-151962286-aug-emmentaler--page-3.png
004558.png,note4,8,-2,lg-151962286-aug-emmentaler--page-3.png
004559.png,note4,8,-4,lg-151962286-aug-emmentaler--page-3.png
004560.png,note4,8,-4,lg-151962286-aug-emmentaler--page-3.png
004561.png,note1,1,-4,lg-151962286-aug-emmentaler--page-3.png
004562.png,note1,1,3,lg-151962286-aug-emmentaler--page-3.png
004563.png,note4,8,-2,lg-151962286-aug-emmentaler--page-3.png
004564.png,note4,8,-4,lg-151962286-aug-emmentaler--page-3.png
004565.png,note4,8,-7,lg-151962286-aug-emmentaler--page-3.png
004566.png,note4,8,-5,lg-151962286-aug-emmentaler--page-3.png
004567.png,note4,8,-2,lg-151962286-aug-emmentaler--page-3.png
004568.png,note1,1,3,lg-151962286-aug-emmentaler--page-3.png
004569.png,note4,8,-4,lg-151962286-aug-emmentaler--page-3.png
004570.png,note4,8,-7,lg-151962286-aug-emmentaler--page-3.png
004571.png,note4,8,-5,lg-266032651186104151-aug-emmentaler--page-1.png
004572.png,note4,4.,-2,lg-266032651186104151-aug-emmentaler--page-1.png
004573.png,note4,8,-2,lg-266032651186104151-aug-emmentaler--page-1.png
004574.png,note4,8,2,lg-266032651186104151-aug-emmentaler--page-1.png
004575.png,note4,8,-1,lg-266032651186104151-aug-emmentaler--page-1.png
004576.png,note4,4.,-3,lg-266032651186104151-aug-emmentaler--page-1.png
004577.png,note4,8,-6,lg-266032651186104151-aug-emmentaler--page-1.png
004578.png,note16,8,-1,lg-266032651186104151-aug-emmentaler--page-1.png
004579.png,note8,8,1,lg-266032651186104151-aug-emmentaler--page-1.png
004580.png,note8,8,1,lg-266032651186104151-aug-emmentaler--page-1.png
004581.png,note4,8,-2,lg-266032651186104151-aug-emmentaler--page-1.png
004582.png,note8,8,-3,lg-266032651186104151-aug-emmentaler--page-1.png
004583.png,note4,8,-1,lg-266032651186104151-aug-emmentaler--page-1.png
004584.png,note16,8,0,lg-266032651186104151-aug-emmentaler--page-1.png
004585.png,note16,8,-2,lg-266032651186104151-aug-emmentaler--page-1.png
004586.png,note4,8,-2,lg-266032651186104151-aug-emmentaler--page-1.png
004587.png,note4,8,-1,lg-266032651186104151-aug-emmentaler--page-1.png
004588.png,note16,8,1,lg-266032651186104151-aug-emmentaler--page-1.png
004589.png,note16,8,0,lg-266032651186104151-aug-emmentaler--page-1.png
004590.png,note16,8,1,lg-266032651186104151-aug-emmentaler--page-1.png
004591.png,note4,4.,-1,lg-266032651186104151-aug-emmentaler--page-1.png
004592.png,note4,8,-5,lg-266032651186104151-aug-emmentaler--page-1.png
004593.png,note4,8,0,lg-266032651186104151-aug-emmentaler--page-1.png
004594.png,note4,4.,2,lg-266032651186104151-aug-emmentaler--page-1.png
004595.png,note4,8,-6,lg-266032651186104151-aug-emmentaler--page-1.png
004596.png,note4,4,-1,lg-266032651186104151-aug-emmentaler--page-1.png
004597.png,note16,8,0,lg-266032651186104151-aug-emmentaler--page-1.png
004598.png,note4,8,-3,lg-266032651186104151-aug-emmentaler--page-1.png
004599.png,note8,8,1,lg-266032651186104151-aug-emmentaler--page-1.png
004600.png,note4,4.,2,lg-266032651186104151-aug-emmentaler--page-1.png
004601.png,note4,8,-6,lg-266032651186104151-aug-emmentaler--page-1.png
004602.png,note4,4,2,lg-266032651186104151-aug-emmentaler--page-1.png
004603.png,note8,8,0,lg-266032651186104151-aug-emmentaler--page-1.png
004604.png,note4,8,-3,lg-266032651186104151-aug-emmentaler--page-1.png
004605.png,note16,8,-1,lg-266032651186104151-aug-emmentaler--page-1.png
004606.png,note8,4.,2,lg-266032651186104151-aug-emmentaler--page-1.png
004607.png,note4,8,-6,lg-266032651186104151-aug-emmentaler--page-1.png
004608.png,note4,4,-1,lg-266032651186104151-aug-emmentaler--page-1.png
004609.png,note8,8,-1,lg-266032651186104151-aug-emmentaler--page-1.png
004610.png,note8,8,-1,lg-266032651186104151-aug-emmentaler--page-1.png
004611.png,note4,8,-3,lg-266032651186104151-aug-emmentaler--page-1.png
004612.png,note8,8,-1,lg-266032651186104151-aug-emmentaler--page-1.png
004613.png,note8,8,-1,lg-266032651186104151-aug-emmentaler--page-1.png
004614.png,note8,8,-3,lg-266032651186104151-aug-emmentaler--page-1.png
004615.png,note8,8,1,lg-266032651186104151-aug-emmentaler--page-1.png
004616.png,note4,4.,-2,lg-266032651186104151-aug-emmentaler--page-1.png
004617.png,note4,8,-5,lg-266032651186104151-aug-emmentaler--page-1.png
004618.png,note4,8,-2,lg-266032651186104151-aug-emmentaler--page-1.png
004619.png,note4,8,-3,lg-266032651186104151-aug-emmentaler--page-1.png
004620.png,note16,8,1,lg-266032651186104151-aug-emmentaler--page-1.png
004621.png,note4,4.,-3,lg-266032651186104151-aug-emmentaler--page-1.png
004622.png,note4,8,-6,lg-266032651186104151-aug-emmentaler--page-1.png
004623.png,note8,8,-1,lg-266032651186104151-aug-emmentaler--page-1.png
004624.png,note8,8,0,lg-266032651186104151-aug-emmentaler--page-1.png
004625.png,note8,8,-2,lg-266032651186104151-aug-emmentaler--page-1.png
004626.png,note4,8,-2,lg-266032651186104151-aug-emmentaler--page-1.png
004627.png,note4,8,-1,lg-266032651186104151-aug-emmentaler--page-1.png
004628.png,note16,8,0,lg-266032651186104151-aug-emmentaler--page-1.png
004629.png,note16,8,1,lg-266032651186104151-aug-emmentaler--page-1.png
004630.png,note4,8,-2,lg-266032651186104151-aug-emmentaler--page-1.png
004631.png,note4,8,2,lg-266032651186104151-aug-emmentaler--page-1.png
004632.png,note4,8,-5,lg-266032651186104151-aug-emmentaler--page-1.png
004633.png,note4,4.,-1,lg-266032651186104151-aug-emmentaler--page-1.png
004634.png,note4,8,0,lg-266032651186104151-aug-emmentaler--page-1.png
004635.png,note16,8,1,lg-266032651186104151-aug-emmentaler--page-1.png
004636.png,note4,4.,2,lg-266032651186104151-aug-emmentaler--page-1.png
004637.png,note4,8,-6,lg-266032651186104151-aug-emmentaler--page-1.png
004638.png,note8,8,-1,lg-266032651186104151-aug-emmentaler--page-1.png
004639.png,note4,8,-3,lg-266032651186104151-aug-emmentaler--page-1.png
004640.png,note8,8,-1,lg-266032651186104151-aug-emmentaler--page-1.png
004641.png,note8,8,0,lg-266032651186104151-aug-emmentaler--page-1.png
004642.png,note16,8,-3,lg-266032651186104151-aug-emmentaler--page-1.png
004643.png,note16,8,1,lg-266032651186104151-aug-emmentaler--page-1.png
004644.png,note4,4.,2,lg-266032651186104151-aug-emmentaler--page-1.png
004645.png,note4,8,-6,lg-266032651186104151-aug-emmentaler--page-1.png
004646.png,note4,4,-1,lg-266032651186104151-aug-emmentaler--page-1.png
004647.png,note8,8,-2,lg-266032651186104151-aug-emmentaler--page-1.png
004648.png,note4,8,-3,lg-266032651186104151-aug-emmentaler--page-1.png
004649.png,note4,4.,2,lg-266032651186104151-aug-emmentaler--page-1.png
004650.png,note4,8,-6,lg-266032651186104151-aug-emmentaler--page-1.png
004651.png,note4,4,-1,lg-266032651186104151-aug-emmentaler--page-1.png
004652.png,note4,4.,2,lg-266032651186104151-aug-emmentaler--page-1.png
004653.png,note4,8,-6,lg-266032651186104151-aug-emmentaler--page-1.png
004654.png,note4,4,2,lg-266032651186104151-aug-emmentaler--page-1.png
004655.png,note8,8,-1,lg-266032651186104151-aug-emmentaler--page-1.png
004656.png,note16,8,0,lg-266032651186104151-aug-emmentaler--page-1.png
004657.png,note4,8,-3,lg-266032651186104151-aug-emmentaler--page-1.png
004658.png,note4,8,-6,lg-266032651186104151-aug-emmentaler--page-1.png
004659.png,note4,4,-1,lg-266032651186104151-aug-emmentaler--page-1.png
004660.png,note4,4.,2,lg-266032651186104151-aug-emmentaler--page-1.png
004661.png,note8,8,-1,lg-266032651186104151-aug-emmentaler--page-1.png
004662.png,note8,8,-1,lg-266032651186104151-aug-emmentaler--page-1.png
004663.png,note4,4,-4,lg-5230237-aug-beethoven--page-3.png
004664.png,note4,4,-2,lg-5230237-aug-beethoven--page-3.png
004665.png,note4,4,-1,lg-5230237-aug-beethoven--page-3.png
004666.png,note4,4.,6,lg-5230237-aug-beethoven--page-3.png
004667.png,note1,1,0,lg-5230237-aug-beethoven--page-3.png
004668.png,note1,1,1,lg-5230237-aug-beethoven--page-3.png
004669.png,note4,4.,-2,lg-5230237-aug-beethoven--page-3.png
004670.png,note8,2,-3,lg-5230237-aug-beethoven--page-3.png
004671.png,note8,16,5,lg-5230237-aug-beethoven--page-3.png
004672.png,note8,8,3,lg-5230237-aug-beethoven--page-3.png
004673.png,note2,2,-4,lg-5230237-aug-beethoven--page-3.png
004674.png,note4,4.,-1,lg-5230237-aug-beethoven--page-3.png
004675.png,note1,1,4,lg-5230237-aug-beethoven--page-3.png
004676.png,note8,8,3,lg-5230237-aug-beethoven--page-3.png
004677.png,note1,1,6,lg-5230237-aug-beethoven--page-3.png
004678.png,note4,4,-4,lg-5230237-aug-beethoven--page-3.png
004679.png,note8,2,-3,lg-5230237-aug-beethoven--page-3.png
004680.png,note8,8,3,lg-5230237-aug-beethoven--page-3.png
004681.png,note2,2,0,lg-5230237-aug-beethoven--page-3.png
004682.png,note4,4,3,lg-5230237-aug-beethoven--page-3.png
004683.png,note4,4,-3,lg-5230237-aug-beethoven--page-3.png
004684.png,note4,4,-5,lg-5230237-aug-beethoven--page-3.png
004685.png,note16,2,-4,lg-5230237-aug-beethoven--page-3.png
004686.png,note16,8,2,lg-5230237-aug-beethoven--page-3.png
004687.png,note4,4,2,lg-5230237-aug-beethoven--page-3.png
004688.png,note4,4,5,lg-5230237-aug-beethoven--page-3.png
004689.png,note8,8,2,lg-5230237-aug-beethoven--page-3.png
004690.png,note4,4,-2,lg-5230237-aug-beethoven--page-3.png
004691.png,note2,2.,3,lg-5230237-aug-beethoven--page-3.png
004692.png,note4,4,-5,lg-5230237-aug-beethoven--page-3.png
004693.png,note1,1,1,lg-5230237-aug-beethoven--page-3.png
004694.png,note1,1,0,lg-5230237-aug-beethoven--page-3.png
004695.png,note4,4.,-3,lg-5230237-aug-beethoven--page-3.png
004696.png,note4,4,3,lg-5230237-aug-beethoven--page-3.png
004697.png,note8,16,4,lg-5230237-aug-beethoven--page-3.png
004698.png,note4,4.,3,lg-5230237-aug-beethoven--page-3.png
004699.png,note4,4,-4,lg-5230237-aug-beethoven--page-3.png
004700.png,note4,8,5,lg-5230237-aug-beethoven--page-3.png
004701.png,note4,4,-6,lg-5230237-aug-beethoven--page-3.png
004702.png,note4,8,3,lg-5230237-aug-beethoven--page-3.png
004703.png,note4,4,2,lg-5230237-aug-beethoven--page-3.png
004704.png,note4,4,1,lg-5230237-aug-beethoven--page-3.png
004705.png,note4,8,0,lg-5230237-aug-beethoven--page-3.png
004706.png,note4,4,-5,lg-5230237-aug-beethoven--page-3.png
004707.png,note4,4,6,lg-5230237-aug-beethoven--page-3.png
004708.png,note4,8,2,lg-5230237-aug-beethoven--page-3.png
004709.png,note4,4.,0,lg-5230237-aug-beethoven--page-3.png
004710.png,note4,8,6,lg-5230237-aug-beethoven--page-3.png
004711.png,note4,8,4,lg-5230237-aug-beethoven--page-3.png
004712.png,note1,1,7,lg-5230237-aug-beethoven--page-3.png
004713.png,note4,4,-3,lg-5230237-aug-beethoven--page-3.png
004714.png,note1,1,5,lg-5230237-aug-beethoven--page-3.png
004715.png,note4,4,2,lg-5230237-aug-beethoven--page-3.png
004716.png,note8,8,6,lg-5230237-aug-beethoven--page-3.png
004717.png,note16,16,-3,lg-5230237-aug-beethoven--page-3.png
004718.png,note4,16,-4,lg-5230237-aug-beethoven--page-3.png
004719.png,note2,2,0,lg-5230237-aug-beethoven--page-3.png
004720.png,note4,4.,-2,lg-5230237-aug-beethoven--page-3.png
004721.png,note2,2.,0,lg-5230237-aug-beethoven--page-3.png
004722.png,note2,2.,3,lg-5230237-aug-beethoven--page-3.png
004723.png,note4,4.,1,lg-5230237-aug-beethoven--page-3.png
004724.png,note4,16,5,lg-5230237-aug-beethoven--page-3.png
004725.png,note4,4.,4,lg-5230237-aug-beethoven--page-3.png
004726.png,note4,4,3,lg-5230237-aug-beethoven--page-3.png
004727.png,note4,4,-3,lg-5230237-aug-beethoven--page-3.png
004728.png,note4,4,-2,lg-5230237-aug-beethoven--page-3.png
004729.png,note4,4,-2,lg-5230237-aug-beethoven--page-3.png
004730.png,note8,2,-2,lg-5230237-aug-beethoven--page-3.png
004731.png,note8,2,-4,lg-5230237-aug-beethoven--page-3.png
004732.png,note8,16,6,lg-5230237-aug-beethoven--page-3.png
004733.png,note8,8,3,lg-5230237-aug-beethoven--page-3.png
004734.png,note8,2,-2,lg-5230237-aug-beethoven--page-3.png
004735.png,note8,2,3,lg-5230237-aug-beethoven--page-3.png
004736.png,note8,8,4,lg-5230237-aug-beethoven--page-3.png
004737.png,note4,4,4,lg-5230237-aug-beethoven--page-3.png
004738.png,note4,8,1,lg-5230237-aug-beethoven--page-3.png
004739.png,note4,4,-3,lg-5230237-aug-beethoven--page-3.png
004740.png,note4,4.,7,lg-5230237-aug-beethoven--page-3.png
004741.png,note8,4,-1,lg-5230237-aug-beethoven--page-3.png
004742.png,note1,1,1,lg-5230237-aug-beethoven--page-3.png
004743.png,note4,4,0,lg-5230237-aug-beethoven--page-3.png
004744.png,note8,4.,-2,lg-5230237-aug-beethoven--page-3.png
004745.png,note4,8,2,lg-5230237-aug-beethoven--page-3.png
004746.png,note4,4,-1,lg-5230237-aug-beethoven--page-3.png
004747.png,note4,4*2/3,3,lg-5230237-aug-beethoven--page-3.png
004748.png,note4,4*2/3,1,lg-5230237-aug-beethoven--page-3.png
004749.png,note4,4*2/3,3,lg-5230237-aug-beethoven--page-3.png
004750.png,note4,4*2/3,5,lg-5230237-aug-beethoven--page-3.png
004751.png,note4,4*2/3,3,lg-5230237-aug-beethoven--page-3.png
004752.png,note2,2,-3,lg-5230237-aug-beethoven--page-3.png
004753.png,note4,4*2/3,5,lg-5230237-aug-beethoven--page-3.png
004754.png,note8,2,-1,lg-5230237-aug-beethoven--page-3.png
004755.png,note8,8,6,lg-5230237-aug-beethoven--page-3.png
004756.png,note4,4,6,lg-5230237-aug-beethoven--page-3.png
004757.png,note4,8,3,lg-5230237-aug-beethoven--page-3.png
004758.png,note4,8,1,lg-5230237-aug-beethoven--page-3.png
004759.png,note4,8,3,lg-5230237-aug-beethoven--page-3.png
004760.png,note4,4*2/3,4,lg-5230237-aug-beethoven--page-3.png
004761.png,note4,4,-3,lg-5230237-aug-beethoven--page-3.png
004762.png,note4,4*2/3,2,lg-5230237-aug-beethoven--page-3.png
004763.png,note4,4*2/3,4,lg-5230237-aug-beethoven--page-3.png
004764.png,note4,4.,-2,lg-5230237-aug-beethoven--page-3.png
004765.png,note4,8,2,lg-5230237-aug-beethoven--page-3.png
004766.png,note4,4,-1,lg-5230237-aug-beethoven--page-3.png
004767.png,note4,8,0,lg-5230237-aug-beethoven--page-3.png
004768.png,note4,8,2,lg-5230237-aug-beethoven--page-3.png
004769.png,note4,4,2,lg-5230237-aug-beethoven--page-3.png
004770.png,note4,4,-4,lg-5230237-aug-beethoven--page-3.png
004771.png,note8,8,1,lg-5230237-aug-beethoven--page-3.png
004772.png,note4,4,1,lg-5230237-aug-beethoven--page-3.png
004773.png,note4,4,1,lg-5230237-aug-beethoven--page-3.png
004774.png,note2,2.,3,lg-5230237-aug-beethoven--page-3.png
004775.png,note8,2,-4,lg-5230237-aug-beethoven--page-3.png
004776.png,note2,2.,1,lg-5230237-aug-beethoven--page-3.png
004777.png,note8,2.,-1,lg-5230237-aug-beethoven--page-3.png
004778.png,note4,4,0,lg-5230237-aug-beethoven--page-3.png
004779.png,note4,4,0,lg-5230237-aug-beethoven--page-3.png
004780.png,note4,4,-2,lg-5230237-aug-beethoven--page-3.png
004781.png,note4,4,0,lg-5230237-aug-beethoven--page-3.png
004782.png,note4,4,-2,lg-5230237-aug-beethoven--page-3.png
004783.png,note4,4,1,lg-5230237-aug-beethoven--page-3.png
004784.png,note4,4,-1,lg-5230237-aug-beethoven--page-3.png
004785.png,note4,4,1,lg-5230237-aug-beethoven--page-3.png
004786.png,note4,4,-2,lg-5230237-aug-beethoven--page-3.png
004787.png,note4,4,-1,lg-5230237-aug-beethoven--page-3.png
004788.png,note4,4,-4,lg-5230237-aug-beethoven--page-3.png
004789.png,note4,4,-3,lg-5230237-aug-beethoven--page-3.png
004790.png,note4,4,-1,lg-5230237-aug-beethoven--page-3.png
004791.png,note4,4.,1,lg-5230237-aug-beethoven--page-3.png
004792.png,note8,8,-2,lg-5230237-aug-beethoven--page-3.png
004793.png,note4,4.,-1,lg-5230237-aug-beethoven--page-3.png
004794.png,note4,4.,1,lg-5230237-aug-beethoven--page-3.png
004795.png,note4,4,-4,lg-5230237-aug-beethoven--page-3.png
004796.png,note4,4,-4,lg-5230237-aug-beethoven--page-3.png
004797.png,note4,8,-5,lg-5230237-aug-beethoven--page-3.png
004798.png,note2,2.,6,lg-5230237-aug-beethoven--page-3.png
004799.png,note4,4.,-2,lg-5230237-aug-beethoven--page-3.png
004800.png,note4,4.,4,lg-5230237-aug-beethoven--page-3.png
004801.png,note8,4.,-1,lg-5230237-aug-beethoven--page-3.png
004802.png,note8,4.,4,lg-5230237-aug-beethoven--page-3.png
004803.png,note8,4.,2,lg-5230237-aug-beethoven--page-3.png
004804.png,note8,8,6,lg-5230237-aug-beethoven--page-3.png
004805.png,note4,8,-4,lg-5230237-aug-beethoven--page-3.png
004806.png,note1,1,6,lg-5230237-aug-beethoven--page-3.png
004807.png,note16,2,-4,lg-5230237-aug-beethoven--page-3.png
004808.png,note2,2.,4,lg-5230237-aug-beethoven--page-3.png
004809.png,note16,8,2,lg-5230237-aug-beethoven--page-3.png
004810.png,note4,4,2,lg-5230237-aug-beethoven--page-3.png
004811.png,note4,4,-5,lg-5230237-aug-beethoven--page-3.png
004812.png,note4,4,3,lg-5230237-aug-beethoven--page-3.png
004813.png,note2,2.,-3,lg-5230237-aug-beethoven--page-3.png
004814.png,note4,4.,-4,lg-5230237-aug-beethoven--page-3.png
004815.png,note4,4,6,lg-5230237-aug-beethoven--page-3.png
004816.png,note4,8,2,lg-5230237-aug-beethoven--page-3.png
004817.png,note4,4,-2,lg-5230237-aug-beethoven--page-3.png
004818.png,note4,4,4,lg-5230237-aug-beethoven--page-3.png
004819.png,note4,4,1,lg-5230237-aug-beethoven--page-3.png
004820.png,note4,4,-1,lg-5230237-aug-beethoven--page-3.png
004821.png,note8,4.,-1,lg-5230237-aug-beethoven--page-3.png
004822.png,note8,4.,4,lg-5230237-aug-beethoven--page-3.png
004823.png,note8,4.,2,lg-5230237-aug-beethoven--page-3.png
004824.png,note8,8,6,lg-5230237-aug-beethoven--page-3.png
004825.png,note8,2.,4,lg-5230237-aug-beethoven--page-3.png
004826.png,note4,4,-1,lg-5230237-aug-beethoven--page-3.png
004827.png,note8,2.,2,lg-5230237-aug-beethoven--page-3.png
004828.png,note8,2.,4,lg-5230237-aug-beethoven--page-3.png
004829.png,note8,4.,2,lg-5230237-aug-beethoven--page-3.png
004830.png,note4,8,3,lg-5230237-aug-beethoven--page-3.png
004831.png,note4,4.,0,lg-5230237-aug-beethoven--page-3.png
004832.png,note4,4.,4,lg-5230237-aug-beethoven--page-3.png
004833.png,note4,4.,3,lg-5230237-aug-beethoven--page-3.png
004834.png,note4,4.,-1,lg-5230237-aug-beethoven--page-3.png
004835.png,note4,4,1,lg-5230237-aug-beethoven--page-3.png
004836.png,note4,4,4,lg-5230237-aug-beethoven--page-3.png
004837.png,note4,4,-2,lg-5230237-aug-beethoven--page-3.png
004838.png,note4,4,-1,lg-5230237-aug-beethoven--page-3.png
004839.png,note8,4,6,lg-5230237-aug-beethoven--page-3.png
004840.png,note4,16,-7,lg-105569450-aug-gutenberg1939--page-4.png
004841.png,note4,16,-8,lg-105569450-aug-gutenberg1939--page-4.png
004842.png,note8,16,14,lg-105569450-aug-gutenberg1939--page-4.png
004843.png,note8,16,-3,lg-105569450-aug-gutenberg1939--page-4.png
004844.png,note8,16,12,lg-105569450-aug-gutenberg1939--page-4.png
004845.png,note8,16,10,lg-105569450-aug-gutenberg1939--page-4.png
004846.png,note4,16,-7,lg-105569450-aug-gutenberg1939--page-4.png
004847.png,note4,16,-5,lg-105569450-aug-gutenberg1939--page-4.png
004848.png,note8,16,-7,lg-105569450-aug-gutenberg1939--page-4.png
004849.png,note4,16,-5,lg-105569450-aug-gutenberg1939--page-4.png
004850.png,note8,16,-3,lg-105569450-aug-gutenberg1939--page-4.png
004851.png,note8,16,-6,lg-105569450-aug-gutenberg1939--page-4.png
004852.png,note8,16,-8,lg-105569450-aug-gutenberg1939--page-4.png
004853.png,note4,16,-9,lg-105569450-aug-gutenberg1939--page-4.png
004854.png,note16,16,0,lg-105569450-aug-gutenberg1939--page-4.png
004855.png,note16,16,19,lg-105569450-aug-gutenberg1939--page-4.png
004856.png,note16,16,17,lg-105569450-aug-gutenberg1939--page-4.png
004857.png,note16,16,15,lg-105569450-aug-gutenberg1939--page-4.png
004858.png,note4,16,-8,lg-105569450-aug-gutenberg1939--page-4.png
004859.png,note4,16,-8,lg-105569450-aug-gutenberg1939--page-4.png
004860.png,note16,16,-10,lg-105569450-aug-gutenberg1939--page-4.png
004861.png,note16,16,-3,lg-105569450-aug-gutenberg1939--page-4.png
004862.png,note16,16,-5,lg-105569450-aug-gutenberg1939--page-4.png
004863.png,note16,16,-7,lg-105569450-aug-gutenberg1939--page-4.png
004864.png,note4,16,-1,lg-105569450-aug-gutenberg1939--page-4.png
004865.png,note8,16,-2,lg-105569450-aug-gutenberg1939--page-4.png
004866.png,note8,16,-5,lg-105569450-aug-gutenberg1939--page-4.png
004867.png,note8,16,-7,lg-105569450-aug-gutenberg1939--page-4.png
004868.png,note4,16,-6,lg-105569450-aug-gutenberg1939--page-4.png
004869.png,note4,16,-7,lg-105569450-aug-gutenberg1939--page-4.png
004870.png,note4,16,-8,lg-105569450-aug-gutenberg1939--page-4.png
004871.png,note4,16,-3,lg-105569450-aug-gutenberg1939--page-4.png
004872.png,note4,16,-6,lg-105569450-aug-gutenberg1939--page-4.png
004873.png,note4,16,-8,lg-105569450-aug-gutenberg1939--page-4.png
004874.png,note16,16,-3,lg-105569450-aug-gutenberg1939--page-4.png
004875.png,note8,16,12,lg-105569450-aug-gutenberg1939--page-4.png
004876.png,note8,16,10,lg-105569450-aug-gutenberg1939--page-4.png
004877.png,note4,16,-7,lg-105569450-aug-gutenberg1939--page-4.png
004878.png,note8,16,-7,lg-105569450-aug-gutenberg1939--page-4.png
004879.png,note8,16,-5,lg-105569450-aug-gutenberg1939--page-4.png
004880.png,note4,16,-9,lg-105569450-aug-gutenberg1939--page-4.png
004881.png,note8,16,14,lg-105569450-aug-gutenberg1939--page-4.png
004882.png,note4,16,-5,lg-105569450-aug-gutenberg1939--page-4.png
004883.png,note4,16,-8,lg-105569450-aug-gutenberg1939--page-4.png
004884.png,note4,16,-2,lg-105569450-aug-gutenberg1939--page-4.png
004885.png,note4,16,-5,lg-105569450-aug-gutenberg1939--page-4.png
004886.png,note4,16,-7,lg-105569450-aug-gutenberg1939--page-4.png
004887.png,note16,16,17,lg-105569450-aug-gutenberg1939--page-4.png
004888.png,note16,16,0,lg-105569450-aug-gutenberg1939--page-4.png
004889.png,note16,16,19,lg-105569450-aug-gutenberg1939--page-4.png
004890.png,note16,16,15,lg-105569450-aug-gutenberg1939--page-4.png
004891.png,note4,16,-8,lg-105569450-aug-gutenberg1939--page-4.png
004892.png,note8,16,-10,lg-105569450-aug-gutenberg1939--page-4.png
004893.png,note8,16,-3,lg-105569450-aug-gutenberg1939--page-4.png
004894.png,note8,16,-5,lg-105569450-aug-gutenberg1939--page-4.png
004895.png,note8,16,-7,lg-105569450-aug-gutenberg1939--page-4.png
004896.png,note4,16,-1,lg-105569450-aug-gutenberg1939--page-4.png
004897.png,note4,16,-6,lg-105569450-aug-gutenberg1939--page-4.png
004898.png,note4,16,-2,lg-105569450-aug-gutenberg1939--page-4.png
004899.png,note4,16,-5,lg-105569450-aug-gutenberg1939--page-4.png
004900.png,note4,16,-7,lg-105569450-aug-gutenberg1939--page-4.png
004901.png,note4,16,-5,lg-105569450-aug-gutenberg1939--page-4.png
004902.png,note4,16,-8,lg-105569450-aug-gutenberg1939--page-4.png
004903.png,note4,16,-8,lg-105569450-aug-gutenberg1939--page-4.png
004904.png,note4,16,-2,lg-105569450-aug-gutenberg1939--page-4.png
004905.png,note8,16,0,lg-105569450-aug-gutenberg1939--page-4.png
004906.png,note8,16,19,lg-105569450-aug-gutenberg1939--page-4.png
004907.png,note8,16,17,lg-105569450-aug-gutenberg1939--page-4.png
004908.png,note8,16,15,lg-105569450-aug-gutenberg1939--page-4.png
004909.png,note8,16,-8,lg-105569450-aug-gutenberg1939--page-4.png
004910.png,note4,16,0,lg-105569450-aug-gutenberg1939--page-4.png
004911.png,note4,16,-8,lg-105569450-aug-gutenberg1939--page-4.png
004912.png,note8,16,19,lg-105569450-aug-gutenberg1939--page-4.png
004913.png,note8,16,17,lg-105569450-aug-gutenberg1939--page-4.png
004914.png,note8,16,15,lg-105569450-aug-gutenberg1939--page-4.png
004915.png,note8,16,7,lg-105569450-aug-gutenberg1939--page-4.png
004916.png,note8,16,5,lg-105569450-aug-gutenberg1939--page-4.png
004917.png,note4,16,-5,lg-105569450-aug-gutenberg1939--page-4.png
004918.png,note8,16,9,lg-105569450-aug-gutenberg1939--page-4.png
004919.png,note4,16,-9,lg-105569450-aug-gutenberg1939--page-4.png
004920.png,note4,16,-7,lg-105569450-aug-gutenberg1939--page-4.png
004921.png,note8,16,-3,lg-105569450-aug-gutenberg1939--page-4.png
004922.png,note8,16,-6,lg-105569450-aug-gutenberg1939--page-4.png
004923.png,note8,16,-8,lg-105569450-aug-gutenberg1939--page-4.png
004924.png,note4,16,-5,lg-105569450-aug-gutenberg1939--page-4.png
004925.png,note4,16,-8,lg-105569450-aug-gutenberg1939--page-4.png
004926.png,note8,16,-7,lg-105569450-aug-gutenberg1939--page-4.png
004927.png,note8,16,1,lg-105569450-aug-gutenberg1939--page-4.png
004928.png,note8,16,-1,lg-105569450-aug-gutenberg1939--page-4.png
004929.png,note8,16,-3,lg-105569450-aug-gutenberg1939--page-4.png
004930.png,note4,16,-1,lg-105569450-aug-gutenberg1939--page-4.png
004931.png,note8,16,-10,lg-105569450-aug-gutenberg1939--page-4.png
004932.png,note8,16,-3,lg-105569450-aug-gutenberg1939--page-4.png
004933.png,note8,16,-5,lg-105569450-aug-gutenberg1939--page-4.png
004934.png,note8,16,-7,lg-105569450-aug-gutenberg1939--page-4.png
004935.png,note4,16,-7,lg-105569450-aug-gutenberg1939--page-4.png
004936.png,note4,16,-7,lg-105569450-aug-gutenberg1939--page-4.png
004937.png,note8,16,-3,lg-105569450-aug-gutenberg1939--page-4.png
004938.png,note8,16,15,lg-105569450-aug-gutenberg1939--page-4.png
004939.png,note8,16,14,lg-105569450-aug-gutenberg1939--page-4.png
004940.png,note4,16,-6,lg-105569450-aug-gutenberg1939--page-4.png
004941.png,note8,16,12,lg-105569450-aug-gutenberg1939--page-4.png
004942.png,note8,16,10,lg-105569450-aug-gutenberg1939--page-4.png
004943.png,note4,16,-7,lg-105569450-aug-gutenberg1939--page-4.png
004944.png,note4,16,-7,lg-105569450-aug-gutenberg1939--page-4.png
004945.png,note4,16,-3,lg-105569450-aug-gutenberg1939--page-4.png
004946.png,note4,16,-10,lg-105569450-aug-gutenberg1939--page-4.png
004947.png,note4,16,-1,lg-105569450-aug-gutenberg1939--page-4.png
004948.png,note4,16,-9,lg-105569450-aug-gutenberg1939--page-4.png
004949.png,note4,16,-5,lg-105569450-aug-gutenberg1939--page-4.png
004950.png,note4,16,-8,lg-105569450-aug-gutenberg1939--page-4.png
004951.png,note4,16,-6,lg-105569450-aug-gutenberg1939--page-4.png
004952.png,note4,16,-3,lg-105569450-aug-gutenberg1939--page-4.png
004953.png,note4,16,-8,lg-105569450-aug-gutenberg1939--page-4.png
004954.png,note16,16,0,lg-105569450-aug-gutenberg1939--page-4.png
004955.png,note4,16,-6,lg-105569450-aug-gutenberg1939--page-4.png
004956.png,note4,16,-7,lg-105569450-aug-gutenberg1939--page-4.png
004957.png,note4,16,-5,lg-105569450-aug-gutenberg1939--page-4.png
004958.png,note4,16,-2,lg-105569450-aug-gutenberg1939--page-4.png
004959.png,note8,16,-8,lg-105569450-aug-gutenberg1939--page-4.png
004960.png,note4,16,-8,lg-105569450-aug-gutenberg1939--page-4.png
004961.png,note4,16,-5,lg-105569450-aug-gutenberg1939--page-4.png
004962.png,note4,16,-7,lg-105569450-aug-gutenberg1939--page-4.png
004963.png,note4,16,-2,lg-105569450-aug-gutenberg1939--page-4.png
004964.png,note8,16,-8,lg-105569450-aug-gutenberg1939--page-4.png
004965.png,note8,16,-7,lg-105569450-aug-gutenberg1939--page-4.png
004966.png,note4,16,-5,lg-105569450-aug-gutenberg1939--page-4.png
004967.png,note4,16,-8,lg-105569450-aug-gutenberg1939--page-4.png
004968.png,note16,16,15,lg-105569450-aug-gutenberg1939--page-4.png
004969.png,note16,16,17,lg-105569450-aug-gutenberg1939--page-4.png
004970.png,note16,16,19,lg-105569450-aug-gutenberg1939--page-4.png
004971.png,note8,16,0,lg-105569450-aug-gutenberg1939--page-4.png
004972.png,note8,16,-3,lg-105569450-aug-gutenberg1939--page-4.png
004973.png,note4,16,-7,lg-105569450-aug-gutenberg1939--page-4.png
004974.png,note4,16,-8,lg-105569450-aug-gutenberg1939--page-4.png
004975.png,note8,16,-3,lg-105569450-aug-gutenberg1939--page-4.png
004976.png,note8,8,14,lg-105569450-aug-gutenberg1939--page-4.png
004977.png,note8,8,12,lg-105569450-aug-gutenberg1939--page-4.png
004978.png,note8,8,10,lg-105569450-aug-gutenberg1939--page-4.png
004979.png,note4,16,-7,lg-105569450-aug-gutenberg1939--page-4.png
004980.png,note4,16,-5,lg-105569450-aug-gutenberg1939--page-4.png
004981.png,note8,16,-8,lg-105569450-aug-gutenberg1939--page-4.png
004982.png,note8,16,9,lg-105569450-aug-gutenberg1939--page-4.png
004983.png,note8,16,7,lg-105569450-aug-gutenberg1939--page-4.png
004984.png,note8,16,5,lg-105569450-aug-gutenberg1939--page-4.png
004985.png,note4,16,-5,lg-105569450-aug-gutenberg1939--page-4.png
004986.png,note8,16,-6,lg-105569450-aug-gutenberg1939--page-4.png
004987.png,note4,16,-9,lg-105569450-aug-gutenberg1939--page-4.png
004988.png,note16,16,0,lg-105569450-aug-gutenberg1939--page-4.png
004989.png,note16,16,19,lg-105569450-aug-gutenberg1939--page-4.png
004990.png,note16,16,17,lg-105569450-aug-gutenberg1939--page-4.png
004991.png,note16,16,15,lg-105569450-aug-gutenberg1939--page-4.png
004992.png,note4,16,-8,lg-105569450-aug-gutenberg1939--page-4.png
004993.png,note8,16,-10,lg-105569450-aug-gutenberg1939--page-4.png
004994.png,note4,8,0,lg-105569450-aug-gutenberg1939--page-4.png
004995.png,note4,8,-3,lg-105569450-aug-gutenberg1939--page-4.png
004996.png,note4,8,-5,lg-105569450-aug-gutenberg1939--page-4.png
004997.png,note4,16,-1,lg-105569450-aug-gutenberg1939--page-4.png
004998.png,note4,16,-8,lg-105569450-aug-gutenberg1939--page-4.png
004999.png,note8,16,-2,lg-105569450-aug-gutenberg1939--page-4.png
005000.png,note8,16,-5,lg-105569450-aug-gutenberg1939--page-4.png
005001.png,note8,16,-7,lg-105569450-aug-gutenberg1939--page-4.png
005002.png,note8,16,-8,lg-105569450-aug-gutenberg1939--page-4.png
005003.png,note8,16,-9,lg-105569450-aug-gutenberg1939--page-4.png
005004.png,note4,16,-6,lg-105569450-aug-gutenberg1939--page-4.png
005005.png,note4,16,-8,lg-105569450-aug-gutenberg1939--page-4.png
005006.png,note4,16,-7,lg-105569450-aug-gutenberg1939--page-4.png
005007.png,note4,16,-7,lg-105569450-aug-gutenberg1939--page-4.png
005008.png,note4,16,-3,lg-105569450-aug-gutenberg1939--page-4.png
005009.png,note4,16,-6,lg-105569450-aug-gutenberg1939--page-4.png
005010.png,note4,16,-8,lg-105569450-aug-gutenberg1939--page-4.png
005011.png,note4,16,-1,lg-105569450-aug-gutenberg1939--page-4.png
005012.png,note8,16,-3,lg-105569450-aug-gutenberg1939--page-4.png
005013.png,note16,16,14,lg-105569450-aug-gutenberg1939--page-4.png
005014.png,note16,16,12,lg-105569450-aug-gutenberg1939--page-4.png
005015.png,note16,16,10,lg-105569450-aug-gutenberg1939--page-4.png
005016.png,note8,16,-7,lg-105569450-aug-gutenberg1939--page-4.png
005017.png,note8,16,-5,lg-105569450-aug-gutenberg1939--page-4.png
005018.png,note4,16,-9,lg-105569450-aug-gutenberg1939--page-4.png
005019.png,note4,16,-5,lg-105569450-aug-gutenberg1939--page-4.png
005020.png,note8,16,12,lg-105569450-aug-gutenberg1939--page-4.png
005021.png,note4,16,-8,lg-105569450-aug-gutenberg1939--page-4.png
005022.png,note8,16,15,lg-105569450-aug-gutenberg1939--page-4.png
005023.png,note4,16,-8,lg-105569450-aug-gutenberg1939--page-4.png
005024.png,note8,16,-7,lg-105569450-aug-gutenberg1939--page-4.png
005025.png,note8,16,1,lg-105569450-aug-gutenberg1939--page-4.png
005026.png,note8,16,-1,lg-105569450-aug-gutenberg1939--page-4.png
005027.png,note8,16,-3,lg-105569450-aug-gutenberg1939--page-4.png
005028.png,note16,16,0,lg-105569450-aug-gutenberg1939--page-4.png
005029.png,note8,16,19,lg-105569450-aug-gutenberg1939--page-4.png
005030.png,note8,16,17,lg-105569450-aug-gutenberg1939--page-4.png
005031.png,note4,16,-6,lg-105569450-aug-gutenberg1939--page-4.png
005032.png,note8,16,5,lg-105569450-aug-gutenberg1939--page-4.png
005033.png,note4,16,-10,lg-105569450-aug-gutenberg1939--page-4.png
005034.png,note4,16,1,lg-105569450-aug-gutenberg1939--page-4.png
005035.png,note4,16,-1,lg-105569450-aug-gutenberg1939--page-4.png
005036.png,note4,16,-2,lg-105569450-aug-gutenberg1939--page-4.png
005037.png,note4,16,-3,lg-105569450-aug-gutenberg1939--page-4.png
005038.png,note4,16,-2,lg-105569450-aug-gutenberg1939--page-4.png
005039.png,note4,16,-5,lg-105569450-aug-gutenberg1939--page-4.png
005040.png,note4,16,-7,lg-105569450-aug-gutenberg1939--page-4.png
005041.png,note4,16,-7,lg-105569450-aug-gutenberg1939--page-4.png
005042.png,note4,16,-7,lg-105569450-aug-gutenberg1939--page-4.png
005043.png,note4,16,-8,lg-105569450-aug-gutenberg1939--page-4.png
005044.png,note4,16,-1,lg-105569450-aug-gutenberg1939--page-4.png
005045.png,note8,16,-3,lg-105569450-aug-gutenberg1939--page-4.png
005046.png,note4,16,-5,lg-105569450-aug-gutenberg1939--page-4.png
005047.png,note8,16,-3,lg-105569450-aug-gutenberg1939--page-4.png
005048.png,note8,16,-6,lg-105569450-aug-gutenberg1939--page-4.png
005049.png,note8,16,-8,lg-105569450-aug-gutenberg1939--page-4.png
005050.png,note4,16,-5,lg-105569450-aug-gutenberg1939--page-4.png
005051.png,note4,16,-9,lg-105569450-aug-gutenberg1939--page-4.png
005052.png,note16,16,0,lg-105569450-aug-gutenberg1939--page-4.png
005053.png,note16,16,7,lg-105569450-aug-gutenberg1939--page-4.png
005054.png,note16,16,5,lg-105569450-aug-gutenberg1939--page-4.png
005055.png,note8,16,-2,lg-105569450-aug-gutenberg1939--page-4.png
005056.png,note8,16,-5,lg-105569450-aug-gutenberg1939--page-4.png
005057.png,note8,16,-7,lg-105569450-aug-gutenberg1939--page-4.png
005058.png,note4,16,-6,lg-105569450-aug-gutenberg1939--page-4.png
005059.png,note4,16,-8,lg-105569450-aug-gutenberg1939--page-4.png
005060.png,note4,16,-8,lg-105569450-aug-gutenberg1939--page-4.png
005061.png,note8,16,-10,lg-105569450-aug-gutenberg1939--page-4.png
005062.png,note4,16,-8,lg-105569450-aug-gutenberg1939--page-4.png
005063.png,note4,16,-3,lg-105569450-aug-gutenberg1939--page-4.png
005064.png,note4,16,-6,lg-105569450-aug-gutenberg1939--page-4.png
005065.png,note4,16,-8,lg-105569450-aug-gutenberg1939--page-4.png
005066.png,note8,16,-5,lg-105569450-aug-gutenberg1939--page-4.png
005067.png,note8,16,-3,lg-105569450-aug-gutenberg1939--page-4.png
005068.png,note4,16,-7,lg-105569450-aug-gutenberg1939--page-4.png
005069.png,note4,16,-7,lg-105569450-aug-gutenberg1939--page-4.png
005070.png,note4,16,-9,lg-105569450-aug-gutenberg1939--page-4.png
005071.png,note4,16,-5,lg-105569450-aug-gutenberg1939--page-4.png
005072.png,note8,16,-7,lg-105569450-aug-gutenberg1939--page-4.png
005073.png,note4,16,-8,lg-105569450-aug-gutenberg1939--page-4.png
005074.png,note4,16,-8,lg-105569450-aug-gutenberg1939--page-4.png
005075.png,note4,16,-2,lg-105569450-aug-gutenberg1939--page-4.png
005076.png,note8,16,-7,lg-105569450-aug-gutenberg1939--page-4.png
005077.png,note16,16,0,lg-105569450-aug-gutenberg1939--page-4.png
005078.png,note4,16,-5,lg-105569450-aug-gutenberg1939--page-4.png
005079.png,note4,16,-10,lg-105569450-aug-gutenberg1939--page-4.png
005080.png,note4,16,-6,lg-105569450-aug-gutenberg1939--page-4.png
005081.png,note4,16,-1,lg-105569450-aug-gutenberg1939--page-4.png
005082.png,note4,16,-7,lg-105569450-aug-gutenberg1939--page-4.png
005083.png,note4,16,-7,lg-105569450-aug-gutenberg1939--page-4.png
005084.png,note4,16,-7,lg-105569450-aug-gutenberg1939--page-4.png
005085.png,note8,16,-10,lg-105569450-aug-gutenberg1939--page-4.png
005086.png,note4,16,-8,lg-105569450-aug-gutenberg1939--page-4.png
005087.png,note4,16,-1,lg-105569450-aug-gutenberg1939--page-4.png
005088.png,note8,16,-3,lg-105569450-aug-gutenberg1939--page-4.png
005089.png,note4,16,-5,lg-105569450-aug-gutenberg1939--page-4.png
005090.png,note8,16,-3,lg-105569450-aug-gutenberg1939--page-4.png
005091.png,note8,16,-6,lg-105569450-aug-gutenberg1939--page-4.png
005092.png,note8,16,-8,lg-105569450-aug-gutenberg1939--page-4.png
005093.png,note4,16,-5,lg-105569450-aug-gutenberg1939--page-4.png
005094.png,note4,16,-9,lg-105569450-aug-gutenberg1939--page-4.png
005095.png,note16,16,0,lg-105569450-aug-gutenberg1939--page-4.png
005096.png,note16,16,9,lg-105569450-aug-gutenberg1939--page-4.png
005097.png,note8,16,-2,lg-105569450-aug-gutenberg1939--page-4.png
005098.png,note8,16,-5,lg-105569450-aug-gutenberg1939--page-4.png
005099.png,note8,16,-7,lg-105569450-aug-gutenberg1939--page-4.png
005100.png,note4,16,-8,lg-105569450-aug-gutenberg1939--page-4.png
005101.png,note4,16,-6,lg-105569450-aug-gutenberg1939--page-4.png
005102.png,note4,16,-8,lg-105569450-aug-gutenberg1939--page-4.png
005103.png,note4,16,16,lg-105569450-aug-gutenberg1939--page-4.png
005104.png,note4,16,15,lg-105569450-aug-gutenberg1939--page-4.png
005105.png,note8,16,-5,lg-105569450-aug-gutenberg1939--page-4.png
005106.png,note4,16,-3,lg-105569450-aug-gutenberg1939--page-4.png
005107.png,note4,16,-6,lg-105569450-aug-gutenberg1939--page-4.png
005108.png,note4,16,-8,lg-105569450-aug-gutenberg1939--page-4.png
005109.png,note4,16,-9,lg-105569450-aug-gutenberg1939--page-4.png
005110.png,note4,16,-7,lg-105569450-aug-gutenberg1939--page-4.png
005111.png,note4,16,-7,lg-105569450-aug-gutenberg1939--page-4.png
005112.png,note4,16,-8,lg-105569450-aug-gutenberg1939--page-4.png
005113.png,note4,16,-5,lg-105569450-aug-gutenberg1939--page-4.png
005114.png,note8,16,-7,lg-105569450-aug-gutenberg1939--page-4.png
005115.png,note1,1,-1,lg-105569450-aug-gutenberg1939--page-4.png
005116.png,note4,16,-8,lg-105569450-aug-gutenberg1939--page-4.png
005117.png,note4,16,-8,lg-105569450-aug-gutenberg1939--page-4.png
005118.png,note4,16,-2,lg-105569450-aug-gutenberg1939--page-4.png
005119.png,note4,16,-5,lg-105569450-aug-gutenberg1939--page-4.png
005120.png,note4,16,-7,lg-105569450-aug-gutenberg1939--page-4.png
005121.png,note8,16,-7,lg-105569450-aug-gutenberg1939--page-4.png
005122.png,note8,2,-1,lg-105569450-aug-gutenberg1939--page-4.png
005123.png,note16,16,0,lg-105569450-aug-gutenberg1939--page-4.png
005124.png,note4,16,-1,lg-105569450-aug-gutenberg1939--page-4.png
005125.png,note4,16,-10,lg-105569450-aug-gutenberg1939--page-4.png
005126.png,note8,16,-3,lg-105569450-aug-gutenberg1939--page-4.png
005127.png,note4,16,-6,lg-105569450-aug-gutenberg1939--page-4.png
005128.png,note8,16,-7,lg-105569450-aug-gutenberg1939--page-4.png
005129.png,note8,16,-8,lg-105569450-aug-gutenberg1939--page-4.png
005130.png,note8,16,-9,lg-105569450-aug-gutenberg1939--page-4.png
005131.png,note8,16,-9,lg-105569450-aug-gutenberg1939--page-4.png
005132.png,note16,16,4,lg-105569450-aug-gutenberg1939--page-4.png
005133.png,note16,16,5,lg-105569450-aug-gutenberg1939--page-4.png
005134.png,note1,1,8,lg-105569450-aug-gutenberg1939--page-4.png
005135.png,note16,16,-7,lg-105569450-aug-gutenberg1939--page-4.png
005136.png,note16,16,-8,lg-105569450-aug-gutenberg1939--page-4.png
005137.png,note16,16,-9,lg-105569450-aug-gutenberg1939--page-4.png
005138.png,note16,16,-9,lg-105569450-aug-gutenberg1939--page-4.png
005139.png,note4,16,-8,lg-105569450-aug-gutenberg1939--page-4.png
005140.png,note8,16,-3,lg-105569450-aug-gutenberg1939--page-4.png
005141.png,note8,16,-6,lg-105569450-aug-gutenberg1939--page-4.png
005142.png,note8,16,-8,lg-105569450-aug-gutenberg1939--page-4.png
005143.png,note4,16,-3,lg-105569450-aug-gutenberg1939--page-4.png
005144.png,note4,16,-5,lg-105569450-aug-gutenberg1939--page-4.png
005145.png,note4,16,-7,lg-105569450-aug-gutenberg1939--page-4.png
005146.png,note4,16,-7,lg-105569450-aug-gutenberg1939--page-4.png
005147.png,note8,16,-7,lg-105569450-aug-gutenberg1939--page-4.png
005148.png,note1,1,9,lg-105569450-aug-gutenberg1939--page-4.png
005149.png,note4,16,-9,lg-105569450-aug-gutenberg1939--page-4.png
005150.png,note4,16,-5,lg-105569450-aug-gutenberg1939--page-4.png
005151.png,note4,16,0,lg-105569450-aug-gutenberg1939--page-4.png
005152.png,note8,16,-8,lg-105569450-aug-gutenberg1939--page-4.png
005153.png,note4,16,-8,lg-105569450-aug-gutenberg1939--page-4.png
005154.png,note1,1,8,lg-105569450-aug-gutenberg1939--page-4.png
005155.png,note16,16,-6,lg-105569450-aug-gutenberg1939--page-4.png
005156.png,note4,16,-10,lg-105569450-aug-gutenberg1939--page-4.png
005157.png,note4,16,-1,lg-105569450-aug-gutenberg1939--page-4.png
005158.png,note8,16,-2,lg-105569450-aug-gutenberg1939--page-4.png
005159.png,note8,16,-5,lg-105569450-aug-gutenberg1939--page-4.png
005160.png,note8,16,-7,lg-105569450-aug-gutenberg1939--page-4.png
005161.png,note4,4,-2,lg-214320686-aug-lilyjazz--page-3.png
005162.png,note4,4,5,lg-214320686-aug-lilyjazz--page-3.png
005163.png,note4,4,7,lg-214320686-aug-lilyjazz--page-3.png
005164.png,note2,2.,-3,lg-214320686-aug-lilyjazz--page-3.png
005165.png,note1,1,5,lg-214320686-aug-lilyjazz--page-3.png
005166.png,note4,4,6,lg-214320686-aug-lilyjazz--page-3.png
005167.png,note4,4,4,lg-214320686-aug-lilyjazz--page-3.png
005168.png,note4,4,-3,lg-214320686-aug-lilyjazz--page-3.png
005169.png,note1,1,6,lg-214320686-aug-lilyjazz--page-3.png
005170.png,note2,2.,1,lg-214320686-aug-lilyjazz--page-3.png
005171.png,note1,1,4,lg-214320686-aug-lilyjazz--page-3.png
005172.png,note4,4,0,lg-214320686-aug-lilyjazz--page-3.png
005173.png,note4,4,2,lg-214320686-aug-lilyjazz--page-3.png
005174.png,note4,4,0,lg-214320686-aug-lilyjazz--page-3.png
005175.png,note1,1,3,lg-214320686-aug-lilyjazz--page-3.png
005176.png,note1,1,-2,lg-214320686-aug-lilyjazz--page-3.png
005177.png,note2,2,0,lg-214320686-aug-lilyjazz--page-3.png
005178.png,note2,2,-2,lg-214320686-aug-lilyjazz--page-3.png
005179.png,note4,4,2,lg-214320686-aug-lilyjazz--page-3.png
005180.png,note4,4,0,lg-214320686-aug-lilyjazz--page-3.png
005181.png,note1,1,-2,lg-214320686-aug-lilyjazz--page-3.png
005182.png,note4,4,2,lg-214320686-aug-lilyjazz--page-3.png
005183.png,note4,4,-2,lg-214320686-aug-lilyjazz--page-3.png
005184.png,note2,2,3,lg-214320686-aug-lilyjazz--page-3.png
005185.png,note2,2,2,lg-214320686-aug-lilyjazz--page-3.png
005186.png,note4,4,4,lg-214320686-aug-lilyjazz--page-3.png
005187.png,note4,8,2,lg-214320686-aug-lilyjazz--page-3.png
005188.png,note4,8,1,lg-214320686-aug-lilyjazz--page-3.png
005189.png,note1,1,4,lg-214320686-aug-lilyjazz--page-3.png
005190.png,note4,4,0,lg-214320686-aug-lilyjazz--page-3.png
005191.png,note1,1,4,lg-214320686-aug-lilyjazz--page-3.png
005192.png,note4,4,1,lg-214320686-aug-lilyjazz--page-3.png
005193.png,note1,1,6,lg-214320686-aug-lilyjazz--page-3.png
005194.png,note4,4,6,lg-214320686-aug-lilyjazz--page-3.png
005195.png,note1,1,3,lg-214320686-aug-lilyjazz--page-3.png
005196.png,note1,1,1,lg-214320686-aug-lilyjazz--page-3.png
005197.png,note1,1,-3,lg-214320686-aug-lilyjazz--page-3.png
005198.png,note1,1,4,lg-214320686-aug-lilyjazz--page-3.png
005199.png,note1,1,1,lg-214320686-aug-lilyjazz--page-3.png
005200.png,note1,1,-1,lg-214320686-aug-lilyjazz--page-3.png
005201.png,note1,1,-3,lg-214320686-aug-lilyjazz--page-3.png
005202.png,note4,4,-1,lg-214320686-aug-lilyjazz--page-3.png
005203.png,note1,1,1,lg-214320686-aug-lilyjazz--page-3.png
005204.png,note2,2,6,lg-214320686-aug-lilyjazz--page-3.png
005205.png,note2,2,3,lg-214320686-aug-lilyjazz--page-3.png
005206.png,note2,2,1,lg-214320686-aug-lilyjazz--page-3.png
005207.png,note2,2,-1,lg-214320686-aug-lilyjazz--page-3.png
005208.png,note2,2,-4,lg-214320686-aug-lilyjazz--page-3.png
005209.png,note2,2,-6,lg-214320686-aug-lilyjazz--page-3.png
005210.png,note2,2,1,lg-214320686-aug-lilyjazz--page-3.png
005211.png,note1,1,3,lg-214320686-aug-lilyjazz--page-3.png
005212.png,note2,2,1,lg-214320686-aug-lilyjazz--page-3.png
005213.png,note1,1,1,lg-214320686-aug-lilyjazz--page-3.png
005214.png,note2,2,6,lg-214320686-aug-lilyjazz--page-3.png
005215.png,note2,2,3,lg-214320686-aug-lilyjazz--page-3.png
005216.png,note2,2,1,lg-214320686-aug-lilyjazz--page-3.png
005217.png,note2,2,-1,lg-214320686-aug-lilyjazz--page-3.png
005218.png,note2,2,-4,lg-214320686-aug-lilyjazz--page-3.png
005219.png,note2,2,-6,lg-214320686-aug-lilyjazz--page-3.png
005220.png,note4,4,-4,lg-214320686-aug-lilyjazz--page-3.png
005221.png,note1,1,3,lg-214320686-aug-lilyjazz--page-3.png
005222.png,note2,2,-1,lg-214320686-aug-lilyjazz--page-3.png
005223.png,note1,1,4,lg-214320686-aug-lilyjazz--page-3.png
005224.png,note2,2,3,lg-214320686-aug-lilyjazz--page-3.png
005225.png,note1,1,2,lg-214320686-aug-lilyjazz--page-3.png
005226.png,note4,4,0,lg-214320686-aug-lilyjazz--page-3.png
005227.png,note1,1,2,lg-214320686-aug-lilyjazz--page-3.png
005228.png,note4,4,6,lg-214320686-aug-lilyjazz--page-3.png
005229.png,note1,1,3,lg-214320686-aug-lilyjazz--page-3.png
005230.png,note4,4,3,lg-214320686-aug-lilyjazz--page-3.png
005231.png,note4,4,3,lg-214320686-aug-lilyjazz--page-3.png
005232.png,note1,1,5,lg-214320686-aug-lilyjazz--page-3.png
005233.png,note1,1,2,lg-214320686-aug-lilyjazz--page-3.png
005234.png,note4,4,8,lg-214320686-aug-lilyjazz--page-3.png
005235.png,note1,1,4,lg-214320686-aug-lilyjazz--page-3.png
005236.png,note1,1,-1,lg-214320686-aug-lilyjazz--page-3.png
005237.png,note4,4,-1,lg-214320686-aug-lilyjazz--page-3.png
005238.png,note4,8,2,lg-214320686-aug-lilyjazz--page-3.png
005239.png,note4,8,1,lg-214320686-aug-lilyjazz--page-3.png
005240.png,note4,8,0,lg-214320686-aug-lilyjazz--page-3.png
005241.png,note4,8,-2,lg-214320686-aug-lilyjazz--page-3.png
005242.png,note4,8,0,lg-214320686-aug-lilyjazz--page-3.png
005243.png,note4,8,-1,lg-214320686-aug-lilyjazz--page-3.png
005244.png,note4,8,-5,lg-214320686-aug-lilyjazz--page-3.png
005245.png,note4,8,-2,lg-214320686-aug-lilyjazz--page-3.png
005246.png,note4,8,0,lg-214320686-aug-lilyjazz--page-3.png
005247.png,note4,8,-2,lg-214320686-aug-lilyjazz--page-3.png
005248.png,note2,2,-6,lg-214320686-aug-lilyjazz--page-3.png
005249.png,note2,2,-4,lg-214320686-aug-lilyjazz--page-3.png
005250.png,note2,2,-1,lg-214320686-aug-lilyjazz--page-3.png
005251.png,note2,2,1,lg-214320686-aug-lilyjazz--page-3.png
005252.png,note2,2,3,lg-214320686-aug-lilyjazz--page-3.png
005253.png,note2,2,6,lg-214320686-aug-lilyjazz--page-3.png
005254.png,note1,1,1,lg-214320686-aug-lilyjazz--page-3.png
005255.png,note4,4,0,lg-214320686-aug-lilyjazz--page-3.png
005256.png,note4,4,2,lg-214320686-aug-lilyjazz--page-3.png
005257.png,note4,4,1,lg-214320686-aug-lilyjazz--page-3.png
005258.png,note4,4,-1,lg-214320686-aug-lilyjazz--page-3.png
005259.png,note4,8,1,lg-214320686-aug-lilyjazz--page-3.png
005260.png,note4,8,-1,lg-214320686-aug-lilyjazz--page-3.png
005261.png,note4,4,1,lg-214320686-aug-lilyjazz--page-3.png
005262.png,note4,4,3,lg-214320686-aug-lilyjazz--page-3.png
005263.png,note4,4,1,lg-214320686-aug-lilyjazz--page-3.png
005264.png,note4,8,1,lg-214320686-aug-lilyjazz--page-3.png
005265.png,note4,8,-1,lg-214320686-aug-lilyjazz--page-3.png
005266.png,note4,8,0,lg-214320686-aug-lilyjazz--page-3.png
005267.png,note4,8,2,lg-214320686-aug-lilyjazz--page-3.png
005268.png,note4,8,-2,lg-214320686-aug-lilyjazz--page-3.png
005269.png,note4,4,3,lg-214320686-aug-lilyjazz--page-3.png
005270.png,note4,4,-4,lg-214320686-aug-lilyjazz--page-3.png
005271.png,note2,2,1,lg-214320686-aug-lilyjazz--page-3.png
005272.png,note2,2,-1,lg-214320686-aug-lilyjazz--page-3.png
005273.png,note1,1,-1,lg-214320686-aug-lilyjazz--page-3.png
005274.png,note4,4,-1,lg-214320686-aug-lilyjazz--page-3.png
005275.png,note4,4,-3,lg-214320686-aug-lilyjazz--page-3.png
005276.png,note4,4,-3,lg-214320686-aug-lilyjazz--page-3.png
005277.png,note4,4,0,lg-214320686-aug-lilyjazz--page-3.png
005278.png,note4,4,-2,lg-214320686-aug-lilyjazz--page-3.png
005279.png,note4,4,-2,lg-214320686-aug-lilyjazz--page-3.png
005280.png,note4,8,-2,lg-214320686-aug-lilyjazz--page-3.png
005281.png,note4,8,-1,lg-214320686-aug-lilyjazz--page-3.png
005282.png,note4,4,1,lg-214320686-aug-lilyjazz--page-3.png
005283.png,note4,4,-1,lg-214320686-aug-lilyjazz--page-3.png
005284.png,note4,8,1,lg-214320686-aug-lilyjazz--page-3.png
005285.png,note4,4,3,lg-214320686-aug-lilyjazz--page-3.png
005286.png,note4,4,1,lg-214320686-aug-lilyjazz--page-3.png
005287.png,note4,4,-6,lg-214320686-aug-lilyjazz--page-3.png
005288.png,note4,4,-1,lg-214320686-aug-lilyjazz--page-3.png
005289.png,note4,4,-3,lg-214320686-aug-lilyjazz--page-3.png
005290.png,note4,4,1,lg-214320686-aug-lilyjazz--page-3.png
005291.png,note4,4,-1,lg-214320686-aug-lilyjazz--page-3.png
005292.png,note4,4,2,lg-214320686-aug-lilyjazz--page-3.png
005293.png,note2,2,1,lg-214320686-aug-lilyjazz--page-3.png
005294.png,note4,4,-1,lg-214320686-aug-lilyjazz--page-3.png
005295.png,note4,4,-3,lg-214320686-aug-lilyjazz--page-3.png
005296.png,note4,4,2,lg-214320686-aug-lilyjazz--page-3.png
005297.png,note4,4,-1,lg-214320686-aug-lilyjazz--page-3.png
005298.png,note4,4,-4,lg-214320686-aug-lilyjazz--page-3.png
005299.png,note4,4,-4,lg-214320686-aug-lilyjazz--page-3.png
005300.png,note4,4,1,lg-214320686-aug-lilyjazz--page-3.png
005301.png,note4,4,1,lg-214320686-aug-lilyjazz--page-3.png
005302.png,note4,4,-1,lg-214320686-aug-lilyjazz--page-3.png
005303.png,note4,4,3,lg-214320686-aug-lilyjazz--page-3.png
005304.png,note4,4,1,lg-214320686-aug-lilyjazz--page-3.png
005305.png,note4,4,0,lg-214320686-aug-lilyjazz--page-3.png
005306.png,note4,4,3,lg-214320686-aug-lilyjazz--page-3.png
005307.png,note2,2,-6,lg-214320686-aug-lilyjazz--page-3.png
005308.png,note2,2,-4,lg-214320686-aug-lilyjazz--page-3.png
005309.png,note2,2,-1,lg-214320686-aug-lilyjazz--page-3.png
005310.png,note2,2,1,lg-214320686-aug-lilyjazz--page-3.png
005311.png,note2,2,3,lg-214320686-aug-lilyjazz--page-3.png
005312.png,note2,2,6,lg-214320686-aug-lilyjazz--page-3.png
005313.png,note1,1,-1,lg-214320686-aug-lilyjazz--page-3.png
005314.png,note4,4,2,lg-214320686-aug-lilyjazz--page-3.png
005315.png,note4,4,-3,lg-214320686-aug-lilyjazz--page-3.png
005316.png,note4,4,2,lg-214320686-aug-lilyjazz--page-3.png
005317.png,note1,1,-1,lg-214320686-aug-lilyjazz--page-3.png
005318.png,note4,4,-4,lg-214320686-aug-lilyjazz--page-3.png
005319.png,note4,4,1,lg-214320686-aug-lilyjazz--page-3.png
005320.png,note4,4,-1,lg-214320686-aug-lilyjazz--page-3.png
005321.png,note2,2,-6,lg-214320686-aug-lilyjazz--page-3.png
005322.png,note4,4,2,lg-214320686-aug-lilyjazz--page-3.png
005323.png,note4,4,0,lg-214320686-aug-lilyjazz--page-3.png
005324.png,note4,4,1,lg-214320686-aug-lilyjazz--page-3.png
005325.png,note4,4,-1,lg-214320686-aug-lilyjazz--page-3.png
005326.png,note4,4,-5,lg-214320686-aug-lilyjazz--page-3.png
005327.png,note4,4,4,lg-214320686-aug-lilyjazz--page-3.png
005328.png,note4,4,2,lg-214320686-aug-lilyjazz--page-3.png
005329.png,note2,2,3,lg-214320686-aug-lilyjazz--page-3.png
005330.png,note4,4,2,lg-214320686-aug-lilyjazz--page-3.png
005331.png,note4,4,0,lg-214320686-aug-lilyjazz--page-3.png
005332.png,note2,2,-7,lg-214320686-aug-lilyjazz--page-3.png
005333.png,note2,2,-4,lg-214320686-aug-lilyjazz--page-3.png
005334.png,note2,2,-2,lg-214320686-aug-lilyjazz--page-3.png
005335.png,note2,2,0,lg-214320686-aug-lilyjazz--page-3.png
005336.png,note2,2,5,lg-214320686-aug-lilyjazz--page-3.png
005337.png,note4,4,5,lg-214320686-aug-lilyjazz--page-3.png
005338.png,note2,2,-1,lg-214320686-aug-lilyjazz--page-3.png
005339.png,note4,4,-4,lg-214320686-aug-lilyjazz--page-3.png
005340.png,note4,4,1,lg-214320686-aug-lilyjazz--page-3.png
005341.png,note4,4,3,lg-214320686-aug-lilyjazz--page-3.png
005342.png,note4,4,-2,lg-214320686-aug-lilyjazz--page-3.png
005343.png,note4,4,0,lg-214320686-aug-lilyjazz--page-3.png
005344.png,note4,8,0,lg-212107868-aug-lilyjazz--page-2.png
005345.png,note4,16,1,lg-212107868-aug-lilyjazz--page-2.png
005346.png,note4,16,2,lg-212107868-aug-lilyjazz--page-2.png
005347.png,note8,16,2,lg-212107868-aug-lilyjazz--page-2.png
005348.png,note4,16,1,lg-212107868-aug-lilyjazz--page-2.png
005349.png,note4,8,0,lg-212107868-aug-lilyjazz--page-2.png
005350.png,note4,16,2,lg-212107868-aug-lilyjazz--page-2.png
005351.png,note4,4,1,lg-212107868-aug-lilyjazz--page-2.png
005352.png,note4,4,3,lg-212107868-aug-lilyjazz--page-2.png
005353.png,note4,8,2,lg-212107868-aug-lilyjazz--page-2.png
005354.png,note4,8,7,lg-212107868-aug-lilyjazz--page-2.png
005355.png,note4,8,0,lg-212107868-aug-lilyjazz--page-2.png
005356.png,note4,4,1,lg-212107868-aug-lilyjazz--page-2.png
005357.png,note4,4,0,lg-212107868-aug-lilyjazz--page-2.png
005358.png,note8,16,1,lg-212107868-aug-lilyjazz--page-2.png
005359.png,note8,2,0,lg-212107868-aug-lilyjazz--page-2.png
005360.png,note4,4,-1,lg-212107868-aug-lilyjazz--page-2.png
005361.png,note16,8*2/3,10,lg-212107868-aug-lilyjazz--page-2.png
005362.png,note4,8*2/3,9,lg-212107868-aug-lilyjazz--page-2.png
005363.png,note8,8*2/3,8,lg-212107868-aug-lilyjazz--page-2.png
005364.png,note8,16,8,lg-212107868-aug-lilyjazz--page-2.png
005365.png,note8,8*2/3,10,lg-212107868-aug-lilyjazz--page-2.png
005366.png,note8,8,9,lg-212107868-aug-lilyjazz--page-2.png
005367.png,note8,8*2/3,8,lg-212107868-aug-lilyjazz--page-2.png
005368.png,note4,8*2/3,9,lg-212107868-aug-lilyjazz--page-2.png
005369.png,note4,8*2/3,9,lg-212107868-aug-lilyjazz--page-2.png
005370.png,note8,8*2/3,8,lg-212107868-aug-lilyjazz--page-2.png
005371.png,note8,8*2/3,10,lg-212107868-aug-lilyjazz--page-2.png
005372.png,note4,8,7,lg-212107868-aug-lilyjazz--page-2.png
005373.png,note4,8,4,lg-212107868-aug-lilyjazz--page-2.png
005374.png,note4,8,4,lg-212107868-aug-lilyjazz--page-2.png
005375.png,note4,8,7,lg-212107868-aug-lilyjazz--page-2.png
005376.png,note4,8,4,lg-212107868-aug-lilyjazz--page-2.png
005377.png,note8,4,8,lg-212107868-aug-lilyjazz--page-2.png
005378.png,note4,4,6,lg-212107868-aug-lilyjazz--page-2.png
005379.png,note4,8,7,lg-212107868-aug-lilyjazz--page-2.png
005380.png,note8,16,7,lg-212107868-aug-lilyjazz--page-2.png
005381.png,note4,16.,5,lg-212107868-aug-lilyjazz--page-2.png
005382.png,note4,32,-2,lg-212107868-aug-lilyjazz--page-2.png
005383.png,note4,16.,5,lg-212107868-aug-lilyjazz--page-2.png
005384.png,note4,32,6,lg-212107868-aug-lilyjazz--page-2.png
005385.png,note4,4,4,lg-212107868-aug-lilyjazz--page-2.png
005386.png,note4,32,1,lg-212107868-aug-lilyjazz--page-2.png
005387.png,note4,16.,2,lg-212107868-aug-lilyjazz--page-2.png
005388.png,note4,16.,0,lg-212107868-aug-lilyjazz--page-2.png
005389.png,note8,32,6,lg-212107868-aug-lilyjazz--page-2.png
005390.png,note4,16.,9,lg-212107868-aug-lilyjazz--page-2.png
005391.png,note4,32,2,lg-212107868-aug-lilyjazz--page-2.png
005392.png,note8,8,6,lg-212107868-aug-lilyjazz--page-2.png
005393.png,note8,32,8,lg-212107868-aug-lilyjazz--page-2.png
005394.png,note4,16.,7,lg-212107868-aug-lilyjazz--page-2.png
005395.png,note4,16.,6,lg-212107868-aug-lilyjazz--page-2.png
005396.png,note8,32,8,lg-212107868-aug-lilyjazz--page-2.png
005397.png,note4,8,-3,lg-212107868-aug-lilyjazz--page-2.png
005398.png,note8,8,0,lg-212107868-aug-lilyjazz--page-2.png
005399.png,note8,16.,7,lg-212107868-aug-lilyjazz--page-2.png
005400.png,note4,32,9,lg-212107868-aug-lilyjazz--page-2.png
005401.png,note16,8,-2,lg-212107868-aug-lilyjazz--page-2.png
005402.png,note4,8,-2,lg-212107868-aug-lilyjazz--page-2.png
005403.png,note4,16.,4,lg-212107868-aug-lilyjazz--page-2.png
005404.png,note4,32,6,lg-212107868-aug-lilyjazz--page-2.png
005405.png,note4,8,3,lg-212107868-aug-lilyjazz--page-2.png
005406.png,note4,32,7,lg-212107868-aug-lilyjazz--page-2.png
005407.png,note4,8,-1,lg-212107868-aug-lilyjazz--page-2.png
005408.png,note4,16.,5,lg-212107868-aug-lilyjazz--page-2.png
005409.png,note4,32,5,lg-212107868-aug-lilyjazz--page-2.png
005410.png,note4,16.,7,lg-212107868-aug-lilyjazz--page-2.png
005411.png,note8,8,9,lg-212107868-aug-lilyjazz--page-2.png
005412.png,note8,8,8,lg-212107868-aug-lilyjazz--page-2.png
005413.png,note4,16.,7,lg-212107868-aug-lilyjazz--page-2.png
005414.png,note4,32,2,lg-212107868-aug-lilyjazz--page-2.png
005415.png,note4,16.,4,lg-212107868-aug-lilyjazz--page-2.png
005416.png,note4,32,6,lg-212107868-aug-lilyjazz--page-2.png
005417.png,note4,16.,2,lg-212107868-aug-lilyjazz--page-2.png
005418.png,note4,32,4,lg-212107868-aug-lilyjazz--page-2.png
005419.png,note4,32,5,lg-212107868-aug-lilyjazz--page-2.png
005420.png,note8,16.,3,lg-212107868-aug-lilyjazz--page-2.png
005421.png,note16,8,4,lg-212107868-aug-lilyjazz--page-2.png
005422.png,note16,8,4,lg-212107868-aug-lilyjazz--page-2.png
005423.png,note8,16.,3,lg-212107868-aug-lilyjazz--page-2.png
005424.png,note4,16.,7,lg-212107868-aug-lilyjazz--page-2.png
005425.png,note4,8,5,lg-212107868-aug-lilyjazz--page-2.png
005426.png,note8,32,6,lg-212107868-aug-lilyjazz--page-2.png
005427.png,note4,8,5,lg-212107868-aug-lilyjazz--page-2.png
005428.png,note4,8,-2,lg-212107868-aug-lilyjazz--page-2.png
005429.png,note4,32,3,lg-212107868-aug-lilyjazz--page-2.png
005430.png,note4,16.,5,lg-212107868-aug-lilyjazz--page-2.png
005431.png,note8,8,1,lg-212107868-aug-lilyjazz--page-2.png
005432.png,note4,8,2,lg-212107868-aug-lilyjazz--page-2.png
005433.png,note4,32,2,lg-212107868-aug-lilyjazz--page-2.png
005434.png,note4,16.,2,lg-212107868-aug-lilyjazz--page-2.png
005435.png,note8,8,3,lg-212107868-aug-lilyjazz--page-2.png
005436.png,note8,8,3,lg-212107868-aug-lilyjazz--page-2.png
005437.png,note4,16.,5,lg-212107868-aug-lilyjazz--page-2.png
005438.png,note4,32,7,lg-212107868-aug-lilyjazz--page-2.png
005439.png,note4,16.,4,lg-212107868-aug-lilyjazz--page-2.png
005440.png,note4,32,6,lg-212107868-aug-lilyjazz--page-2.png
005441.png,note4,8,-3,lg-212107868-aug-lilyjazz--page-2.png
005442.png,note4,4,4,lg-212107868-aug-lilyjazz--page-2.png
005443.png,note8,32,6,lg-212107868-aug-lilyjazz--page-2.png
005444.png,note4,16.,0,lg-212107868-aug-lilyjazz--page-2.png
005445.png,note4,32,1,lg-212107868-aug-lilyjazz--page-2.png
005446.png,note4,32,-2,lg-212107868-aug-lilyjazz--page-2.png
005447.png,note8,16.,5,lg-212107868-aug-lilyjazz--page-2.png
005448.png,note8,8,5,lg-212107868-aug-lilyjazz--page-2.png
005449.png,note8,8,6,lg-212107868-aug-lilyjazz--page-2.png
005450.png,note8,8,5,lg-212107868-aug-lilyjazz--page-2.png
005451.png,note4,8,3,lg-212107868-aug-lilyjazz--page-2.png
005452.png,note4,8,6,lg-212107868-aug-lilyjazz--page-2.png
005453.png,note8,8,2,lg-212107868-aug-lilyjazz--page-2.png
005454.png,note4,16.,4,lg-212107868-aug-lilyjazz--page-2.png
005455.png,note4,8,1,lg-212107868-aug-lilyjazz--page-2.png
005456.png,note4,8,-1,lg-212107868-aug-lilyjazz--page-2.png
005457.png,note4,32,8,lg-212107868-aug-lilyjazz--page-2.png
005458.png,note4,8,-2,lg-212107868-aug-lilyjazz--page-2.png
005459.png,note4,16.,7,lg-212107868-aug-lilyjazz--page-2.png
005460.png,note4,16.,6,lg-212107868-aug-lilyjazz--page-2.png
005461.png,note4,32,9,lg-212107868-aug-lilyjazz--page-2.png
005462.png,note4,8,0,lg-212107868-aug-lilyjazz--page-2.png
005463.png,note4,32,-1,lg-212107868-aug-lilyjazz--page-2.png
005464.png,note4,8,1,lg-212107868-aug-lilyjazz--page-2.png
005465.png,note4,8,2,lg-212107868-aug-lilyjazz--page-2.png
005466.png,note4,4,-2,lg-212107868-aug-lilyjazz--page-2.png
005467.png,note4,8,-2,lg-212107868-aug-lilyjazz--page-2.png
005468.png,note4,32,2,lg-212107868-aug-lilyjazz--page-2.png
005469.png,note4,16.,5,lg-212107868-aug-lilyjazz--page-2.png
005470.png,note8,16.,7,lg-212107868-aug-lilyjazz--page-2.png
005471.png,note4,8,5,lg-212107868-aug-lilyjazz--page-2.png
005472.png,note8,4,6,lg-212107868-aug-lilyjazz--page-2.png
005473.png,note8,32,8,lg-212107868-aug-lilyjazz--page-2.png
005474.png,note4,8,2,lg-212107868-aug-lilyjazz--page-2.png
005475.png,note4,8,4,lg-212107868-aug-lilyjazz--page-2.png
005476.png,note4,8,2,lg-212107868-aug-lilyjazz--page-2.png
005477.png,note8,4,-3,lg-212107868-aug-lilyjazz--page-2.png
005478.png,note4,8,0,lg-212107868-aug-lilyjazz--page-2.png
005479.png,note4,8,0,lg-212107868-aug-lilyjazz--page-2.png
005480.png,note4,4,-1,lg-212107868-aug-lilyjazz--page-2.png
005481.png,note4,8,1,lg-212107868-aug-lilyjazz--page-2.png
005482.png,note4,4,0,lg-212107868-aug-lilyjazz--page-2.png
005483.png,note4,4,5,lg-212107868-aug-lilyjazz--page-2.png
005484.png,note8,8,2,lg-212107868-aug-lilyjazz--page-2.png
005485.png,note8,8,4,lg-212107868-aug-lilyjazz--page-2.png
005486.png,note8,8,4,lg-212107868-aug-lilyjazz--page-2.png
005487.png,note4,4,7,lg-212107868-aug-lilyjazz--page-2.png
005488.png,note8,8,6,lg-212107868-aug-lilyjazz--page-2.png
005489.png,note16,8,4,lg-212107868-aug-lilyjazz--page-2.png
005490.png,note8,4,5,lg-212107868-aug-lilyjazz--page-2.png
005491.png,note8,8,0,lg-212107868-aug-lilyjazz--page-2.png
005492.png,note16,8,4,lg-212107868-aug-lilyjazz--page-2.png
005493.png,note8,8,2,lg-212107868-aug-lilyjazz--page-2.png
005494.png,note8,8,6,lg-212107868-aug-lilyjazz--page-2.png
005495.png,note4,4,7,lg-212107868-aug-lilyjazz--page-2.png
005496.png,note4,4,4,lg-212107868-aug-lilyjazz--page-2.png
005497.png,note4,16,2,lg-212107868-aug-lilyjazz--page-2.png
005498.png,note4,8,3,lg-212107868-aug-lilyjazz--page-2.png
005499.png,note8,8,2,lg-212107868-aug-lilyjazz--page-2.png
005500.png,note4,4,3,lg-212107868-aug-lilyjazz--page-2.png
005501.png,note4,4,5,lg-212107868-aug-lilyjazz--page-2.png
005502.png,note4,16,1,lg-212107868-aug-lilyjazz--page-2.png
005503.png,note8,16,1,lg-212107868-aug-lilyjazz--page-2.png
005504.png,note4,16,2,lg-212107868-aug-lilyjazz--page-2.png
005505.png,note4,8,3,lg-212107868-aug-lilyjazz--page-2.png
005506.png,note4,16,2,lg-212107868-aug-lilyjazz--page-2.png
005507.png,note4,16,1,lg-212107868-aug-lilyjazz--page-2.png
005508.png,note8,8,2,lg-212107868-aug-lilyjazz--page-2.png
005509.png,note4,8,4,lg-212107868-aug-lilyjazz--page-2.png
005510.png,note4,4,4,lg-212107868-aug-lilyjazz--page-2.png
005511.png,note4,16,3,lg-212107868-aug-lilyjazz--page-2.png
005512.png,note8,8,4,lg-212107868-aug-lilyjazz--page-2.png
005513.png,note4,8,3,lg-212107868-aug-lilyjazz--page-2.png
005514.png,note8,8,2,lg-212107868-aug-lilyjazz--page-2.png
005515.png,note4,16,0,lg-212107868-aug-lilyjazz--page-2.png
005516.png,note8,8,1,lg-212107868-aug-lilyjazz--page-2.png
005517.png,note4,16,0,lg-212107868-aug-lilyjazz--page-2.png
005518.png,note4,8,0,lg-212107868-aug-lilyjazz--page-2.png
005519.png,note4,16,-1,lg-212107868-aug-lilyjazz--page-2.png
005520.png,note16,8,3,lg-212107868-aug-lilyjazz--page-2.png
005521.png,note8,4,4,lg-212107868-aug-lilyjazz--page-2.png
005522.png,note4,8,0,lg-212107868-aug-lilyjazz--page-2.png
005523.png,note4,8,2,lg-212107868-aug-lilyjazz--page-2.png
005524.png,note8,16,1,lg-212107868-aug-lilyjazz--page-2.png
005525.png,note8,16,2,lg-212107868-aug-lilyjazz--page-2.png
005526.png,note8,8,2,lg-212107868-aug-lilyjazz--page-2.png
005527.png,note8,4,3,lg-212107868-aug-lilyjazz--page-2.png
005528.png,note8,8,0,lg-212107868-aug-lilyjazz--page-2.png
005529.png,note4,4,5,lg-212107868-aug-lilyjazz--page-2.png
005530.png,note4,8,1,lg-212107868-aug-lilyjazz--page-2.png
005531.png,note4,4,-3,lg-212107868-aug-lilyjazz--page-2.png
005532.png,note4,8,0,lg-212107868-aug-lilyjazz--page-2.png
005533.png,note4,8,2,lg-212107868-aug-lilyjazz--page-2.png
005534.png,note4,8,4,lg-212107868-aug-lilyjazz--page-2.png
005535.png,note4,4,-1,lg-212107868-aug-lilyjazz--page-2.png
005536.png,note4,4,0,lg-212107868-aug-lilyjazz--page-2.png
005537.png,note8,16,6,lg-212107868-aug-lilyjazz--page-2.png
005538.png,note4,8,5,lg-212107868-aug-lilyjazz--page-2.png
005539.png,note4,8,4,lg-212107868-aug-lilyjazz--page-2.png
005540.png,note4,16,7,lg-212107868-aug-lilyjazz--page-2.png
005541.png,note4,8,8,lg-212107868-aug-lilyjazz--page-2.png
005542.png,note4,8,7,lg-212107868-aug-lilyjazz--page-2.png
005543.png,note4,16,8,lg-212107868-aug-lilyjazz--page-2.png
005544.png,note4,8,4,lg-212107868-aug-lilyjazz--page-2.png
005545.png,note4,8,9,lg-212107868-aug-lilyjazz--page-2.png
005546.png,note4,8,8,lg-212107868-aug-lilyjazz--page-2.png
005547.png,note4,8,8,lg-212107868-aug-lilyjazz--page-2.png
005548.png,note4,16,8,lg-212107868-aug-lilyjazz--page-2.png
005549.png,note8,8,7,lg-212107868-aug-lilyjazz--page-2.png
005550.png,note4,8,6,lg-212107868-aug-lilyjazz--page-2.png
005551.png,note8,16,9,lg-212107868-aug-lilyjazz--page-2.png
005552.png,note8,8,6,lg-212107868-aug-lilyjazz--page-2.png
005553.png,note16,16,2,lg-212107868-aug-lilyjazz--page-2.png
005554.png,note8,8,2,lg-212107868-aug-lilyjazz--page-2.png
005555.png,note16,16,1,lg-212107868-aug-lilyjazz--page-2.png
005556.png,note4,8,4,lg-212107868-aug-lilyjazz--page-2.png
005557.png,note4,16,9,lg-212107868-aug-lilyjazz--page-2.png
005558.png,note4,8,0,lg-212107868-aug-lilyjazz--page-2.png
005559.png,note4,16,1,lg-212107868-aug-lilyjazz--page-2.png
005560.png,note8,4,0,lg-212107868-aug-lilyjazz--page-2.png
005561.png,note4,16,0,lg-212107868-aug-lilyjazz--page-2.png
005562.png,note4,8,4,lg-212107868-aug-lilyjazz--page-2.png
005563.png,note4,16,7,lg-212107868-aug-lilyjazz--page-2.png
005564.png,note4,8,7,lg-212107868-aug-lilyjazz--page-2.png
005565.png,note4,16,6,lg-212107868-aug-lilyjazz--page-2.png
005566.png,note4,8,4,lg-212107868-aug-lilyjazz--page-2.png
005567.png,note4,8,8,lg-212107868-aug-lilyjazz--page-2.png
005568.png,note4,8,6,lg-212107868-aug-lilyjazz--page-2.png
005569.png,note4,16,5,lg-212107868-aug-lilyjazz--page-2.png
005570.png,note4,8,4,lg-212107868-aug-lilyjazz--page-2.png
005571.png,note8,4,3,lg-212107868-aug-lilyjazz--page-2.png
005572.png,note4,8,2,lg-212107868-aug-lilyjazz--page-2.png
005573.png,note4,4,8,lg-212107868-aug-lilyjazz--page-2.png
005574.png,note4,8,7,lg-212107868-aug-lilyjazz--page-2.png
005575.png,note4,16,6,lg-212107868-aug-lilyjazz--page-2.png
005576.png,note4,8,6,lg-212107868-aug-lilyjazz--page-2.png
005577.png,note4,8,4,lg-212107868-aug-lilyjazz--page-2.png
005578.png,note4,4,4,lg-212107868-aug-lilyjazz--page-2.png
005579.png,note4,8,5,lg-212107868-aug-lilyjazz--page-2.png
005580.png,note4,8,8,lg-212107868-aug-lilyjazz--page-2.png
005581.png,note8,8,1,lg-212107868-aug-lilyjazz--page-2.png
005582.png,note16,8,6,lg-212107868-aug-lilyjazz--page-2.png
005583.png,note8,8,1,lg-212107868-aug-lilyjazz--page-2.png
005584.png,note4,4,3,lg-212107868-aug-lilyjazz--page-2.png
005585.png,note4,4,4,lg-212107868-aug-lilyjazz--page-2.png
005586.png,note16,8,5,lg-212107868-aug-lilyjazz--page-2.png
005587.png,note4,8,8,lg-212107868-aug-lilyjazz--page-2.png
005588.png,note4,16,7,lg-212107868-aug-lilyjazz--page-2.png
005589.png,note4,16,6,lg-212107868-aug-lilyjazz--page-2.png
005590.png,note4,4,7,lg-212107868-aug-lilyjazz--page-2.png
005591.png,note4,8,9,lg-212107868-aug-lilyjazz--page-2.png
005592.png,note4,8,-1,lg-39034789-aug-emmentaler--page-21.png
005593.png,note4,8*2/3,0,lg-39034789-aug-emmentaler--page-21.png
005594.png,note4,8,6,lg-39034789-aug-emmentaler--page-21.png
005595.png,note4,8,6,lg-39034789-aug-emmentaler--page-21.png
005596.png,note4,8*2/3,1,lg-39034789-aug-emmentaler--page-21.png
005597.png,note4,8,2,lg-39034789-aug-emmentaler--page-21.png
005598.png,note4,8,-1,lg-39034789-aug-emmentaler--page-21.png
005599.png,note4,8,2,lg-39034789-aug-emmentaler--page-21.png
005600.png,note4,8,-1,lg-39034789-aug-emmentaler--page-21.png
005601.png,note4,8,2,lg-39034789-aug-emmentaler--page-21.png
005602.png,note4,8,-2,lg-39034789-aug-emmentaler--page-21.png
005603.png,note4,8,2,lg-39034789-aug-emmentaler--page-21.png
005604.png,note4,8,-2,lg-39034789-aug-emmentaler--page-21.png
005605.png,note4,8,4,lg-39034789-aug-emmentaler--page-21.png
005606.png,note4,8*2/3,2,lg-39034789-aug-emmentaler--page-21.png
005607.png,note4,4,3,lg-39034789-aug-emmentaler--page-21.png
005608.png,note4,8,3,lg-39034789-aug-emmentaler--page-21.png
005609.png,note2,2,3,lg-39034789-aug-emmentaler--page-21.png
005610.png,note4,8,1,lg-39034789-aug-emmentaler--page-21.png
005611.png,note4,8,3,lg-39034789-aug-emmentaler--page-21.png
005612.png,note4,8,1,lg-39034789-aug-emmentaler--page-21.png
005613.png,note2,2,5,lg-39034789-aug-emmentaler--page-21.png
005614.png,note2,2,5,lg-39034789-aug-emmentaler--page-21.png
005615.png,note4,8,3,lg-39034789-aug-emmentaler--page-21.png
005616.png,note4,8,3,lg-39034789-aug-emmentaler--page-21.png
005617.png,note4,4,4,lg-39034789-aug-emmentaler--page-21.png
005618.png,note4,4,3,lg-39034789-aug-emmentaler--page-21.png
005619.png,note2,2.,5,lg-39034789-aug-emmentaler--page-21.png
005620.png,note4,4,4,lg-39034789-aug-emmentaler--page-21.png
005621.png,note4,4,3,lg-39034789-aug-emmentaler--page-21.png
005622.png,note4,4,3,lg-39034789-aug-emmentaler--page-21.png
005623.png,note4,8,2,lg-39034789-aug-emmentaler--page-21.png
005624.png,note4,8,6,lg-39034789-aug-emmentaler--page-21.png
005625.png,note4,8,1,lg-39034789-aug-emmentaler--page-21.png
005626.png,note4,8,2,lg-39034789-aug-emmentaler--page-21.png
005627.png,note4,8,-2,lg-39034789-aug-emmentaler--page-21.png
005628.png,note4,8,-1,lg-39034789-aug-emmentaler--page-21.png
005629.png,note4,8,8,lg-39034789-aug-emmentaler--page-21.png
005630.png,note2,2,3,lg-39034789-aug-emmentaler--page-21.png
005631.png,note4,8,1,lg-39034789-aug-emmentaler--page-21.png
005632.png,note4,8,2,lg-39034789-aug-emmentaler--page-21.png
005633.png,note4,8,2,lg-39034789-aug-emmentaler--page-21.png
005634.png,note2,2.,4,lg-39034789-aug-emmentaler--page-21.png
005635.png,note4,8,3,lg-39034789-aug-emmentaler--page-21.png
005636.png,note4,8,-1,lg-39034789-aug-emmentaler--page-21.png
005637.png,note2,2.,7,lg-39034789-aug-emmentaler--page-21.png
005638.png,note4,8,3,lg-39034789-aug-emmentaler--page-21.png
005639.png,note4,4,7,lg-39034789-aug-emmentaler--page-21.png
005640.png,note4,4,3,lg-39034789-aug-emmentaler--page-21.png
005641.png,note4,8,4,lg-39034789-aug-emmentaler--page-21.png
005642.png,note4,8*2/3,1,lg-39034789-aug-emmentaler--page-21.png
005643.png,note4,8*2/3,0,lg-39034789-aug-emmentaler--page-21.png
005644.png,note4,8*2/3,2,lg-39034789-aug-emmentaler--page-21.png
005645.png,note4,8,2,lg-273859961555875753-aug-gutenberg1939--page-1.png
005646.png,note4,8,4,lg-273859961555875753-aug-gutenberg1939--page-1.png
005647.png,note4,8,8,lg-273859961555875753-aug-gutenberg1939--page-1.png
005648.png,note4,8,2,lg-273859961555875753-aug-gutenberg1939--page-1.png
005649.png,note4,8,4,lg-273859961555875753-aug-gutenberg1939--page-1.png
005650.png,note4,8,8,lg-273859961555875753-aug-gutenberg1939--page-1.png
005651.png,note4,8,8,lg-273859961555875753-aug-gutenberg1939--page-1.png
005652.png,note4,8,5,lg-273859961555875753-aug-gutenberg1939--page-1.png
005653.png,note4,8,3,lg-273859961555875753-aug-gutenberg1939--page-1.png
005654.png,note2,2.,0,lg-273859961555875753-aug-gutenberg1939--page-1.png
005655.png,note4,8,2,lg-273859961555875753-aug-gutenberg1939--page-1.png
005656.png,note4,8,4,lg-273859961555875753-aug-gutenberg1939--page-1.png
005657.png,note4,8,8,lg-273859961555875753-aug-gutenberg1939--page-1.png
005658.png,note4,8,2,lg-273859961555875753-aug-gutenberg1939--page-1.png
005659.png,note4,8,8,lg-273859961555875753-aug-gutenberg1939--page-1.png
005660.png,note4,8,4,lg-273859961555875753-aug-gutenberg1939--page-1.png
005661.png,note4,8,2,lg-273859961555875753-aug-gutenberg1939--page-1.png
005662.png,note4,8,4,lg-273859961555875753-aug-gutenberg1939--page-1.png
005663.png,note4,8,8,lg-273859961555875753-aug-gutenberg1939--page-1.png
005664.png,note4,8,2,lg-273859961555875753-aug-gutenberg1939--page-1.png
005665.png,note4,8,4,lg-273859961555875753-aug-gutenberg1939--page-1.png
005666.png,note4,8,8,lg-273859961555875753-aug-gutenberg1939--page-1.png
005667.png,note4,8,2,lg-273859961555875753-aug-gutenberg1939--page-1.png
005668.png,note4,8,4,lg-273859961555875753-aug-gutenberg1939--page-1.png
005669.png,note4,8,8,lg-273859961555875753-aug-gutenberg1939--page-1.png
005670.png,note4,4,1,lg-273859961555875753-aug-gutenberg1939--page-1.png
005671.png,note4,8,2,lg-273859961555875753-aug-gutenberg1939--page-1.png
005672.png,note4,8,4,lg-273859961555875753-aug-gutenberg1939--page-1.png
005673.png,note4,8,8,lg-273859961555875753-aug-gutenberg1939--page-1.png
005674.png,note4,8,3,lg-273859961555875753-aug-gutenberg1939--page-1.png
005675.png,note2,2.,0,lg-273859961555875753-aug-gutenberg1939--page-1.png
005676.png,note4,16,0,lg-273859961555875753-aug-gutenberg1939--page-1.png
005677.png,note4,8,5,lg-273859961555875753-aug-gutenberg1939--page-1.png
005678.png,note4,8.,-7,lg-273859961555875753-aug-gutenberg1939--page-1.png
005679.png,note4,8,8,lg-273859961555875753-aug-gutenberg1939--page-1.png
005680.png,note4,8,8,lg-273859961555875753-aug-gutenberg1939--page-1.png
005681.png,note4,8,8,lg-273859961555875753-aug-gutenberg1939--page-1.png
005682.png,note4,8,8,lg-273859961555875753-aug-gutenberg1939--page-1.png
005683.png,note4,8,5,lg-273859961555875753-aug-gutenberg1939--page-1.png
005684.png,note4,8,3,lg-273859961555875753-aug-gutenberg1939--page-1.png
005685.png,note4,8,5,lg-273859961555875753-aug-gutenberg1939--page-1.png
005686.png,note4,8,3,lg-273859961555875753-aug-gutenberg1939--page-1.png
005687.png,note4,8,3,lg-273859961555875753-aug-gutenberg1939--page-1.png
005688.png,note4,8,5,lg-273859961555875753-aug-gutenberg1939--page-1.png
005689.png,note4,8,8,lg-273859961555875753-aug-gutenberg1939--page-1.png
005690.png,note4,4,1,lg-273859961555875753-aug-gutenberg1939--page-1.png
005691.png,note4,8,3,lg-273859961555875753-aug-gutenberg1939--page-1.png
005692.png,note4,8,5,lg-273859961555875753-aug-gutenberg1939--page-1.png
005693.png,note4,8,8,lg-273859961555875753-aug-gutenberg1939--page-1.png
005694.png,note4,8,3,lg-273859961555875753-aug-gutenberg1939--page-1.png
005695.png,note4,8,5,lg-273859961555875753-aug-gutenberg1939--page-1.png
005696.png,note4,8,8,lg-273859961555875753-aug-gutenberg1939--page-1.png
005697.png,note4,8,5,lg-273859961555875753-aug-gutenberg1939--page-1.png
005698.png,note4,8,3,lg-273859961555875753-aug-gutenberg1939--page-1.png
005699.png,note4,8,6,lg-273859961555875753-aug-gutenberg1939--page-1.png
005700.png,note4,8,3,lg-273859961555875753-aug-gutenberg1939--page-1.png
005701.png,note4,8,1,lg-273859961555875753-aug-gutenberg1939--page-1.png
005702.png,note2,2.,-1,lg-273859961555875753-aug-gutenberg1939--page-1.png
005703.png,note4,8,6,lg-273859961555875753-aug-gutenberg1939--page-1.png
005704.png,note4,8,3,lg-273859961555875753-aug-gutenberg1939--page-1.png
005705.png,note4,8,1,lg-273859961555875753-aug-gutenberg1939--page-1.png
005706.png,note4,8,1,lg-273859961555875753-aug-gutenberg1939--page-1.png
005707.png,note4,8,3,lg-273859961555875753-aug-gutenberg1939--page-1.png
005708.png,note4,8,1,lg-273859961555875753-aug-gutenberg1939--page-1.png
005709.png,note4,8,7,lg-273859961555875753-aug-gutenberg1939--page-1.png
005710.png,note4,8,3,lg-273859961555875753-aug-gutenberg1939--page-1.png
005711.png,note4,8,1,lg-273859961555875753-aug-gutenberg1939--page-1.png
005712.png,note4,8,7,lg-273859961555875753-aug-gutenberg1939--page-1.png
005713.png,note4,8,3,lg-273859961555875753-aug-gutenberg1939--page-1.png
005714.png,note4,8,6,lg-273859961555875753-aug-gutenberg1939--page-1.png
005715.png,note4,8,3,lg-273859961555875753-aug-gutenberg1939--page-1.png
005716.png,note4,8,1,lg-273859961555875753-aug-gutenberg1939--page-1.png
005717.png,note4,4,0,lg-273859961555875753-aug-gutenberg1939--page-1.png
005718.png,note4,8,7,lg-273859961555875753-aug-gutenberg1939--page-1.png
005719.png,note4,8,6,lg-273859961555875753-aug-gutenberg1939--page-1.png
005720.png,note4,8,2,lg-273859961555875753-aug-gutenberg1939--page-1.png
005721.png,note4,8,1,lg-273859961555875753-aug-gutenberg1939--page-1.png
005722.png,note4,8,6,lg-273859961555875753-aug-gutenberg1939--page-1.png
005723.png,note4,8,2,lg-273859961555875753-aug-gutenberg1939--page-1.png
005724.png,note4,8,1,lg-273859961555875753-aug-gutenberg1939--page-1.png
005725.png,note4,4,0,lg-273859961555875753-aug-gutenberg1939--page-1.png
005726.png,note4,8,3,lg-273859961555875753-aug-gutenberg1939--page-1.png
005727.png,note4,8,1,lg-273859961555875753-aug-gutenberg1939--page-1.png
005728.png,note4,8,6,lg-273859961555875753-aug-gutenberg1939--page-1.png
005729.png,note4,8,3,lg-273859961555875753-aug-gutenberg1939--page-1.png
005730.png,note4,8,1,lg-273859961555875753-aug-gutenberg1939--page-1.png
005731.png,note4,8,6,lg-273859961555875753-aug-gutenberg1939--page-1.png
005732.png,note4,8,6,lg-273859961555875753-aug-gutenberg1939--page-1.png
005733.png,note4,8,3,lg-273859961555875753-aug-gutenberg1939--page-1.png
005734.png,note4,8,1,lg-273859961555875753-aug-gutenberg1939--page-1.png
005735.png,note4,8,6,lg-273859961555875753-aug-gutenberg1939--page-1.png
005736.png,note4,8,2,lg-273859961555875753-aug-gutenberg1939--page-1.png
005737.png,note4,8,1,lg-273859961555875753-aug-gutenberg1939--page-1.png
005738.png,note4,8,6,lg-273859961555875753-aug-gutenberg1939--page-1.png
005739.png,note4,8,2,lg-273859961555875753-aug-gutenberg1939--page-1.png
005740.png,note4,8,1,lg-273859961555875753-aug-gutenberg1939--page-1.png
005741.png,note4,8,4,lg-273859961555875753-aug-gutenberg1939--page-1.png
005742.png,note4,8,2,lg-273859961555875753-aug-gutenberg1939--page-1.png
005743.png,note4,8,8,lg-273859961555875753-aug-gutenberg1939--page-1.png
005744.png,note4,8,4,lg-273859961555875753-aug-gutenberg1939--page-1.png
005745.png,note4,8,2,lg-273859961555875753-aug-gutenberg1939--page-1.png
005746.png,note4,8,8,lg-273859961555875753-aug-gutenberg1939--page-1.png
005747.png,note4,8,8,lg-273859961555875753-aug-gutenberg1939--page-1.png
005748.png,note4,8,4,lg-273859961555875753-aug-gutenberg1939--page-1.png
005749.png,note4,8,2,lg-273859961555875753-aug-gutenberg1939--page-1.png
005750.png,note4,8,7,lg-273859961555875753-aug-gutenberg1939--page-1.png
005751.png,note4,8,4,lg-273859961555875753-aug-gutenberg1939--page-1.png
005752.png,note4,8,7,lg-273859961555875753-aug-gutenberg1939--page-1.png
005753.png,note4,8,4,lg-273859961555875753-aug-gutenberg1939--page-1.png
005754.png,note4,8,2,lg-273859961555875753-aug-gutenberg1939--page-1.png
005755.png,note4,8,2,lg-273859961555875753-aug-gutenberg1939--page-1.png
005756.png,note4,8,8,lg-273859961555875753-aug-gutenberg1939--page-1.png
005757.png,note4,8,4,lg-273859961555875753-aug-gutenberg1939--page-1.png
005758.png,note4,8,2,lg-273859961555875753-aug-gutenberg1939--page-1.png
005759.png,note2,2.,0,lg-273859961555875753-aug-gutenberg1939--page-1.png
005760.png,note4,8,7,lg-273859961555875753-aug-gutenberg1939--page-1.png
005761.png,note4,8,3,lg-273859961555875753-aug-gutenberg1939--page-1.png
005762.png,note4,8,7,lg-273859961555875753-aug-gutenberg1939--page-1.png
005763.png,note4,8,3,lg-273859961555875753-aug-gutenberg1939--page-1.png
005764.png,note4,8,1,lg-273859961555875753-aug-gutenberg1939--page-1.png
005765.png,note4,8,1,lg-273859961555875753-aug-gutenberg1939--page-1.png
005766.png,note2,2.,0,lg-273859961555875753-aug-gutenberg1939--page-1.png
005767.png,note4,8,7,lg-273859961555875753-aug-gutenberg1939--page-1.png
005768.png,note4,8,3,lg-273859961555875753-aug-gutenberg1939--page-1.png
005769.png,note4,8,2,lg-273859961555875753-aug-gutenberg1939--page-1.png
005770.png,note4,4,1,lg-273859961555875753-aug-gutenberg1939--page-1.png
005771.png,note4,8,1,lg-273859961555875753-aug-gutenberg1939--page-1.png
005772.png,note4,8,7,lg-273859961555875753-aug-gutenberg1939--page-1.png
005773.png,note4,8,3,lg-273859961555875753-aug-gutenberg1939--page-1.png
005774.png,note4,8,2,lg-273859961555875753-aug-gutenberg1939--page-1.png
005775.png,note4,8,3,lg-273859961555875753-aug-gutenberg1939--page-1.png
005776.png,note4,8,7,lg-273859961555875753-aug-gutenberg1939--page-1.png
005777.png,note4,8,6,lg-273859961555875753-aug-gutenberg1939--page-1.png
005778.png,note4,8,2,lg-273859961555875753-aug-gutenberg1939--page-1.png
005779.png,note4,8,0,lg-273859961555875753-aug-gutenberg1939--page-1.png
005780.png,note2,2.,-1,lg-273859961555875753-aug-gutenberg1939--page-1.png
005781.png,note4,16,-1,lg-273859961555875753-aug-gutenberg1939--page-1.png
005782.png,note4,8.,0,lg-273859961555875753-aug-gutenberg1939--page-1.png
005783.png,note4,8,6,lg-273859961555875753-aug-gutenberg1939--page-1.png
005784.png,note4,8,2,lg-273859961555875753-aug-gutenberg1939--page-1.png
005785.png,note4,8,0,lg-273859961555875753-aug-gutenberg1939--page-1.png
005786.png,note4,8,0,lg-273859961555875753-aug-gutenberg1939--page-1.png
005787.png,note4,8,6,lg-273859961555875753-aug-gutenberg1939--page-1.png
005788.png,note4,8,2,lg-273859961555875753-aug-gutenberg1939--page-1.png
005789.png,note4,8,0,lg-273859961555875753-aug-gutenberg1939--page-1.png
005790.png,note4,8,6,lg-273859961555875753-aug-gutenberg1939--page-1.png
005791.png,note4,8,2,lg-273859961555875753-aug-gutenberg1939--page-1.png
005792.png,note4,8,0,lg-273859961555875753-aug-gutenberg1939--page-1.png
005793.png,note4,8,6,lg-273859961555875753-aug-gutenberg1939--page-1.png
005794.png,note4,8,2,lg-273859961555875753-aug-gutenberg1939--page-1.png
005795.png,note4,8,5,lg-273859961555875753-aug-gutenberg1939--page-1.png
005796.png,note4,8,2,lg-273859961555875753-aug-gutenberg1939--page-1.png
005797.png,note4,8,0,lg-273859961555875753-aug-gutenberg1939--page-1.png
005798.png,note4,8,5,lg-273859961555875753-aug-gutenberg1939--page-1.png
005799.png,note4,8,2,lg-273859961555875753-aug-gutenberg1939--page-1.png
005800.png,note4,8,0,lg-273859961555875753-aug-gutenberg1939--page-1.png
005801.png,note4,8,2,lg-273859961555875753-aug-gutenberg1939--page-1.png
005802.png,note4,8,6,lg-273859961555875753-aug-gutenberg1939--page-1.png
005803.png,note4,8,2,lg-273859961555875753-aug-gutenberg1939--page-1.png
005804.png,note4,8,0,lg-273859961555875753-aug-gutenberg1939--page-1.png
005805.png,note4,8,6,lg-273859961555875753-aug-gutenberg1939--page-1.png
005806.png,note4,8,0,lg-273859961555875753-aug-gutenberg1939--page-1.png
005807.png,note4,8,6,lg-273859961555875753-aug-gutenberg1939--page-1.png
005808.png,note4,8,2,lg-273859961555875753-aug-gutenberg1939--page-1.png
005809.png,note4,8,0,lg-273859961555875753-aug-gutenberg1939--page-1.png
005810.png,note4,4,-2,lg-273859961555875753-aug-gutenberg1939--page-1.png
005811.png,note4,8,5,lg-273859961555875753-aug-gutenberg1939--page-1.png
005812.png,note4,8,2,lg-273859961555875753-aug-gutenberg1939--page-1.png
005813.png,note4,8,0,lg-273859961555875753-aug-gutenberg1939--page-1.png
005814.png,note4,8,5,lg-273859961555875753-aug-gutenberg1939--page-1.png
005815.png,note4,8,2,lg-273859961555875753-aug-gutenberg1939--page-1.png
005816.png,note4,8,0,lg-273859961555875753-aug-gutenberg1939--page-1.png
005817.png,note4,8,2,lg-273859961555875753-aug-gutenberg1939--page-1.png
005818.png,note4,8,6,lg-273859961555875753-aug-gutenberg1939--page-1.png
005819.png,note4,8,2,lg-273859961555875753-aug-gutenberg1939--page-1.png
005820.png,note4,8,1,lg-273859961555875753-aug-gutenberg1939--page-1.png
005821.png,note4,8,6,lg-273859961555875753-aug-gutenberg1939--page-1.png
005822.png,note4,8,1,lg-273859961555875753-aug-gutenberg1939--page-1.png
005823.png,note4,8,6,lg-273859961555875753-aug-gutenberg1939--page-1.png
005824.png,note4,8,2,lg-273859961555875753-aug-gutenberg1939--page-1.png
005825.png,note4,8,1,lg-273859961555875753-aug-gutenberg1939--page-1.png
005826.png,note4,8,6,lg-273859961555875753-aug-gutenberg1939--page-1.png
005827.png,note4,8,2,lg-273859961555875753-aug-gutenberg1939--page-1.png
005828.png,note4,8,6,lg-273859961555875753-aug-gutenberg1939--page-1.png
005829.png,note4,8,2,lg-273859961555875753-aug-gutenberg1939--page-1.png
005830.png,note4,8,0,lg-273859961555875753-aug-gutenberg1939--page-1.png
005831.png,note4,8,2,lg-273859961555875753-aug-gutenberg1939--page-1.png
005832.png,note4,8,6,lg-273859961555875753-aug-gutenberg1939--page-1.png
005833.png,note4,8,0,lg-273859961555875753-aug-gutenberg1939--page-1.png
005834.png,note4,8,1,lg-273859961555875753-aug-gutenberg1939--page-1.png
005835.png,note2,2.,-1,lg-273859961555875753-aug-gutenberg1939--page-1.png
005836.png,note4,8,0,lg-273859961555875753-aug-gutenberg1939--page-1.png
005837.png,note4,8,2,lg-273859961555875753-aug-gutenberg1939--page-1.png
005838.png,note4,8,6,lg-273859961555875753-aug-gutenberg1939--page-1.png
005839.png,note4,8,6,lg-273859961555875753-aug-gutenberg1939--page-1.png
005840.png,note4,8,2,lg-273859961555875753-aug-gutenberg1939--page-1.png
005841.png,note4,8,0,lg-273859961555875753-aug-gutenberg1939--page-1.png
005842.png,note4,8,6,lg-273859961555875753-aug-gutenberg1939--page-1.png
005843.png,note4,8,0,lg-273859961555875753-aug-gutenberg1939--page-1.png
005844.png,note4,8,2,lg-273859961555875753-aug-gutenberg1939--page-1.png
005845.png,note4,8,0,lg-273859961555875753-aug-gutenberg1939--page-1.png
005846.png,note4,8,6,lg-273859961555875753-aug-gutenberg1939--page-1.png
005847.png,note4,8,2,lg-273859961555875753-aug-gutenberg1939--page-1.png
005848.png,note4,8,6,lg-273859961555875753-aug-gutenberg1939--page-1.png
005849.png,note4,8,0,lg-273859961555875753-aug-gutenberg1939--page-1.png
005850.png,note4,4,0,lg-273859961555875753-aug-gutenberg1939--page-1.png
005851.png,note4,8,0,lg-273859961555875753-aug-gutenberg1939--page-1.png
005852.png,note2,2.,-1,lg-273859961555875753-aug-gutenberg1939--page-1.png
005853.png,note4,8,2,lg-273859961555875753-aug-gutenberg1939--page-1.png
005854.png,note4,8,6,lg-273859961555875753-aug-gutenberg1939--page-1.png
005855.png,note4,8,2,lg-273859961555875753-aug-gutenberg1939--page-1.png
005856.png,note4,8,4,lg-273859961555875753-aug-gutenberg1939--page-1.png
005857.png,note4,8,0,lg-273859961555875753-aug-gutenberg1939--page-1.png
005858.png,note4,8,-2,lg-273859961555875753-aug-gutenberg1939--page-1.png
005859.png,note2,2.,-3,lg-273859961555875753-aug-gutenberg1939--page-1.png
005860.png,note4,8,4,lg-273859961555875753-aug-gutenberg1939--page-1.png
005861.png,note4,8,1,lg-273859961555875753-aug-gutenberg1939--page-1.png
005862.png,note4,8,-2,lg-273859961555875753-aug-gutenberg1939--page-1.png
005863.png,note4,8,0,lg-273859961555875753-aug-gutenberg1939--page-1.png
005864.png,note4,8,4,lg-273859961555875753-aug-gutenberg1939--page-1.png
005865.png,note4,8,4,lg-273859961555875753-aug-gutenberg1939--page-1.png
005866.png,note4,8,1,lg-273859961555875753-aug-gutenberg1939--page-1.png
005867.png,note4,8,-1,lg-273859961555875753-aug-gutenberg1939--page-1.png
005868.png,note4,8,4,lg-273859961555875753-aug-gutenberg1939--page-1.png
005869.png,note4,8,0,lg-273859961555875753-aug-gutenberg1939--page-1.png
005870.png,note4,8,-2,lg-273859961555875753-aug-gutenberg1939--page-1.png
005871.png,note4,8,1,lg-273859961555875753-aug-gutenberg1939--page-1.png
005872.png,note4,8,4,lg-273859961555875753-aug-gutenberg1939--page-1.png
005873.png,note4,8,-1,lg-273859961555875753-aug-gutenberg1939--page-1.png
005874.png,note4,8,-1,lg-273859961555875753-aug-gutenberg1939--page-1.png
005875.png,note4,4,-1,lg-273859961555875753-aug-gutenberg1939--page-1.png
005876.png,note4,8,4,lg-273859961555875753-aug-gutenberg1939--page-1.png
005877.png,note4,8,1,lg-273859961555875753-aug-gutenberg1939--page-1.png
005878.png,note4,8,-1,lg-273859961555875753-aug-gutenberg1939--page-1.png
005879.png,note4,8,4,lg-273859961555875753-aug-gutenberg1939--page-1.png
005880.png,note4,8,1,lg-273859961555875753-aug-gutenberg1939--page-1.png
005881.png,note4,8,-1,lg-273859961555875753-aug-gutenberg1939--page-1.png
005882.png,note4,8,4,lg-273859961555875753-aug-gutenberg1939--page-1.png
005883.png,note4,8,1,lg-273859961555875753-aug-gutenberg1939--page-1.png
005884.png,note4,8,-1,lg-273859961555875753-aug-gutenberg1939--page-1.png
005885.png,note4,8,4,lg-273859961555875753-aug-gutenberg1939--page-1.png
005886.png,note4,8,0,lg-273859961555875753-aug-gutenberg1939--page-1.png
005887.png,note4,8,-2,lg-273859961555875753-aug-gutenberg1939--page-1.png
005888.png,note4,8,4,lg-273859961555875753-aug-gutenberg1939--page-1.png
005889.png,note4,8,0,lg-273859961555875753-aug-gutenberg1939--page-1.png
005890.png,note4,8,-2,lg-273859961555875753-aug-gutenberg1939--page-1.png
005891.png,note4,8,4,lg-273859961555875753-aug-gutenberg1939--page-1.png
005892.png,note4,8,1,lg-273859961555875753-aug-gutenberg1939--page-1.png
005893.png,note4,8,-1,lg-273859961555875753-aug-gutenberg1939--page-1.png
005894.png,note4,4,-1,lg-273859961555875753-aug-gutenberg1939--page-1.png
005895.png,note8,8,0,lg-273859961555875753-aug-gutenberg1939--page-1.png
005896.png,note4,8,4,lg-273859961555875753-aug-gutenberg1939--page-1.png
005897.png,note4,8,1,lg-273859961555875753-aug-gutenberg1939--page-1.png
005898.png,note4,8,-1,lg-273859961555875753-aug-gutenberg1939--page-1.png
005899.png,note4,8,4,lg-273859961555875753-aug-gutenberg1939--page-1.png
005900.png,note4,8,1,lg-273859961555875753-aug-gutenberg1939--page-1.png
005901.png,note4,8,-1,lg-273859961555875753-aug-gutenberg1939--page-1.png
005902.png,note4,8,0,lg-273859961555875753-aug-gutenberg1939--page-1.png
005903.png,note4,8,4,lg-273859961555875753-aug-gutenberg1939--page-1.png
005904.png,note4,8,1,lg-273859961555875753-aug-gutenberg1939--page-1.png
005905.png,note4,8,-1,lg-273859961555875753-aug-gutenberg1939--page-1.png
005906.png,note4,8,-1,lg-273859961555875753-aug-gutenberg1939--page-1.png
005907.png,note4,8,4,lg-273859961555875753-aug-gutenberg1939--page-1.png
005908.png,note4,8,1,lg-273859961555875753-aug-gutenberg1939--page-1.png
005909.png,note4,8,4,lg-273859961555875753-aug-gutenberg1939--page-1.png
005910.png,note4,8,1,lg-273859961555875753-aug-gutenberg1939--page-1.png
005911.png,note4,8,-1,lg-273859961555875753-aug-gutenberg1939--page-1.png
005912.png,note4,8,2,lg-273859961555875753-aug-gutenberg1939--page-1.png
005913.png,note4,8,5,lg-273859961555875753-aug-gutenberg1939--page-1.png
005914.png,note4,8,1,lg-273859961555875753-aug-gutenberg1939--page-1.png
005915.png,note4,8,-1,lg-273859961555875753-aug-gutenberg1939--page-1.png
005916.png,note4,8,5,lg-273859961555875753-aug-gutenberg1939--page-1.png
005917.png,note4,8,1,lg-273859961555875753-aug-gutenberg1939--page-1.png
005918.png,note4,8,-1,lg-273859961555875753-aug-gutenberg1939--page-1.png
005919.png,note4,4,-2,lg-273859961555875753-aug-gutenberg1939--page-1.png
005920.png,note4,8,4,lg-273859961555875753-aug-gutenberg1939--page-1.png
005921.png,note4,8,1,lg-273859961555875753-aug-gutenberg1939--page-1.png
005922.png,note4,8,-2,lg-273859961555875753-aug-gutenberg1939--page-1.png
005923.png,note2,2.,-3,lg-273859961555875753-aug-gutenberg1939--page-1.png
005924.png,note4,8,-1,lg-273859961555875753-aug-gutenberg1939--page-1.png
005925.png,note4,8,0,lg-273859961555875753-aug-gutenberg1939--page-1.png
005926.png,note4,8,-2,lg-273859961555875753-aug-gutenberg1939--page-1.png
005927.png,note4,8,4,lg-273859961555875753-aug-gutenberg1939--page-1.png
005928.png,note4,8,1,lg-273859961555875753-aug-gutenberg1939--page-1.png
005929.png,note4,8,-2,lg-273859961555875753-aug-gutenberg1939--page-1.png
005930.png,note4,8,4,lg-273859961555875753-aug-gutenberg1939--page-1.png
005931.png,note4,8,1,lg-273859961555875753-aug-gutenberg1939--page-1.png
005932.png,note4,8,-1,lg-273859961555875753-aug-gutenberg1939--page-1.png
005933.png,note4,8,-4,lg-273859961555875753-aug-gutenberg1939--page-1.png
005934.png,note4,8,4,lg-273859961555875753-aug-gutenberg1939--page-1.png
005935.png,note4,8,1,lg-273859961555875753-aug-gutenberg1939--page-1.png
005936.png,note4,8,1,lg-273859961555875753-aug-gutenberg1939--page-1.png
005937.png,note4,8,4,lg-273859961555875753-aug-gutenberg1939--page-1.png
005938.png,note4,8,-1,lg-273859961555875753-aug-gutenberg1939--page-1.png
005939.png,note4,8,-1,lg-273859961555875753-aug-gutenberg1939--page-1.png
005940.png,note4,8,8,lg-273859961555875753-aug-gutenberg1939--page-1.png
005941.png,note4,8,4,lg-273859961555875753-aug-gutenberg1939--page-1.png
005942.png,note4,8,2,lg-273859961555875753-aug-gutenberg1939--page-1.png
005943.png,note2,2.,0,lg-273859961555875753-aug-gutenberg1939--page-1.png
005944.png,note4,8,8,lg-273859961555875753-aug-gutenberg1939--page-1.png
005945.png,note4,8,4,lg-273859961555875753-aug-gutenberg1939--page-1.png
005946.png,note4,8,2,lg-273859961555875753-aug-gutenberg1939--page-1.png
005947.png,note4,8,8,lg-273859961555875753-aug-gutenberg1939--page-1.png
005948.png,note4,8,5,lg-273859961555875753-aug-gutenberg1939--page-1.png
005949.png,note4,8,3,lg-273859961555875753-aug-gutenberg1939--page-1.png
005950.png,note4,8,8,lg-273859961555875753-aug-gutenberg1939--page-1.png
005951.png,note4,8,5,lg-273859961555875753-aug-gutenberg1939--page-1.png
005952.png,note4,8,3,lg-273859961555875753-aug-gutenberg1939--page-1.png
005953.png,note4,8,8,lg-273859961555875753-aug-gutenberg1939--page-1.png
005954.png,note4,8,5,lg-273859961555875753-aug-gutenberg1939--page-1.png
005955.png,note4,8,3,lg-273859961555875753-aug-gutenberg1939--page-1.png
005956.png,note4,8,8,lg-273859961555875753-aug-gutenberg1939--page-1.png
005957.png,note4,8,5,lg-273859961555875753-aug-gutenberg1939--page-1.png
005958.png,note4,8,3,lg-273859961555875753-aug-gutenberg1939--page-1.png
005959.png,note4,4,1,lg-273859961555875753-aug-gutenberg1939--page-1.png
005960.png,note4,8,8,lg-273859961555875753-aug-gutenberg1939--page-1.png
005961.png,note4,8,4,lg-273859961555875753-aug-gutenberg1939--page-1.png
005962.png,note4,8,2,lg-273859961555875753-aug-gutenberg1939--page-1.png
005963.png,note4,8,8,lg-273859961555875753-aug-gutenberg1939--page-1.png
005964.png,note4,8,4,lg-273859961555875753-aug-gutenberg1939--page-1.png
005965.png,note4,8,2,lg-273859961555875753-aug-gutenberg1939--page-1.png
005966.png,note4,8,8,lg-273859961555875753-aug-gutenberg1939--page-1.png
005967.png,note4,8,4,lg-273859961555875753-aug-gutenberg1939--page-1.png
005968.png,note4,8,2,lg-273859961555875753-aug-gutenberg1939--page-1.png
005969.png,note4,8,4,lg-273859961555875753-aug-gutenberg1939--page-1.png
005970.png,note4,8,8,lg-273859961555875753-aug-gutenberg1939--page-1.png
005971.png,note4,8,4,lg-273859961555875753-aug-gutenberg1939--page-1.png
005972.png,note4,8,2,lg-273859961555875753-aug-gutenberg1939--page-1.png
005973.png,note4,8,2,lg-273859961555875753-aug-gutenberg1939--page-1.png
005974.png,note4,8,2,lg-273859961555875753-aug-gutenberg1939--page-1.png
005975.png,note4,4,1,lg-273859961555875753-aug-gutenberg1939--page-1.png
005976.png,note4,8,8,lg-273859961555875753-aug-gutenberg1939--page-1.png
005977.png,note4,8,4,lg-273859961555875753-aug-gutenberg1939--page-1.png
005978.png,note4,8,8,lg-273859961555875753-aug-gutenberg1939--page-1.png
005979.png,note4,8,-7,lg-273859961555875753-aug-gutenberg1939--page-1.png
005980.png,note4,8,-6,lg-273859961555875753-aug-gutenberg1939--page-1.png
005981.png,note4,8,-3,lg-273859961555875753-aug-gutenberg1939--page-1.png
005982.png,note4,8,-3,lg-273859961555875753-aug-gutenberg1939--page-1.png
005983.png,note4,8,-5,lg-273859961555875753-aug-gutenberg1939--page-1.png
005984.png,note4,8,8,lg-273859961555875753-aug-gutenberg1939--page-1.png
005985.png,note4,4,4,lg-273859961555875753-aug-gutenberg1939--page-1.png
005986.png,note4,4,0,lg-273859961555875753-aug-gutenberg1939--page-1.png
005987.png,note4,4,-2,lg-273859961555875753-aug-gutenberg1939--page-1.png
005988.png,note4,8,-2,lg-273859961555875753-aug-gutenberg1939--page-1.png
005989.png,note4,8,5,lg-273859961555875753-aug-gutenberg1939--page-1.png
005990.png,note4,8,5,lg-273859961555875753-aug-gutenberg1939--page-1.png
005991.png,note4,8,3,lg-273859961555875753-aug-gutenberg1939--page-1.png
005992.png,note4,8,8,lg-273859961555875753-aug-gutenberg1939--page-1.png
005993.png,note4,8,3,lg-273859961555875753-aug-gutenberg1939--page-1.png
005994.png,note4,8,8,lg-273859961555875753-aug-gutenberg1939--page-1.png
005995.png,note4,8,5,lg-273859961555875753-aug-gutenberg1939--page-1.png
005996.png,note4,8,3,lg-273859961555875753-aug-gutenberg1939--page-1.png
005997.png,note4,8*2/3,1,lg-273859961555875753-aug-gutenberg1939--page-1.png
005998.png,note4,8*2/3,0,lg-273859961555875753-aug-gutenberg1939--page-1.png
005999.png,note4,8*2/3,2,lg-273859961555875753-aug-gutenberg1939--page-1.png
006000.png,note2,2.,0,lg-273859961555875753-aug-gutenberg1939--page-1.png
006001.png,note4,8,3,lg-273859961555875753-aug-gutenberg1939--page-1.png
006002.png,note4,8,5,lg-273859961555875753-aug-gutenberg1939--page-1.png
006003.png,note4,8,8,lg-273859961555875753-aug-gutenberg1939--page-1.png
006004.png,note4,8,4,lg-273859961555875753-aug-gutenberg1939--page-1.png
006005.png,note4,8,8,lg-273859961555875753-aug-gutenberg1939--page-1.png
006006.png,note4,8,9,lg-273859961555875753-aug-gutenberg1939--page-1.png
006007.png,note4,8,6,lg-273859961555875753-aug-gutenberg1939--page-1.png
006008.png,note4,8,11,lg-273859961555875753-aug-gutenberg1939--page-1.png
006009.png,note4,8,11,lg-273859961555875753-aug-gutenberg1939--page-1.png
006010.png,note4,8,9,lg-273859961555875753-aug-gutenberg1939--page-1.png
006011.png,note4,8,6,lg-273859961555875753-aug-gutenberg1939--page-1.png
006012.png,note4,8,4,lg-273859961555875753-aug-gutenberg1939--page-1.png
006013.png,note4,8,2,lg-273859961555875753-aug-gutenberg1939--page-1.png
006014.png,note4,8.,4,lg-273859961555875753-aug-gutenberg1939--page-1.png
006015.png,note4,8,4,lg-273859961555875753-aug-gutenberg1939--page-1.png
006016.png,note4,8,1,lg-273859961555875753-aug-gutenberg1939--page-1.png
006017.png,note4,8,-1,lg-273859961555875753-aug-gutenberg1939--page-1.png
006018.png,note4,8,4,lg-273859961555875753-aug-gutenberg1939--page-1.png
006019.png,note4,8,1,lg-273859961555875753-aug-gutenberg1939--page-1.png
006020.png,note4,8,-1,lg-273859961555875753-aug-gutenberg1939--page-1.png
006021.png,note4,8,-2,lg-273859961555875753-aug-gutenberg1939--page-1.png
006022.png,note4,8,-9,lg-273859961555875753-aug-gutenberg1939--page-1.png
006023.png,note4,8,3,lg-273859961555875753-aug-gutenberg1939--page-1.png
006024.png,note4,16,3,lg-273859961555875753-aug-gutenberg1939--page-1.png
006025.png,note4,8,4,lg-273859961555875753-aug-gutenberg1939--page-1.png
006026.png,note4,8,1,lg-273859961555875753-aug-gutenberg1939--page-1.png
006027.png,note4,8,-1,lg-273859961555875753-aug-gutenberg1939--page-1.png
006028.png,note4,8,8,lg-273859961555875753-aug-gutenberg1939--page-1.png
006029.png,note4,8,5,lg-273859961555875753-aug-gutenberg1939--page-1.png
006030.png,note4,8,3,lg-273859961555875753-aug-gutenberg1939--page-1.png
006031.png,note4,8,0,lg-273859961555875753-aug-gutenberg1939--page-1.png
006032.png,note4,8,8,lg-273859961555875753-aug-gutenberg1939--page-1.png
006033.png,note4,8,5,lg-273859961555875753-aug-gutenberg1939--page-1.png
006034.png,note4,8,3,lg-273859961555875753-aug-gutenberg1939--page-1.png
006035.png,note4,8,5,lg-273859961555875753-aug-gutenberg1939--page-1.png
006036.png,note4,8,9,lg-273859961555875753-aug-gutenberg1939--page-1.png
006037.png,note4,8,7,lg-273859961555875753-aug-gutenberg1939--page-1.png
006038.png,note4,8,5,lg-273859961555875753-aug-gutenberg1939--page-1.png
006039.png,note4,8,3,lg-273859961555875753-aug-gutenberg1939--page-1.png
006040.png,note4,8,11,lg-273859961555875753-aug-gutenberg1939--page-1.png
006041.png,note4,8,11,lg-273859961555875753-aug-gutenberg1939--page-1.png
006042.png,note4,8,9,lg-273859961555875753-aug-gutenberg1939--page-1.png
006043.png,note4,8,6,lg-273859961555875753-aug-gutenberg1939--page-1.png
006044.png,note4,8,4,lg-273859961555875753-aug-gutenberg1939--page-1.png
006045.png,note4,8,2,lg-273859961555875753-aug-gutenberg1939--page-1.png
006046.png,note4,8,3,lg-273859961555875753-aug-gutenberg1939--page-1.png
006047.png,note4,8,8,lg-273859961555875753-aug-gutenberg1939--page-1.png
006048.png,note4,8,5,lg-273859961555875753-aug-gutenberg1939--page-1.png
006049.png,note4,8,3,lg-273859961555875753-aug-gutenberg1939--page-1.png
006050.png,note4,8,7,lg-273859961555875753-aug-gutenberg1939--page-1.png
006051.png,note4,8,3,lg-273859961555875753-aug-gutenberg1939--page-1.png
006052.png,note4,8,1,lg-273859961555875753-aug-gutenberg1939--page-1.png
006053.png,note4,8,8,lg-273859961555875753-aug-gutenberg1939--page-1.png
006054.png,note4,8,4,lg-273859961555875753-aug-gutenberg1939--page-1.png
006055.png,note4,8,2,lg-273859961555875753-aug-gutenberg1939--page-1.png
006056.png,note4,8,8,lg-273859961555875753-aug-gutenberg1939--page-1.png
006057.png,note4,8,4,lg-273859961555875753-aug-gutenberg1939--page-1.png
006058.png,note4,8,2,lg-273859961555875753-aug-gutenberg1939--page-1.png
006059.png,note4,8,7,lg-273859961555875753-aug-gutenberg1939--page-1.png
006060.png,note4,8,3,lg-273859961555875753-aug-gutenberg1939--page-1.png
006061.png,note4,8,1,lg-273859961555875753-aug-gutenberg1939--page-1.png
006062.png,note4,8,7,lg-273859961555875753-aug-gutenberg1939--page-1.png
006063.png,note4,8,3,lg-273859961555875753-aug-gutenberg1939--page-1.png
006064.png,note4,8,1,lg-273859961555875753-aug-gutenberg1939--page-1.png
006065.png,note4,4,1,lg-273859961555875753-aug-gutenberg1939--page-1.png
006066.png,note4,8,7,lg-273859961555875753-aug-gutenberg1939--page-1.png
006067.png,note4,8,3,lg-273859961555875753-aug-gutenberg1939--page-1.png
006068.png,note4,8,1,lg-273859961555875753-aug-gutenberg1939--page-1.png
006069.png,note2,2.,0,lg-273859961555875753-aug-gutenberg1939--page-1.png
006070.png,note4,8,2,lg-273859961555875753-aug-gutenberg1939--page-1.png
006071.png,note4,8,8,lg-273859961555875753-aug-gutenberg1939--page-1.png
006072.png,note4,8,4,lg-273859961555875753-aug-gutenberg1939--page-1.png
006073.png,note4,8,2,lg-273859961555875753-aug-gutenberg1939--page-1.png
006074.png,note4,8,8,lg-273859961555875753-aug-gutenberg1939--page-1.png
006075.png,note4,8,4,lg-273859961555875753-aug-gutenberg1939--page-1.png
006076.png,note4,4,-1,lg-273859961555875753-aug-gutenberg1939--page-1.png
006077.png,note4,8,6,lg-273859961555875753-aug-gutenberg1939--page-1.png
006078.png,note4,8,3,lg-273859961555875753-aug-gutenberg1939--page-1.png
006079.png,note4,8,1,lg-273859961555875753-aug-gutenberg1939--page-1.png
006080.png,note4,16,-1,lg-273859961555875753-aug-gutenberg1939--page-1.png
006081.png,note4,8,4,lg-273859961555875753-aug-gutenberg1939--page-1.png
006082.png,note4,8,1,lg-273859961555875753-aug-gutenberg1939--page-1.png
006083.png,note4,8,-1,lg-273859961555875753-aug-gutenberg1939--page-1.png
006084.png,note4,4,5,lg-273859961555875753-aug-gutenberg1939--page-1.png
006085.png,note4,8,6,lg-273859961555875753-aug-gutenberg1939--page-1.png
006086.png,note4,8,3,lg-273859961555875753-aug-gutenberg1939--page-1.png
006087.png,note4,8,1,lg-273859961555875753-aug-gutenberg1939--page-1.png
006088.png,note4,8,7,lg-273859961555875753-aug-gutenberg1939--page-1.png
006089.png,note4,8,3,lg-273859961555875753-aug-gutenberg1939--page-1.png
006090.png,note4,8,1,lg-273859961555875753-aug-gutenberg1939--page-1.png
006091.png,note4,8.,0,lg-273859961555875753-aug-gutenberg1939--page-1.png
006092.png,note4,8,7,lg-273859961555875753-aug-gutenberg1939--page-1.png
006093.png,note4,8,3,lg-273859961555875753-aug-gutenberg1939--page-1.png
006094.png,note4,8,1,lg-273859961555875753-aug-gutenberg1939--page-1.png
006095.png,note4,8,0,lg-11466156-aug-gonville--page-2.png
006096.png,note4,8,6,lg-11466156-aug-gonville--page-2.png
006097.png,note4,8,2,lg-11466156-aug-gonville--page-2.png
006098.png,note4,8,-3,lg-11466156-aug-gonville--page-2.png
006099.png,note4,8,0,lg-11466156-aug-gonville--page-2.png
006100.png,note4,4,2,lg-11466156-aug-gonville--page-2.png
006101.png,note4,8,7,lg-11466156-aug-gonville--page-2.png
006102.png,note4,4,-2,lg-11466156-aug-gonville--page-2.png
006103.png,note4,16,4,lg-11466156-aug-gonville--page-2.png
006104.png,note4,8,3,lg-11466156-aug-gonville--page-2.png
006105.png,note4,8,-2,lg-11466156-aug-gonville--page-2.png
006106.png,note4,8,4,lg-11466156-aug-gonville--page-2.png
006107.png,note4,4,-4,lg-11466156-aug-gonville--page-2.png
006108.png,note4,4,0,lg-11466156-aug-gonville--page-2.png
006109.png,note4,4,2,lg-11466156-aug-gonville--page-2.png
006110.png,note4,16,5,lg-11466156-aug-gonville--page-2.png
006111.png,note4,8,0,lg-11466156-aug-gonville--page-2.png
006112.png,note4,4,-2,lg-11466156-aug-gonville--page-2.png
006113.png,note4,8,0,lg-11466156-aug-gonville--page-2.png
006114.png,note4,4,-2,lg-11466156-aug-gonville--page-2.png
006115.png,note4,4,2,lg-11466156-aug-gonville--page-2.png
006116.png,note4,4,-4,lg-11466156-aug-gonville--page-2.png
006117.png,note4,8,0,lg-11466156-aug-gonville--page-2.png
006118.png,note4,8,-5,lg-11466156-aug-gonville--page-2.png
006119.png,note4,8,1,lg-11466156-aug-gonville--page-2.png
006120.png,note4,8,1,lg-11466156-aug-gonville--page-2.png
006121.png,note4,8,-2,lg-11466156-aug-gonville--page-2.png
006122.png,note4,8,-2,lg-11466156-aug-gonville--page-2.png
006123.png,note4,8,3,lg-11466156-aug-gonville--page-2.png
006124.png,note4,4,-2,lg-11466156-aug-gonville--page-2.png
006125.png,note4,4,2,lg-11466156-aug-gonville--page-2.png
006126.png,note4,4,0,lg-11466156-aug-gonville--page-2.png
006127.png,note4,8,-5,lg-11466156-aug-gonville--page-2.png
006128.png,note4,4,-4,lg-11466156-aug-gonville--page-2.png
006129.png,note4,4,-5,lg-11466156-aug-gonville--page-2.png
006130.png,note4,4,-2,lg-11466156-aug-gonville--page-2.png
006131.png,note2,2.,-2,lg-11466156-aug-gonville--page-2.png
006132.png,note2,2.,1,lg-11466156-aug-gonville--page-2.png
006133.png,note2,2.,-4,lg-11466156-aug-gonville--page-2.png
006134.png,note4,8,0,lg-11466156-aug-gonville--page-2.png
006135.png,note1,1,-4,lg-11466156-aug-gonville--page-2.png
006136.png,note1,1,-1,lg-11466156-aug-gonville--page-2.png
006137.png,note1,1,1,lg-11466156-aug-gonville--page-2.png
006138.png,note1,1,3,lg-11466156-aug-gonville--page-2.png
006139.png,note4,4,-3,lg-11466156-aug-gonville--page-2.png
006140.png,note2,2.,-6,lg-11466156-aug-gonville--page-2.png
006141.png,note4,4,-1,lg-11466156-aug-gonville--page-2.png
006142.png,note4,4,1,lg-11466156-aug-gonville--page-2.png
006143.png,note4,4,4,lg-11466156-aug-gonville--page-2.png
006144.png,note4,4,-2,lg-11466156-aug-gonville--page-2.png
006145.png,note4,4,-5,lg-11466156-aug-gonville--page-2.png
006146.png,note4,8,1,lg-11466156-aug-gonville--page-2.png
006147.png,note4,16,-1,lg-11466156-aug-gonville--page-2.png
006148.png,note4,8,-1,lg-11466156-aug-gonville--page-2.png
006149.png,note4,8,-8,lg-11466156-aug-gonville--page-2.png
006150.png,note4,8,-4,lg-11466156-aug-gonville--page-2.png
006151.png,note4,16,0,lg-11466156-aug-gonville--page-2.png
006152.png,note4,16,0,lg-11466156-aug-gonville--page-2.png
006153.png,note4,16,-1,lg-11466156-aug-gonville--page-2.png
006154.png,note4,4,-3,lg-11466156-aug-gonville--page-2.png
006155.png,note4,8,-8,lg-11466156-aug-gonville--page-2.png
006156.png,note4,16,-3,lg-11466156-aug-gonville--page-2.png
006157.png,note4,8,0,lg-11466156-aug-gonville--page-2.png
006158.png,note2,2,1,lg-11466156-aug-gonville--page-2.png
006159.png,note4,4,5,lg-11466156-aug-gonville--page-2.png
006160.png,note4,4,-1,lg-11466156-aug-gonville--page-2.png
006161.png,note4,8,1,lg-11466156-aug-gonville--page-2.png
006162.png,note4,8,1,lg-11466156-aug-gonville--page-2.png
006163.png,note4,8,1,lg-11466156-aug-gonville--page-2.png
006164.png,note4,8,1,lg-11466156-aug-gonville--page-2.png
006165.png,note4,4,0,lg-11466156-aug-gonville--page-2.png
006166.png,note4,4,2,lg-11466156-aug-gonville--page-2.png
006167.png,note4,4,-2,lg-11466156-aug-gonville--page-2.png
006168.png,note4,8,-7,lg-11466156-aug-gonville--page-2.png
006169.png,note4,16,2,lg-11466156-aug-gonville--page-2.png
006170.png,note4,16,1,lg-11466156-aug-gonville--page-2.png
006171.png,note4,8,1,lg-11466156-aug-gonville--page-2.png
006172.png,note2,2.,-1,lg-11466156-aug-gonville--page-2.png
006173.png,note4,16,3,lg-11466156-aug-gonville--page-2.png
006174.png,note4,4,-1,lg-11466156-aug-gonville--page-2.png
006175.png,note4,8,-8,lg-11466156-aug-gonville--page-2.png
006176.png,note4,4,0,lg-11466156-aug-gonville--page-2.png
006177.png,note4,8,-2,lg-11466156-aug-gonville--page-2.png
006178.png,note4,4,5,lg-11466156-aug-gonville--page-2.png
006179.png,note4,4,1,lg-11466156-aug-gonville--page-2.png
006180.png,note4,8,-5,lg-11466156-aug-gonville--page-2.png
006181.png,note4,4,-2,lg-11466156-aug-gonville--page-2.png
006182.png,note4,4,2,lg-11466156-aug-gonville--page-2.png
006183.png,note4,4,-4,lg-11466156-aug-gonville--page-2.png
006184.png,note4,8,-4,lg-11466156-aug-gonville--page-2.png
006185.png,note4,8,0,lg-11466156-aug-gonville--page-2.png
006186.png,note2,2,-1,lg-11466156-aug-gonville--page-2.png
006187.png,note2,2,3,lg-11466156-aug-gonville--page-2.png
006188.png,note4,4,-2,lg-11466156-aug-gonville--page-2.png
006189.png,note4,8,-4,lg-11466156-aug-gonville--page-2.png
006190.png,note4,8,-1,lg-11466156-aug-gonville--page-2.png
006191.png,note4,4,5,lg-11466156-aug-gonville--page-2.png
006192.png,note4,8,-2,lg-11466156-aug-gonville--page-2.png
006193.png,note4,8,-4,lg-11466156-aug-gonville--page-2.png
006194.png,note4,4,-4,lg-11466156-aug-gonville--page-2.png
006195.png,note4,8,0,lg-11466156-aug-gonville--page-2.png
006196.png,note4,8,5,lg-11466156-aug-gonville--page-2.png
006197.png,note4,8,0,lg-11466156-aug-gonville--page-2.png
006198.png,note4,8,0,lg-11466156-aug-gonville--page-2.png
006199.png,note4,8,4,lg-11466156-aug-gonville--page-2.png
006200.png,note4,8,-1,lg-11466156-aug-gonville--page-2.png
006201.png,note4,8,-1,lg-11466156-aug-gonville--page-2.png
006202.png,note4,8,-2,lg-11466156-aug-gonville--page-2.png
006203.png,note4,16,-2,lg-389830966091864022-aug-beethoven--page-3.png
006204.png,note4,16,0,lg-389830966091864022-aug-beethoven--page-3.png
006205.png,note4,16,5,lg-389830966091864022-aug-beethoven--page-3.png
006206.png,note4,16,-1,lg-389830966091864022-aug-beethoven--page-3.png
006207.png,note8,16,0,lg-389830966091864022-aug-beethoven--page-3.png
006208.png,note4,4,-1,lg-389830966091864022-aug-beethoven--page-3.png
006209.png,note8,4,-1,lg-389830966091864022-aug-beethoven--page-3.png
006210.png,note4,4,4,lg-389830966091864022-aug-beethoven--page-3.png
006211.png,note16,8,-2,lg-389830966091864022-aug-beethoven--page-3.png
006212.png,note16,8,3,lg-389830966091864022-aug-beethoven--page-3.png
006213.png,note4,8.,-1,lg-389830966091864022-aug-beethoven--page-3.png
006214.png,note4,8.,4,lg-389830966091864022-aug-beethoven--page-3.png
006215.png,note4,16,-1,lg-389830966091864022-aug-beethoven--page-3.png
006216.png,note4,16,4,lg-389830966091864022-aug-beethoven--page-3.png
006217.png,note4,32,3,lg-389830966091864022-aug-beethoven--page-3.png
006218.png,note4,4,-8,lg-389830966091864022-aug-beethoven--page-3.png
006219.png,note4,8.,-2,lg-389830966091864022-aug-beethoven--page-3.png
006220.png,note4,32,4,lg-389830966091864022-aug-beethoven--page-3.png
006221.png,note8,32,4,lg-389830966091864022-aug-beethoven--page-3.png
006222.png,note4,32,3,lg-389830966091864022-aug-beethoven--page-3.png
006223.png,note4,32,2,lg-389830966091864022-aug-beethoven--page-3.png
006224.png,note4,32,3,lg-389830966091864022-aug-beethoven--page-3.png
006225.png,note4,4,-1,lg-389830966091864022-aug-beethoven--page-3.png
006226.png,note4,8.,1,lg-389830966091864022-aug-beethoven--page-3.png
006227.png,note4,32,4,lg-389830966091864022-aug-beethoven--page-3.png
006228.png,note4,16,-4,lg-389830966091864022-aug-beethoven--page-3.png
006229.png,note4,16,-6,lg-389830966091864022-aug-beethoven--page-3.png
006230.png,note4,32,2,lg-389830966091864022-aug-beethoven--page-3.png
006231.png,note4,32,3,lg-389830966091864022-aug-beethoven--page-3.png
006232.png,note4,16,-8,lg-389830966091864022-aug-beethoven--page-3.png
006233.png,note16,4,2,lg-389830966091864022-aug-beethoven--page-3.png
006234.png,note4,4,7,lg-389830966091864022-aug-beethoven--page-3.png
006235.png,note4,4,0,lg-389830966091864022-aug-beethoven--page-3.png
006236.png,note4,8.,-1,lg-389830966091864022-aug-beethoven--page-3.png
006237.png,note4,8.,4,lg-389830966091864022-aug-beethoven--page-3.png
006238.png,note16,8,0,lg-389830966091864022-aug-beethoven--page-3.png
006239.png,note16,8,3,lg-389830966091864022-aug-beethoven--page-3.png
006240.png,note4,16,-2,lg-389830966091864022-aug-beethoven--page-3.png
006241.png,note4,16,3,lg-389830966091864022-aug-beethoven--page-3.png
006242.png,note4,16,0,lg-389830966091864022-aug-beethoven--page-3.png
006243.png,note4,32,4,lg-389830966091864022-aug-beethoven--page-3.png
006244.png,note4,32,4,lg-389830966091864022-aug-beethoven--page-3.png
006245.png,note8,32,3,lg-389830966091864022-aug-beethoven--page-3.png
006246.png,note4,32,3,lg-389830966091864022-aug-beethoven--page-3.png
006247.png,note4,32,3,lg-389830966091864022-aug-beethoven--page-3.png
006248.png,note8,4,2,lg-389830966091864022-aug-beethoven--page-3.png
006249.png,note4,4,5,lg-389830966091864022-aug-beethoven--page-3.png
006250.png,note8,4,5,lg-389830966091864022-aug-beethoven--page-3.png
006251.png,note4,16,5,lg-389830966091864022-aug-beethoven--page-3.png
006252.png,note4,16,3,lg-389830966091864022-aug-beethoven--page-3.png
006253.png,note4,16,1,lg-389830966091864022-aug-beethoven--page-3.png
006254.png,note8,4,0,lg-389830966091864022-aug-beethoven--page-3.png
006255.png,note4,8,7,lg-389830966091864022-aug-beethoven--page-3.png
006256.png,note16,16,4,lg-389830966091864022-aug-beethoven--page-3.png
006257.png,note8,8,4,lg-389830966091864022-aug-beethoven--page-3.png
006258.png,note4,32,4,lg-389830966091864022-aug-beethoven--page-3.png
006259.png,note4,32,5,lg-389830966091864022-aug-beethoven--page-3.png
006260.png,note8,16,6,lg-389830966091864022-aug-beethoven--page-3.png
006261.png,note4,16,1,lg-389830966091864022-aug-beethoven--page-3.png
006262.png,note4,16,2,lg-389830966091864022-aug-beethoven--page-3.png
006263.png,note8,16,3,lg-389830966091864022-aug-beethoven--page-3.png
006264.png,note4,16,1,lg-389830966091864022-aug-beethoven--page-3.png
006265.png,note4,16,6,lg-389830966091864022-aug-beethoven--page-3.png
006266.png,note4,4,8,lg-389830966091864022-aug-beethoven--page-3.png
006267.png,note4,8.,2,lg-389830966091864022-aug-beethoven--page-3.png
006268.png,note4,4,2,lg-389830966091864022-aug-beethoven--page-3.png
006269.png,note4,4,0,lg-389830966091864022-aug-beethoven--page-3.png
006270.png,note4,8.,5,lg-389830966091864022-aug-beethoven--page-3.png
006271.png,note8,8,3,lg-389830966091864022-aug-beethoven--page-3.png
006272.png,note4,4,2,lg-389830966091864022-aug-beethoven--page-3.png
006273.png,note4,8.,-1,lg-389830966091864022-aug-beethoven--page-3.png
006274.png,note4,16,-1,lg-389830966091864022-aug-beethoven--page-3.png
006275.png,note4,16,-3,lg-389830966091864022-aug-beethoven--page-3.png
006276.png,note4,4,-3,lg-389830966091864022-aug-beethoven--page-3.png
006277.png,note4,8,4,lg-389830966091864022-aug-beethoven--page-3.png
006278.png,note16,8,1,lg-389830966091864022-aug-beethoven--page-3.png
006279.png,note4,16,1,lg-389830966091864022-aug-beethoven--page-3.png
006280.png,note4,16,-5,lg-389830966091864022-aug-beethoven--page-3.png
006281.png,note4,8.,-1,lg-389830966091864022-aug-beethoven--page-3.png
006282.png,note4,32,-2,lg-389830966091864022-aug-beethoven--page-3.png
006283.png,note16,32,-1,lg-389830966091864022-aug-beethoven--page-3.png
006284.png,note4,4,4,lg-389830966091864022-aug-beethoven--page-3.png
006285.png,note16,16,0,lg-389830966091864022-aug-beethoven--page-3.png
006286.png,note8,8,1,lg-389830966091864022-aug-beethoven--page-3.png
006287.png,note4,16,-2,lg-389830966091864022-aug-beethoven--page-3.png
006288.png,note2,2.,2,lg-389830966091864022-aug-beethoven--page-3.png
006289.png,note4,16,3,lg-389830966091864022-aug-beethoven--page-3.png
006290.png,note4,16,2,lg-389830966091864022-aug-beethoven--page-3.png
006291.png,note4,32,2,lg-389830966091864022-aug-beethoven--page-3.png
006292.png,note8,32,1,lg-389830966091864022-aug-beethoven--page-3.png
006293.png,note8,4,4,lg-389830966091864022-aug-beethoven--page-3.png
006294.png,note4,8.,-1,lg-389830966091864022-aug-beethoven--page-3.png
006295.png,note4,16,1,lg-389830966091864022-aug-beethoven--page-3.png
006296.png,note4,16,-1,lg-389830966091864022-aug-beethoven--page-3.png
006297.png,note4,16,-4,lg-389830966091864022-aug-beethoven--page-3.png
006298.png,note16,16,-3,lg-389830966091864022-aug-beethoven--page-3.png
006299.png,note16,8.,-1,lg-389830966091864022-aug-beethoven--page-3.png
006300.png,note4,32,-2,lg-389830966091864022-aug-beethoven--page-3.png
006301.png,note4,32,0,lg-389830966091864022-aug-beethoven--page-3.png
006302.png,note4,32,-1,lg-389830966091864022-aug-beethoven--page-3.png
006303.png,note8,32,-2,lg-389830966091864022-aug-beethoven--page-3.png
006304.png,note4,32,-2,lg-389830966091864022-aug-beethoven--page-3.png
006305.png,note4,4,2,lg-389830966091864022-aug-beethoven--page-3.png
006306.png,note4,32,-1,lg-389830966091864022-aug-beethoven--page-3.png
006307.png,note8,32,0,lg-389830966091864022-aug-beethoven--page-3.png
006308.png,note4,32,-1,lg-389830966091864022-aug-beethoven--page-3.png
006309.png,note4,32,-1,lg-389830966091864022-aug-beethoven--page-3.png
006310.png,note4,16,2,lg-389830966091864022-aug-beethoven--page-3.png
006311.png,note4,16,1,lg-389830966091864022-aug-beethoven--page-3.png
006312.png,note4,16,1,lg-389830966091864022-aug-beethoven--page-3.png
006313.png,note4,4,1,lg-389830966091864022-aug-beethoven--page-3.png
006314.png,note4,16,0,lg-389830966091864022-aug-beethoven--page-3.png
006315.png,note4,16,-1,lg-389830966091864022-aug-beethoven--page-3.png
006316.png,note16,16,4,lg-389830966091864022-aug-beethoven--page-3.png
006317.png,note16,8.,0,lg-389830966091864022-aug-beethoven--page-3.png
006318.png,note4,8.,2,lg-389830966091864022-aug-beethoven--page-3.png
006319.png,note4,32,0,lg-389830966091864022-aug-beethoven--page-3.png
006320.png,note4,32,1,lg-389830966091864022-aug-beethoven--page-3.png
006321.png,note8,32,-1,lg-389830966091864022-aug-beethoven--page-3.png
006322.png,note4,4,-1,lg-389830966091864022-aug-beethoven--page-3.png
006323.png,note4,32,0,lg-389830966091864022-aug-beethoven--page-3.png
006324.png,note8,32,-1,lg-389830966091864022-aug-beethoven--page-3.png
006325.png,note4,16,-1,lg-389830966091864022-aug-beethoven--page-3.png
006326.png,note8,32,0,lg-389830966091864022-aug-beethoven--page-3.png
006327.png,note4,4,-6,lg-389830966091864022-aug-beethoven--page-3.png
006328.png,note4,4,-2,lg-389830966091864022-aug-beethoven--page-3.png
006329.png,note4,32,1,lg-389830966091864022-aug-beethoven--page-3.png
006330.png,note4,4,1,lg-389830966091864022-aug-beethoven--page-3.png
006331.png,note8,8,-5,lg-389830966091864022-aug-beethoven--page-3.png
006332.png,note16,8,0,lg-389830966091864022-aug-beethoven--page-3.png
006333.png,note4,16,-3,lg-389830966091864022-aug-beethoven--page-3.png
006334.png,note8,4,-6,lg-389830966091864022-aug-beethoven--page-3.png
006335.png,note4,4,-1,lg-389830966091864022-aug-beethoven--page-3.png
006336.png,note4,16,-1,lg-389830966091864022-aug-beethoven--page-3.png
006337.png,note8,8,-6,lg-389830966091864022-aug-beethoven--page-3.png
006338.png,note16,8,-3,lg-389830966091864022-aug-beethoven--page-3.png
006339.png,note4,16,-6,lg-389830966091864022-aug-beethoven--page-3.png
006340.png,note4,16,-3,lg-389830966091864022-aug-beethoven--page-3.png
006341.png,note8,16,-4,lg-389830966091864022-aug-beethoven--page-3.png
006342.png,note4,16,1,lg-389830966091864022-aug-beethoven--page-3.png
006343.png,note4,4,3,lg-389830966091864022-aug-beethoven--page-3.png
006344.png,note4,8.,-5,lg-389830966091864022-aug-beethoven--page-3.png
006345.png,note4,8.,0,lg-389830966091864022-aug-beethoven--page-3.png
006346.png,note4,16,-2,lg-389830966091864022-aug-beethoven--page-3.png
006347.png,note4,16,0,lg-389830966091864022-aug-beethoven--page-3.png
006348.png,note4,16,-2,lg-389830966091864022-aug-beethoven--page-3.png
006349.png,note4,16,-6,lg-389830966091864022-aug-beethoven--page-3.png
006350.png,note4,4,4,lg-389830966091864022-aug-beethoven--page-3.png
006351.png,note4,8.,-6,lg-389830966091864022-aug-beethoven--page-3.png
006352.png,note4,8.,-1,lg-389830966091864022-aug-beethoven--page-3.png
006353.png,note4,16,1,lg-389830966091864022-aug-beethoven--page-3.png
006354.png,note4,4,2,lg-389830966091864022-aug-beethoven--page-3.png
006355.png,note4,8.,-3,lg-389830966091864022-aug-beethoven--page-3.png
006356.png,note4,8.,-1,lg-389830966091864022-aug-beethoven--page-3.png
006357.png,note8,8,-6,lg-389830966091864022-aug-beethoven--page-3.png
006358.png,note16,8,-2,lg-389830966091864022-aug-beethoven--page-3.png
006359.png,note16,16,-3,lg-389830966091864022-aug-beethoven--page-3.png
006360.png,note8,16,-7,lg-389830966091864022-aug-beethoven--page-3.png
006361.png,note4,4,1,lg-389830966091864022-aug-beethoven--page-3.png
006362.png,note4,8.,-2,lg-389830966091864022-aug-beethoven--page-3.png
006363.png,note4,32,-5,lg-389830966091864022-aug-beethoven--page-3.png
006364.png,note4,4,-1,lg-389830966091864022-aug-beethoven--page-3.png
006365.png,note4,32,-4,lg-389830966091864022-aug-beethoven--page-3.png
006366.png,note4,8.,-2,lg-389830966091864022-aug-beethoven--page-3.png
006367.png,note4,4,-2,lg-389830966091864022-aug-beethoven--page-3.png
006368.png,note16,8,-1,lg-389830966091864022-aug-beethoven--page-3.png
006369.png,note4,16,-2,lg-389830966091864022-aug-beethoven--page-3.png
006370.png,note4,16,-4,lg-389830966091864022-aug-beethoven--page-3.png
006371.png,note4,16,-6,lg-389830966091864022-aug-beethoven--page-3.png
006372.png,note8,4,0,lg-389830966091864022-aug-beethoven--page-3.png
006373.png,note8,4,-5,lg-389830966091864022-aug-beethoven--page-3.png
006374.png,note4,32,-4,lg-389830966091864022-aug-beethoven--page-3.png
006375.png,note4,4,5,lg-389830966091864022-aug-beethoven--page-3.png
006376.png,note4,8.,-5,lg-389830966091864022-aug-beethoven--page-3.png
006377.png,note16,8.,0,lg-389830966091864022-aug-beethoven--page-3.png
006378.png,note4,16,2,lg-389830966091864022-aug-beethoven--page-3.png
006379.png,note8,16,0,lg-389830966091864022-aug-beethoven--page-3.png
006380.png,note4,16,-2,lg-389830966091864022-aug-beethoven--page-3.png
006381.png,note4,32,-4,lg-389830966091864022-aug-beethoven--page-3.png
006382.png,note4,16,-1,lg-389830966091864022-aug-beethoven--page-3.png
006383.png,note4,32,-5,lg-389830966091864022-aug-beethoven--page-3.png
006384.png,note4,32,-4,lg-389830966091864022-aug-beethoven--page-3.png
006385.png,note4,32,-3,lg-389830966091864022-aug-beethoven--page-3.png
006386.png,note8,8,-4,lg-389830966091864022-aug-beethoven--page-3.png
006387.png,note8,32,-3,lg-389830966091864022-aug-beethoven--page-3.png
006388.png,note4,16,0,lg-389830966091864022-aug-beethoven--page-3.png
006389.png,note4,4,5,lg-389830966091864022-aug-beethoven--page-3.png
006390.png,note4,8.,-5,lg-389830966091864022-aug-beethoven--page-3.png
006391.png,note8,32,1,lg-389830966091864022-aug-beethoven--page-3.png
006392.png,note4,16,2,lg-389830966091864022-aug-beethoven--page-3.png
006393.png,note8,8,-4,lg-389830966091864022-aug-beethoven--page-3.png
006394.png,note4,32,-1,lg-389830966091864022-aug-beethoven--page-3.png
006395.png,note4,32,0,lg-389830966091864022-aug-beethoven--page-3.png
006396.png,note4,4,1,lg-389830966091864022-aug-beethoven--page-3.png
006397.png,note4,4,-5,lg-389830966091864022-aug-beethoven--page-3.png
006398.png,note4,16,-2,lg-389830966091864022-aug-beethoven--page-3.png
006399.png,note4,16,-2,lg-389830966091864022-aug-beethoven--page-3.png
006400.png,note4,4.,0,lg-389830966091864022-aug-beethoven--page-3.png
006401.png,note4,16,-5,lg-389830966091864022-aug-beethoven--page-3.png
006402.png,note4,32,0,lg-389830966091864022-aug-beethoven--page-3.png
006403.png,note4,8,-2,lg-389830966091864022-aug-beethoven--page-3.png
006404.png,note8,32,-3,lg-389830966091864022-aug-beethoven--page-3.png
006405.png,note4,4,1,lg-389830966091864022-aug-beethoven--page-3.png
006406.png,note4,32,-2,lg-389830966091864022-aug-beethoven--page-3.png
006407.png,note4,16,1,lg-389830966091864022-aug-beethoven--page-3.png
006408.png,note4,16,-1,lg-389830966091864022-aug-beethoven--page-3.png
006409.png,note8,4,6,lg-389830966091864022-aug-beethoven--page-3.png
006410.png,note8,8.,-4,lg-389830966091864022-aug-beethoven--page-3.png
006411.png,note16,8.,-2,lg-389830966091864022-aug-beethoven--page-3.png
006412.png,note4,16,3,lg-389830966091864022-aug-beethoven--page-3.png
006413.png,note16,4,-4,lg-389830966091864022-aug-beethoven--page-3.png
006414.png,note4,4,-2,lg-389830966091864022-aug-beethoven--page-3.png
006415.png,note8,8,-3,lg-389830966091864022-aug-beethoven--page-3.png
006416.png,note16,8,-1,lg-389830966091864022-aug-beethoven--page-3.png
006417.png,note4,32,-5,lg-389830966091864022-aug-beethoven--page-3.png
006418.png,note8,16,-3,lg-389830966091864022-aug-beethoven--page-3.png
006419.png,note4,16,1,lg-389830966091864022-aug-beethoven--page-3.png
006420.png,note4,8,-4,lg-389830966091864022-aug-beethoven--page-3.png
006421.png,note8,8,-5,lg-389830966091864022-aug-beethoven--page-3.png
006422.png,note4,16,-5,lg-389830966091864022-aug-beethoven--page-3.png
006423.png,note4,16,-2,lg-389830966091864022-aug-beethoven--page-3.png
006424.png,note4,4,4,lg-389830966091864022-aug-beethoven--page-3.png
006425.png,note4,32,-4,lg-389830966091864022-aug-beethoven--page-3.png
006426.png,note8,8.,1,lg-389830966091864022-aug-beethoven--page-3.png
006427.png,note16,8,-2,lg-25358813-aug-gonville--page-3.png
006428.png,note16,8,3,lg-25358813-aug-gonville--page-3.png
006429.png,note16,2,0,lg-25358813-aug-gonville--page-3.png
006430.png,note16,8,1,lg-25358813-aug-gonville--page-3.png
006431.png,note16,4,-2,lg-25358813-aug-gonville--page-3.png
006432.png,note16,8,-2,lg-25358813-aug-gonville--page-3.png
006433.png,note16,4.,1,lg-25358813-aug-gonville--page-3.png
006434.png,note4,8,-2,lg-25358813-aug-gonville--page-3.png
006435.png,note16,4.,3,lg-25358813-aug-gonville--page-3.png
006436.png,note8,8,2,lg-25358813-aug-gonville--page-3.png
006437.png,note8,8,2,lg-25358813-aug-gonville--page-3.png
006438.png,note16,4.,3,lg-25358813-aug-gonville--page-3.png
006439.png,note16,4.,2,lg-25358813-aug-gonville--page-3.png
006440.png,note16,4.,1,lg-25358813-aug-gonville--page-3.png
006441.png,note16,4,3,lg-25358813-aug-gonville--page-3.png
006442.png,note16,8,2,lg-25358813-aug-gonville--page-3.png
006443.png,note16,4,-2,lg-25358813-aug-gonville--page-3.png
006444.png,note4,8,2,lg-25358813-aug-gonville--page-3.png
006445.png,note4,8,-4,lg-25358813-aug-gonville--page-3.png
006446.png,note4,8,3,lg-25358813-aug-gonville--page-3.png
006447.png,note4,8,3,lg-25358813-aug-gonville--page-3.png
006448.png,note4,8,-4,lg-25358813-aug-gonville--page-3.png
006449.png,note4,8,4,lg-25358813-aug-gonville--page-3.png
006450.png,note4,8,-4,lg-25358813-aug-gonville--page-3.png
006451.png,note8,8,4,lg-25358813-aug-gonville--page-3.png
006452.png,note8,8,-2,lg-25358813-aug-gonville--page-3.png
006453.png,note1,1,3,lg-25358813-aug-gonville--page-3.png
006454.png,note4,8,4,lg-25358813-aug-gonville--page-3.png
006455.png,note1,1,1,lg-25358813-aug-gonville--page-3.png
006456.png,note4,4,-4,lg-25358813-aug-gonville--page-3.png
006457.png,note16,8,5,lg-25358813-aug-gonville--page-3.png
006458.png,note16,8,-4,lg-25358813-aug-gonville--page-3.png
006459.png,note4,4,4,lg-25358813-aug-gonville--page-3.png
006460.png,note4,4,-4,lg-25358813-aug-gonville--page-3.png
006461.png,note4,8,4,lg-25358813-aug-gonville--page-3.png
006462.png,note4,4,1,lg-25358813-aug-gonville--page-3.png
006463.png,note8,4,-1,lg-25358813-aug-gonville--page-3.png
006464.png,note16,8,2,lg-25358813-aug-gonville--page-3.png
006465.png,note16,8,2,lg-25358813-aug-gonville--page-3.png
006466.png,note16,8,0,lg-25358813-aug-gonville--page-3.png
006467.png,note16,8,-1,lg-25358813-aug-gonville--page-3.png
006468.png,note4,4,-1,lg-25358813-aug-gonville--page-3.png
006469.png,note16,8,-1,lg-25358813-aug-gonville--page-3.png
006470.png,note8,8,0,lg-25358813-aug-gonville--page-3.png
006471.png,note16,8,-1,lg-25358813-aug-gonville--page-3.png
006472.png,note2,2..,2,lg-25358813-aug-gonville--page-3.png
006473.png,note2,2.,2,lg-25358813-aug-gonville--page-3.png
006474.png,note2,2..,0,lg-25358813-aug-gonville--page-3.png
006475.png,note8,4,-5,lg-25358813-aug-gonville--page-3.png
006476.png,note4,8,-1,lg-25358813-aug-gonville--page-3.png
006477.png,note4,4,-1,lg-25358813-aug-gonville--page-3.png
006478.png,note2,2..,2,lg-25358813-aug-gonville--page-3.png
006479.png,note2,2..,1,lg-25358813-aug-gonville--page-3.png
006480.png,note4,8,-1,lg-25358813-aug-gonville--page-3.png
006481.png,note1,1,4,lg-25358813-aug-gonville--page-3.png
006482.png,note4,4,4,lg-25358813-aug-gonville--page-3.png
006483.png,note1,1,2,lg-25358813-aug-gonville--page-3.png
006484.png,note4,4,2,lg-25358813-aug-gonville--page-3.png
006485.png,note8,8,-5,lg-25358813-aug-gonville--page-3.png
006486.png,note16,8,5,lg-25358813-aug-gonville--page-3.png
006487.png,note16,8,2,lg-25358813-aug-gonville--page-3.png
006488.png,note16,4,4,lg-25358813-aug-gonville--page-3.png
006489.png,note16,4,2,lg-25358813-aug-gonville--page-3.png
006490.png,note8,8,-5,lg-25358813-aug-gonville--page-3.png
006491.png,note16,8,2,lg-25358813-aug-gonville--page-3.png
006492.png,note4,4,-5,lg-25358813-aug-gonville--page-3.png
006493.png,note4,8,-5,lg-25358813-aug-gonville--page-3.png
006494.png,note4,8,-5,lg-25358813-aug-gonville--page-3.png
006495.png,note16,8,8,lg-25358813-aug-gonville--page-3.png
006496.png,note16,8,5,lg-25358813-aug-gonville--page-3.png
006497.png,note16,8,1,lg-25358813-aug-gonville--page-3.png
006498.png,note16,8,-4,lg-25358813-aug-gonville--page-3.png
006499.png,note16,4,7,lg-25358813-aug-gonville--page-3.png
006500.png,note16,4,4,lg-25358813-aug-gonville--page-3.png
006501.png,note16,4,0,lg-25358813-aug-gonville--page-3.png
006502.png,note2,2..,1,lg-25358813-aug-gonville--page-3.png
006503.png,note4,4.,8,lg-25358813-aug-gonville--page-3.png
006504.png,note4,4.,5,lg-25358813-aug-gonville--page-3.png
006505.png,note8,8,-4,lg-25358813-aug-gonville--page-3.png
006506.png,note4,8,5,lg-25358813-aug-gonville--page-3.png
006507.png,note4,8,2,lg-25358813-aug-gonville--page-3.png
006508.png,note4,8,0,lg-25358813-aug-gonville--page-3.png
006509.png,note4,8,5,lg-25358813-aug-gonville--page-3.png
006510.png,note4,8,2,lg-25358813-aug-gonville--page-3.png
006511.png,note4,8,0,lg-25358813-aug-gonville--page-3.png
006512.png,note16,8,6,lg-25358813-aug-gonville--page-3.png
006513.png,note16,8,3,lg-25358813-aug-gonville--page-3.png
006514.png,note16,8,0,lg-25358813-aug-gonville--page-3.png
006515.png,note16,8,5,lg-25358813-aug-gonville--page-3.png
006516.png,note16,8,2,lg-25358813-aug-gonville--page-3.png
006517.png,note16,8,0,lg-25358813-aug-gonville--page-3.png
006518.png,note4,8,5,lg-25358813-aug-gonville--page-3.png
006519.png,note4,8,2,lg-25358813-aug-gonville--page-3.png
006520.png,note4,8,-4,lg-25358813-aug-gonville--page-3.png
006521.png,note4,8,6,lg-25358813-aug-gonville--page-3.png
006522.png,note4,8,3,lg-25358813-aug-gonville--page-3.png
006523.png,note4,8,-4,lg-25358813-aug-gonville--page-3.png
006524.png,note4,8,-4,lg-25358813-aug-gonville--page-3.png
006525.png,note4,8,-4,lg-25358813-aug-gonville--page-3.png
006526.png,note16,8,8,lg-25358813-aug-gonville--page-3.png
006527.png,note16,8,5,lg-25358813-aug-gonville--page-3.png
006528.png,note16,8,-4,lg-25358813-aug-gonville--page-3.png
006529.png,note4,8,-4,lg-25358813-aug-gonville--page-3.png
006530.png,note4,8,7,lg-25358813-aug-gonville--page-3.png
006531.png,note4,8,4,lg-25358813-aug-gonville--page-3.png
006532.png,note8,8,8,lg-25358813-aug-gonville--page-3.png
006533.png,note8,8,5,lg-25358813-aug-gonville--page-3.png
006534.png,note4,8,-4,lg-25358813-aug-gonville--page-3.png
006535.png,note4,8,0,lg-25358813-aug-gonville--page-3.png
006536.png,note8,8,4,lg-25358813-aug-gonville--page-3.png
006537.png,note8,8,0,lg-25358813-aug-gonville--page-3.png
006538.png,note8,2,2,lg-25358813-aug-gonville--page-3.png
006539.png,note8,8,3,lg-25358813-aug-gonville--page-3.png
006540.png,note4,4,4,lg-25358813-aug-gonville--page-3.png
006541.png,note4,8,0,lg-25358813-aug-gonville--page-3.png
006542.png,note16,8,0,lg-25358813-aug-gonville--page-3.png
006543.png,note16,8,4,lg-25358813-aug-gonville--page-3.png
006544.png,note16,8,1,lg-25358813-aug-gonville--page-3.png
006545.png,note16,8,-4,lg-25358813-aug-gonville--page-3.png
006546.png,note2,2,3,lg-25358813-aug-gonville--page-3.png
006547.png,note4,8,2,lg-25358813-aug-gonville--page-3.png
006548.png,note1,1,0,lg-25358813-aug-gonville--page-3.png
006549.png,note4,4,0,lg-25358813-aug-gonville--page-3.png
006550.png,note8,8,2,lg-25358813-aug-gonville--page-3.png
006551.png,note8,8,0,lg-25358813-aug-gonville--page-3.png
006552.png,note8,8,2,lg-25358813-aug-gonville--page-3.png
006553.png,note8,4,0,lg-25358813-aug-gonville--page-3.png
006554.png,note4,8,2,lg-25358813-aug-gonville--page-3.png
006555.png,note16,8,3,lg-25358813-aug-gonville--page-3.png
006556.png,note16,8,6,lg-25358813-aug-gonville--page-3.png
006557.png,note16,8,-4,lg-25358813-aug-gonville--page-3.png
006558.png,note4,4.,1,lg-25358813-aug-gonville--page-3.png
006559.png,note4,4,-4,lg-25358813-aug-gonville--page-3.png
006560.png,note16,8,0,lg-25358813-aug-gonville--page-3.png
006561.png,note16,8,5,lg-25358813-aug-gonville--page-3.png
006562.png,note16,8,2,lg-25358813-aug-gonville--page-3.png
006563.png,note16,2..,0,lg-25358813-aug-gonville--page-3.png
006564.png,note4,8,-4,lg-25358813-aug-gonville--page-3.png
006565.png,note4,8,1,lg-25358813-aug-gonville--page-3.png
006566.png,note4,4.,-1,lg-25358813-aug-gonville--page-3.png
006567.png,note4,4.,3,lg-25358813-aug-gonville--page-3.png
006568.png,note4,8,1,lg-25358813-aug-gonville--page-3.png
006569.png,note4,8,-4,lg-25358813-aug-gonville--page-3.png
006570.png,note8,8,1,lg-25358813-aug-gonville--page-3.png
006571.png,note16,8,-4,lg-25358813-aug-gonville--page-3.png
006572.png,note16,8,4,lg-25358813-aug-gonville--page-3.png
006573.png,note16,8,-1,lg-25358813-aug-gonville--page-3.png
006574.png,note16,8,2,lg-25358813-aug-gonville--page-3.png
006575.png,note16,8,-3,lg-25358813-aug-gonville--page-3.png
006576.png,note16,8,7,lg-25358813-aug-gonville--page-3.png
006577.png,note16,8,2,lg-25358813-aug-gonville--page-3.png
006578.png,note16,8,3,lg-25358813-aug-gonville--page-3.png
006579.png,note16,8,0,lg-25358813-aug-gonville--page-3.png
006580.png,note16,8,0,lg-25358813-aug-gonville--page-3.png
006581.png,note16,8,2,lg-25358813-aug-gonville--page-3.png
006582.png,note16,8,-5,lg-25358813-aug-gonville--page-3.png
006583.png,note16,8,-5,lg-25358813-aug-gonville--page-3.png
006584.png,note16,8,-2,lg-25358813-aug-gonville--page-3.png
006585.png,note4,8,-5,lg-25358813-aug-gonville--page-3.png
006586.png,note16,8,3,lg-25358813-aug-gonville--page-3.png
006587.png,note16,8,1,lg-25358813-aug-gonville--page-3.png
006588.png,note16,8,-4,lg-25358813-aug-gonville--page-3.png
006589.png,note4,8,-5,lg-25358813-aug-gonville--page-3.png
006590.png,note4,8,-4,lg-25358813-aug-gonville--page-3.png
006591.png,note4,8,0,lg-25358813-aug-gonville--page-3.png
006592.png,note4,8,-5,lg-25358813-aug-gonville--page-3.png
006593.png,note4,8,0,lg-25358813-aug-gonville--page-3.png
006594.png,note4,8,-3,lg-25358813-aug-gonville--page-3.png
006595.png,note4,4.,0,lg-25358813-aug-gonville--page-3.png
006596.png,note4,8,0,lg-25358813-aug-gonville--page-3.png
006597.png,note8,2,7,lg-25358813-aug-gonville--page-3.png
006598.png,note8,4.,2,lg-25358813-aug-gonville--page-3.png
006599.png,note8,2,3,lg-25358813-aug-gonville--page-3.png
006600.png,note8,8,0,lg-25358813-aug-gonville--page-3.png
006601.png,note16,8,-3,lg-25358813-aug-gonville--page-3.png
006602.png,note16,4,0,lg-25358813-aug-gonville--page-3.png
006603.png,note4,8,-3,lg-25358813-aug-gonville--page-3.png
006604.png,note4,8,0,lg-25358813-aug-gonville--page-3.png
006605.png,note4,8,0,lg-25358813-aug-gonville--page-3.png
006606.png,note8,8,5,lg-25358813-aug-gonville--page-3.png
006607.png,note8,8,2,lg-25358813-aug-gonville--page-3.png
006608.png,note8,8,1,lg-25358813-aug-gonville--page-3.png
006609.png,note8,8,-2,lg-25358813-aug-gonville--page-3.png
006610.png,note8,8,5,lg-25358813-aug-gonville--page-3.png
006611.png,note8,8,2,lg-25358813-aug-gonville--page-3.png
006612.png,note8,8,0,lg-25358813-aug-gonville--page-3.png
006613.png,note8,8,-3,lg-25358813-aug-gonville--page-3.png
006614.png,note8,8,5,lg-25358813-aug-gonville--page-3.png
006615.png,note8,8,2,lg-25358813-aug-gonville--page-3.png
006616.png,note8,8,1,lg-25358813-aug-gonville--page-3.png
006617.png,note4,8,-2,lg-25358813-aug-gonville--page-3.png
006618.png,note4,8,5,lg-25358813-aug-gonville--page-3.png
006619.png,note4,8,2,lg-25358813-aug-gonville--page-3.png
006620.png,note4,8,1,lg-25358813-aug-gonville--page-3.png
006621.png,note4,8,-2,lg-25358813-aug-gonville--page-3.png
006622.png,note4,8,5,lg-25358813-aug-gonville--page-3.png
006623.png,note4,8,2,lg-25358813-aug-gonville--page-3.png
006624.png,note4,8,-1,lg-25358813-aug-gonville--page-3.png
006625.png,note4,8,-4,lg-25358813-aug-gonville--page-3.png
006626.png,note4,8,5,lg-25358813-aug-gonville--page-3.png
006627.png,note4,8,2,lg-25358813-aug-gonville--page-3.png
006628.png,note8,8,0,lg-25358813-aug-gonville--page-3.png
006629.png,note8,8,-3,lg-25358813-aug-gonville--page-3.png
006630.png,note4,8,5,lg-25358813-aug-gonville--page-3.png
006631.png,note16,8,2,lg-25358813-aug-gonville--page-3.png
006632.png,note4,8,2,lg-25358813-aug-gonville--page-3.png
006633.png,note4,8,-1,lg-25358813-aug-gonville--page-3.png
006634.png,note4,8,-4,lg-25358813-aug-gonville--page-3.png
006635.png,note8,8,-1,lg-25358813-aug-gonville--page-3.png
006636.png,note4,8,2,lg-25358813-aug-gonville--page-3.png
006637.png,note4,8,2,lg-25358813-aug-gonville--page-3.png
006638.png,note8,8,2,lg-25358813-aug-gonville--page-3.png
006639.png,note4,8,2,lg-25358813-aug-gonville--page-3.png
006640.png,note4,8,2,lg-25358813-aug-gonville--page-3.png
006641.png,note16,4,-1,lg-25358813-aug-gonville--page-3.png
006642.png,note16,8,2,lg-25358813-aug-gonville--page-3.png
006643.png,note8,8,2,lg-25358813-aug-gonville--page-3.png
006644.png,note4,8,2,lg-25358813-aug-gonville--page-3.png
006645.png,note4,8,2,lg-25358813-aug-gonville--page-3.png
006646.png,note8,8,-1,lg-25358813-aug-gonville--page-3.png
006647.png,note4,8,6,lg-25358813-aug-gonville--page-3.png
006648.png,note4,8,3,lg-25358813-aug-gonville--page-3.png
006649.png,note4,8,2,lg-25358813-aug-gonville--page-3.png
006650.png,note16,8,-7,lg-591826463736177508-aug-gutenberg1939--page-4.png
006651.png,note4,16,5,lg-591826463736177508-aug-gutenberg1939--page-4.png
006652.png,note4,8,6,lg-591826463736177508-aug-gutenberg1939--page-4.png
006653.png,note4,16,5,lg-591826463736177508-aug-gutenberg1939--page-4.png
006654.png,note4,8,2,lg-591826463736177508-aug-gutenberg1939--page-4.png
006655.png,note4,8,5,lg-591826463736177508-aug-gutenberg1939--page-4.png
006656.png,note4,8,0,lg-591826463736177508-aug-gutenberg1939--page-4.png
006657.png,note4,16,4,lg-591826463736177508-aug-gutenberg1939--page-4.png
006658.png,note4,16,4,lg-591826463736177508-aug-gutenberg1939--page-4.png
006659.png,note4,8,-7,lg-591826463736177508-aug-gutenberg1939--page-4.png
006660.png,note4,4,-1,lg-591826463736177508-aug-gutenberg1939--page-4.png
006661.png,note4,4,1,lg-591826463736177508-aug-gutenberg1939--page-4.png
006662.png,note4,4,-1,lg-591826463736177508-aug-gutenberg1939--page-4.png
006663.png,note4,4,-3,lg-591826463736177508-aug-gutenberg1939--page-4.png
006664.png,note4,4,1,lg-591826463736177508-aug-gutenberg1939--page-4.png
006665.png,note4,8,0,lg-591826463736177508-aug-gutenberg1939--page-4.png
006666.png,note4,16*2/3,1,lg-591826463736177508-aug-gutenberg1939--page-4.png
006667.png,note4,16*2/3,0,lg-591826463736177508-aug-gutenberg1939--page-4.png
006668.png,note4,16*2/3,0,lg-591826463736177508-aug-gutenberg1939--page-4.png
006669.png,note4,8,2,lg-591826463736177508-aug-gutenberg1939--page-4.png
006670.png,note4,8,0,lg-591826463736177508-aug-gutenberg1939--page-4.png
006671.png,note4,8,-2,lg-591826463736177508-aug-gutenberg1939--page-4.png
006672.png,note4,8,1,lg-591826463736177508-aug-gutenberg1939--page-4.png
006673.png,note4,8,-7,lg-591826463736177508-aug-gutenberg1939--page-4.png
006674.png,note4,8,3,lg-591826463736177508-aug-gutenberg1939--page-4.png
006675.png,note4,16,3,lg-591826463736177508-aug-gutenberg1939--page-4.png
006676.png,note4,16,3,lg-591826463736177508-aug-gutenberg1939--page-4.png
006677.png,note4,8,-1,lg-591826463736177508-aug-gutenberg1939--page-4.png
006678.png,note4,8,3,lg-591826463736177508-aug-gutenberg1939--page-4.png
006679.png,note4,8,-7,lg-591826463736177508-aug-gutenberg1939--page-4.png
006680.png,note4,16,2,lg-591826463736177508-aug-gutenberg1939--page-4.png
006681.png,note4,16,2,lg-591826463736177508-aug-gutenberg1939--page-4.png
006682.png,note4,8,7,lg-591826463736177508-aug-gutenberg1939--page-4.png
006683.png,note4,8,6,lg-591826463736177508-aug-gutenberg1939--page-4.png
006684.png,note4,8,7,lg-591826463736177508-aug-gutenberg1939--page-4.png
006685.png,note4,8,2,lg-591826463736177508-aug-gutenberg1939--page-4.png
006686.png,note4,8,4,lg-591826463736177508-aug-gutenberg1939--page-4.png
006687.png,note4,8,0,lg-591826463736177508-aug-gutenberg1939--page-4.png
006688.png,note4,16,3,lg-591826463736177508-aug-gutenberg1939--page-4.png
006689.png,note4,16,0,lg-591826463736177508-aug-gutenberg1939--page-4.png
006690.png,note4,16,4,lg-591826463736177508-aug-gutenberg1939--page-4.png
006691.png,note16,16,-3,lg-591826463736177508-aug-gutenberg1939--page-4.png
006692.png,note16,8,-5,lg-591826463736177508-aug-gutenberg1939--page-4.png
006693.png,note16,8,-2,lg-591826463736177508-aug-gutenberg1939--page-4.png
006694.png,note16,8,-3,lg-591826463736177508-aug-gutenberg1939--page-4.png
006695.png,note4,16,1,lg-591826463736177508-aug-gutenberg1939--page-4.png
006696.png,note4,16,-2,lg-591826463736177508-aug-gutenberg1939--page-4.png
006697.png,note8,16,0,lg-591826463736177508-aug-gutenberg1939--page-4.png
006698.png,note16,16,-3,lg-591826463736177508-aug-gutenberg1939--page-4.png
006699.png,note16,8,-1,lg-591826463736177508-aug-gutenberg1939--page-4.png
006700.png,note4,16,2,lg-591826463736177508-aug-gutenberg1939--page-4.png
006701.png,note4,16,-1,lg-591826463736177508-aug-gutenberg1939--page-4.png
006702.png,note4,16,5,lg-591826463736177508-aug-gutenberg1939--page-4.png
006703.png,note4,16,-4,lg-591826463736177508-aug-gutenberg1939--page-4.png
006704.png,note4,16,6,lg-591826463736177508-aug-gutenberg1939--page-4.png
006705.png,note16,16,-2,lg-591826463736177508-aug-gutenberg1939--page-4.png
006706.png,note16,8,-4,lg-591826463736177508-aug-gutenberg1939--page-4.png
006707.png,note16,8,-2,lg-591826463736177508-aug-gutenberg1939--page-4.png
006708.png,note16,8,4,lg-591826463736177508-aug-gutenberg1939--page-4.png
006709.png,note4,8.,2,lg-591826463736177508-aug-gutenberg1939--page-4.png
006710.png,note4,8,4,lg-591826463736177508-aug-gutenberg1939--page-4.png
006711.png,note16,8,-2,lg-591826463736177508-aug-gutenberg1939--page-4.png
006712.png,note4,8,3,lg-591826463736177508-aug-gutenberg1939--page-4.png
006713.png,note4,16,1,lg-591826463736177508-aug-gutenberg1939--page-4.png
006714.png,note4,4,2,lg-591826463736177508-aug-gutenberg1939--page-4.png
006715.png,note4,4,3,lg-591826463736177508-aug-gutenberg1939--page-4.png
006716.png,note4,4,0,lg-591826463736177508-aug-gutenberg1939--page-4.png
006717.png,note4,4,2,lg-591826463736177508-aug-gutenberg1939--page-4.png
006718.png,note4,4,-1,lg-591826463736177508-aug-gutenberg1939--page-4.png
006719.png,note4,4,3,lg-591826463736177508-aug-gutenberg1939--page-4.png
006720.png,note4,8,0,lg-591826463736177508-aug-gutenberg1939--page-4.png
006721.png,note4,8,-3,lg-591826463736177508-aug-gutenberg1939--page-4.png
006722.png,note4,32,0,lg-591826463736177508-aug-gutenberg1939--page-4.png
006723.png,note4,32,1,lg-591826463736177508-aug-gutenberg1939--page-4.png
006724.png,note4,4,1,lg-591826463736177508-aug-gutenberg1939--page-4.png
006725.png,note4,8.,0,lg-591826463736177508-aug-gutenberg1939--page-4.png
006726.png,note4,4,-5,lg-591826463736177508-aug-gutenberg1939--page-4.png
006727.png,note4,4,-3,lg-591826463736177508-aug-gutenberg1939--page-4.png
006728.png,note4,8,5,lg-591826463736177508-aug-gutenberg1939--page-4.png
006729.png,note4,16,-1,lg-591826463736177508-aug-gutenberg1939--page-4.png
006730.png,note4,16,-4,lg-591826463736177508-aug-gutenberg1939--page-4.png
006731.png,note8,8,4,lg-591826463736177508-aug-gutenberg1939--page-4.png
006732.png,note16,8,1,lg-591826463736177508-aug-gutenberg1939--page-4.png
006733.png,note16,8,1,lg-591826463736177508-aug-gutenberg1939--page-4.png
006734.png,note16,8,5,lg-591826463736177508-aug-gutenberg1939--page-4.png
006735.png,note16,8,1,lg-591826463736177508-aug-gutenberg1939--page-4.png
006736.png,note4,4,5,lg-591826463736177508-aug-gutenberg1939--page-4.png
006737.png,note4,16,1,lg-591826463736177508-aug-gutenberg1939--page-4.png
006738.png,note16,16,2,lg-591826463736177508-aug-gutenberg1939--page-4.png
006739.png,note4,16,3,lg-591826463736177508-aug-gutenberg1939--page-4.png
006740.png,note4,4,5,lg-591826463736177508-aug-gutenberg1939--page-4.png
006741.png,note4,4,9,lg-591826463736177508-aug-gutenberg1939--page-4.png
006742.png,note4,4,5,lg-591826463736177508-aug-gutenberg1939--page-4.png
006743.png,note4,8,-3,lg-591826463736177508-aug-gutenberg1939--page-4.png
006744.png,note4,8,-1,lg-591826463736177508-aug-gutenberg1939--page-4.png
006745.png,note4,8,-3,lg-591826463736177508-aug-gutenberg1939--page-4.png
006746.png,note4,8,-5,lg-591826463736177508-aug-gutenberg1939--page-4.png
006747.png,note4,8,-2,lg-591826463736177508-aug-gutenberg1939--page-4.png
006748.png,note4,16,0,lg-591826463736177508-aug-gutenberg1939--page-4.png
006749.png,note4,16,-1,lg-591826463736177508-aug-gutenberg1939--page-4.png
006750.png,note4,16,0,lg-591826463736177508-aug-gutenberg1939--page-4.png
006751.png,note4,8,-2,lg-591826463736177508-aug-gutenberg1939--page-4.png
006752.png,note4,8,2,lg-591826463736177508-aug-gutenberg1939--page-4.png
006753.png,note4,32,8,lg-591826463736177508-aug-gutenberg1939--page-4.png
006754.png,note4,8,-1,lg-591826463736177508-aug-gutenberg1939--page-4.png
006755.png,note4,32,4,lg-591826463736177508-aug-gutenberg1939--page-4.png
006756.png,note4,8,-2,lg-591826463736177508-aug-gutenberg1939--page-4.png
006757.png,note4,32,4,lg-591826463736177508-aug-gutenberg1939--page-4.png
006758.png,note4,32,4,lg-591826463736177508-aug-gutenberg1939--page-4.png
006759.png,note4,8,-2,lg-591826463736177508-aug-gutenberg1939--page-4.png
006760.png,note4,8,0,lg-591826463736177508-aug-gutenberg1939--page-4.png
006761.png,note4,8,4,lg-591826463736177508-aug-gutenberg1939--page-4.png
006762.png,note4,8.,2,lg-591826463736177508-aug-gutenberg1939--page-4.png
006763.png,note4,8.,6,lg-591826463736177508-aug-gutenberg1939--page-4.png
006764.png,note4,8.,2,lg-591826463736177508-aug-gutenberg1939--page-4.png
006765.png,note4,8.,2,lg-591826463736177508-aug-gutenberg1939--page-4.png
006766.png,note4,8,-2,lg-591826463736177508-aug-gutenberg1939--page-4.png
006767.png,note4,32,3,lg-591826463736177508-aug-gutenberg1939--page-4.png
006768.png,note4,32,7,lg-591826463736177508-aug-gutenberg1939--page-4.png
006769.png,note4,32,3,lg-591826463736177508-aug-gutenberg1939--page-4.png
006770.png,note4,32,3,lg-591826463736177508-aug-gutenberg1939--page-4.png
006771.png,note4,8,4,lg-591826463736177508-aug-gutenberg1939--page-4.png
006772.png,note4,8,1,lg-591826463736177508-aug-gutenberg1939--page-4.png
006773.png,note4,8,4,lg-591826463736177508-aug-gutenberg1939--page-4.png
006774.png,note4,8,-3,lg-591826463736177508-aug-gutenberg1939--page-4.png
006775.png,note4,8,1,lg-591826463736177508-aug-gutenberg1939--page-4.png
006776.png,note4,8,-2,lg-591826463736177508-aug-gutenberg1939--page-4.png
006777.png,note4,8,2,lg-591826463736177508-aug-gutenberg1939--page-4.png
006778.png,note4,8,1,lg-591826463736177508-aug-gutenberg1939--page-4.png
006779.png,note4,8,2,lg-591826463736177508-aug-gutenberg1939--page-4.png
006780.png,note4,8,-3,lg-591826463736177508-aug-gutenberg1939--page-4.png
006781.png,note4,8,1,lg-591826463736177508-aug-gutenberg1939--page-4.png
006782.png,note4,8,5,lg-591826463736177508-aug-gutenberg1939--page-4.png
006783.png,note4,8,4,lg-591826463736177508-aug-gutenberg1939--page-4.png
006784.png,note4,8,4,lg-591826463736177508-aug-gutenberg1939--page-4.png
006785.png,note4,8,4,lg-591826463736177508-aug-gutenberg1939--page-4.png
006786.png,note4,8,0,lg-591826463736177508-aug-gutenberg1939--page-4.png
006787.png,note4,8,4,lg-591826463736177508-aug-gutenberg1939--page-4.png
006788.png,note4,8,3,lg-591826463736177508-aug-gutenberg1939--page-4.png
006789.png,note4,8,-7,lg-591826463736177508-aug-gutenberg1939--page-4.png
006790.png,note4,8,-1,lg-591826463736177508-aug-gutenberg1939--page-4.png
006791.png,note4,8,1,lg-591826463736177508-aug-gutenberg1939--page-4.png
006792.png,note4,8,-1,lg-591826463736177508-aug-gutenberg1939--page-4.png
006793.png,note4,8,-3,lg-591826463736177508-aug-gutenberg1939--page-4.png
006794.png,note4,8,1,lg-591826463736177508-aug-gutenberg1939--page-4.png
006795.png,note16,8,0,lg-591826463736177508-aug-gutenberg1939--page-4.png
006796.png,note4,8,2,lg-591826463736177508-aug-gutenberg1939--page-4.png
006797.png,note16,8,0,lg-591826463736177508-aug-gutenberg1939--page-4.png
006798.png,note16,8,-2,lg-591826463736177508-aug-gutenberg1939--page-4.png
006799.png,note4,8,1,lg-591826463736177508-aug-gutenberg1939--page-4.png
006800.png,note16,8,0,lg-591826463736177508-aug-gutenberg1939--page-4.png
006801.png,note4,16,0,lg-591826463736177508-aug-gutenberg1939--page-4.png
006802.png,note4,16,0,lg-591826463736177508-aug-gutenberg1939--page-4.png
006803.png,note4,16,-1,lg-591826463736177508-aug-gutenberg1939--page-4.png
006804.png,note4,8,0,lg-591826463736177508-aug-gutenberg1939--page-4.png
006805.png,note4,16,-1,lg-591826463736177508-aug-gutenberg1939--page-4.png
006806.png,note4,8,-4,lg-591826463736177508-aug-gutenberg1939--page-4.png
006807.png,note4,8,0,lg-591826463736177508-aug-gutenberg1939--page-4.png
006808.png,note4,8,-3,lg-591826463736177508-aug-gutenberg1939--page-4.png
006809.png,note4,8,-2,lg-591826463736177508-aug-gutenberg1939--page-4.png
006810.png,note4,16,-2,lg-591826463736177508-aug-gutenberg1939--page-4.png
006811.png,note4,16,-2,lg-591826463736177508-aug-gutenberg1939--page-4.png
006812.png,note4,8,0,lg-591826463736177508-aug-gutenberg1939--page-4.png
006813.png,note4,8,-2,lg-591826463736177508-aug-gutenberg1939--page-4.png
006814.png,note4,8,-4,lg-591826463736177508-aug-gutenberg1939--page-4.png
006815.png,note4,8,-2,lg-591826463736177508-aug-gutenberg1939--page-4.png
006816.png,note4,8,-7,lg-591826463736177508-aug-gutenberg1939--page-4.png
006817.png,note4,8,-4,lg-591826463736177508-aug-gutenberg1939--page-4.png
006818.png,note4,16,3,lg-591826463736177508-aug-gutenberg1939--page-4.png
006819.png,note4,8,4,lg-591826463736177508-aug-gutenberg1939--page-4.png
006820.png,note4,16,3,lg-591826463736177508-aug-gutenberg1939--page-4.png
006821.png,note4,8,0,lg-591826463736177508-aug-gutenberg1939--page-4.png
006822.png,note4,8,4,lg-591826463736177508-aug-gutenberg1939--page-4.png
006823.png,note4,16,2,lg-591826463736177508-aug-gutenberg1939--page-4.png
006824.png,note4,16,2,lg-591826463736177508-aug-gutenberg1939--page-4.png
006825.png,note4,16,1,lg-591826463736177508-aug-gutenberg1939--page-4.png
006826.png,note4,8,3,lg-591826463736177508-aug-gutenberg1939--page-4.png
006827.png,note4,16,1,lg-591826463736177508-aug-gutenberg1939--page-4.png
006828.png,note4,8,-1,lg-591826463736177508-aug-gutenberg1939--page-4.png
006829.png,note4,8,2,lg-591826463736177508-aug-gutenberg1939--page-4.png
006830.png,note4,8,4,lg-591826463736177508-aug-gutenberg1939--page-4.png
006831.png,note16,16,-4,lg-591826463736177508-aug-gutenberg1939--page-4.png
006832.png,note4,16,-3,lg-591826463736177508-aug-gutenberg1939--page-4.png
006833.png,note4,16,-3,lg-591826463736177508-aug-gutenberg1939--page-4.png
006834.png,note16,8,1,lg-591826463736177508-aug-gutenberg1939--page-4.png
006835.png,note16,8,0,lg-591826463736177508-aug-gutenberg1939--page-4.png
006836.png,note16,8,-2,lg-591826463736177508-aug-gutenberg1939--page-4.png
006837.png,note16,8,2,lg-591826463736177508-aug-gutenberg1939--page-4.png
006838.png,note16,16,-4,lg-591826463736177508-aug-gutenberg1939--page-4.png
006839.png,note4,16,-1,lg-591826463736177508-aug-gutenberg1939--page-4.png
006840.png,note4,16,-1,lg-591826463736177508-aug-gutenberg1939--page-4.png
006841.png,note4,4,-1,lg-591826463736177508-aug-gutenberg1939--page-4.png
006842.png,note8,8,3,lg-591826463736177508-aug-gutenberg1939--page-4.png
006843.png,note8,8.,2,lg-591826463736177508-aug-gutenberg1939--page-4.png
006844.png,note4,8,-1,lg-591826463736177508-aug-gutenberg1939--page-4.png
006845.png,note8,8,2,lg-591826463736177508-aug-gutenberg1939--page-4.png
006846.png,note4,8,-2,lg-591826463736177508-aug-gutenberg1939--page-4.png
006847.png,note8,8,2,lg-591826463736177508-aug-gutenberg1939--page-4.png
006848.png,note4,16,-5,lg-591826463736177508-aug-gutenberg1939--page-4.png
006849.png,note4,16,-5,lg-591826463736177508-aug-gutenberg1939--page-4.png
006850.png,note4,16,-2,lg-591826463736177508-aug-gutenberg1939--page-4.png
006851.png,note4,8,2,lg-591826463736177508-aug-gutenberg1939--page-4.png
006852.png,note4,16,-2,lg-591826463736177508-aug-gutenberg1939--page-4.png
006853.png,note4,8,-2,lg-591826463736177508-aug-gutenberg1939--page-4.png
006854.png,note4,16,-1,lg-591826463736177508-aug-gutenberg1939--page-4.png
006855.png,note4,16,-1,lg-591826463736177508-aug-gutenberg1939--page-4.png
006856.png,note4,8,-1,lg-591826463736177508-aug-gutenberg1939--page-4.png
006857.png,note4,8,2,lg-591826463736177508-aug-gutenberg1939--page-4.png
006858.png,note16,8,1,lg-591826463736177508-aug-gutenberg1939--page-4.png
006859.png,note16,8,-2,lg-591826463736177508-aug-gutenberg1939--page-4.png
006860.png,note16,16,0,lg-591826463736177508-aug-gutenberg1939--page-4.png
006861.png,note16,8,2,lg-591826463736177508-aug-gutenberg1939--page-4.png
006862.png,note16,16,0,lg-591826463736177508-aug-gutenberg1939--page-4.png
006863.png,note16,8,-2,lg-591826463736177508-aug-gutenberg1939--page-4.png
006864.png,note4,16,1,lg-591826463736177508-aug-gutenberg1939--page-4.png
006865.png,note4,16,1,lg-591826463736177508-aug-gutenberg1939--page-4.png
006866.png,note4,8,0,lg-591826463736177508-aug-gutenberg1939--page-4.png
006867.png,note4,8,-2,lg-591826463736177508-aug-gutenberg1939--page-4.png
006868.png,note4,8,-3,lg-591826463736177508-aug-gutenberg1939--page-4.png
006869.png,note4,16,-3,lg-591826463736177508-aug-gutenberg1939--page-4.png
006870.png,note4,8,1,lg-591826463736177508-aug-gutenberg1939--page-4.png
006871.png,note4,16,-3,lg-591826463736177508-aug-gutenberg1939--page-4.png
006872.png,note4,16,0,lg-591826463736177508-aug-gutenberg1939--page-4.png
006873.png,note4,16,0,lg-591826463736177508-aug-gutenberg1939--page-4.png
006874.png,note4,16,-4,lg-591826463736177508-aug-gutenberg1939--page-4.png
006875.png,note4,16,-4,lg-591826463736177508-aug-gutenberg1939--page-4.png
006876.png,note4,16,1,lg-591826463736177508-aug-gutenberg1939--page-4.png
006877.png,note4,16,4,lg-591826463736177508-aug-gutenberg1939--page-4.png
006878.png,note4,8,7,lg-591826463736177508-aug-gutenberg1939--page-4.png
006879.png,note4,16,2,lg-591826463736177508-aug-gutenberg1939--page-4.png
006880.png,note4,16,3,lg-591826463736177508-aug-gutenberg1939--page-4.png
006881.png,note4,8,-3,lg-591826463736177508-aug-gutenberg1939--page-4.png
006882.png,note4,8,4,lg-591826463736177508-aug-gutenberg1939--page-4.png
006883.png,note4,8,1,lg-591826463736177508-aug-gutenberg1939--page-4.png
006884.png,note4,16,3,lg-591826463736177508-aug-gutenberg1939--page-4.png
006885.png,note4,8,5,lg-591826463736177508-aug-gutenberg1939--page-4.png
006886.png,note4,16,3,lg-591826463736177508-aug-gutenberg1939--page-4.png
006887.png,note4,16,4,lg-591826463736177508-aug-gutenberg1939--page-4.png
006888.png,note4,16,4,lg-591826463736177508-aug-gutenberg1939--page-4.png
006889.png,note16,8,0,lg-591826463736177508-aug-gutenberg1939--page-4.png
006890.png,note16,8,3,lg-591826463736177508-aug-gutenberg1939--page-4.png
006891.png,note16,8,2,lg-591826463736177508-aug-gutenberg1939--page-4.png
006892.png,note16,8,6,lg-591826463736177508-aug-gutenberg1939--page-4.png
006893.png,note4,8,4,lg-591826463736177508-aug-gutenberg1939--page-4.png
006894.png,note4,8,2,lg-591826463736177508-aug-gutenberg1939--page-4.png
006895.png,note4,8,2,lg-591826463736177508-aug-gutenberg1939--page-4.png
006896.png,note4,16,-1,lg-591826463736177508-aug-gutenberg1939--page-4.png
006897.png,note4,8,6,lg-591826463736177508-aug-gutenberg1939--page-4.png
006898.png,note4,16,-1,lg-591826463736177508-aug-gutenberg1939--page-4.png
006899.png,note4,32,0,lg-591826463736177508-aug-gutenberg1939--page-4.png
006900.png,note4,32,-1,lg-591826463736177508-aug-gutenberg1939--page-4.png
006901.png,note4,8,0,lg-591826463736177508-aug-gutenberg1939--page-4.png
006902.png,note4,4,3,lg-591826463736177508-aug-gutenberg1939--page-4.png
006903.png,note4,4,-1,lg-591826463736177508-aug-gutenberg1939--page-4.png
006904.png,note4,4,2,lg-591826463736177508-aug-gutenberg1939--page-4.png
006905.png,note4,4,3,lg-591826463736177508-aug-gutenberg1939--page-4.png
006906.png,note4,4,2,lg-591826463736177508-aug-gutenberg1939--page-4.png
006907.png,note4,16,2,lg-591826463736177508-aug-gutenberg1939--page-4.png
006908.png,note4,16,2,lg-591826463736177508-aug-gutenberg1939--page-4.png
006909.png,note4,8,0,lg-591826463736177508-aug-gutenberg1939--page-4.png
006910.png,note4,8,3,lg-591826463736177508-aug-gutenberg1939--page-4.png
006911.png,note4,4,6,lg-591826463736177508-aug-gutenberg1939--page-4.png
006912.png,note4,4,6,lg-591826463736177508-aug-gutenberg1939--page-4.png
006913.png,note4,4,3,lg-591826463736177508-aug-gutenberg1939--page-4.png
006914.png,note4,4,6,lg-591826463736177508-aug-gutenberg1939--page-4.png
006915.png,note4,8,1,lg-591826463736177508-aug-gutenberg1939--page-4.png
006916.png,note16,8,0,lg-591826463736177508-aug-gutenberg1939--page-4.png
006917.png,note16,8,0,lg-591826463736177508-aug-gutenberg1939--page-4.png
006918.png,note16,8,-3,lg-591826463736177508-aug-gutenberg1939--page-4.png
006919.png,note16,8,0,lg-591826463736177508-aug-gutenberg1939--page-4.png
006920.png,note4,8,0,lg-591826463736177508-aug-gutenberg1939--page-4.png
006921.png,note4,8,-4,lg-591826463736177508-aug-gutenberg1939--page-4.png
006922.png,note4,8,-2,lg-591826463736177508-aug-gutenberg1939--page-4.png
006923.png,note4,8.,0,lg-591826463736177508-aug-gutenberg1939--page-4.png
006924.png,note4,8.,3,lg-591826463736177508-aug-gutenberg1939--page-4.png
006925.png,note4,8.,3,lg-591826463736177508-aug-gutenberg1939--page-4.png
006926.png,note4,32,4,lg-591826463736177508-aug-gutenberg1939--page-4.png
006927.png,note4,32,4,lg-591826463736177508-aug-gutenberg1939--page-4.png
006928.png,note4,32,1,lg-591826463736177508-aug-gutenberg1939--page-4.png
006929.png,note4,8.,3,lg-591826463736177508-aug-gutenberg1939--page-4.png
006930.png,note4,8,1,lg-591826463736177508-aug-gutenberg1939--page-4.png
006931.png,note4,8,-1,lg-591826463736177508-aug-gutenberg1939--page-4.png
006932.png,note4,32,5,lg-591826463736177508-aug-gutenberg1939--page-4.png
006933.png,note4,32,5,lg-591826463736177508-aug-gutenberg1939--page-4.png
006934.png,note4,32,2,lg-591826463736177508-aug-gutenberg1939--page-4.png
006935.png,note4,32,5,lg-591826463736177508-aug-gutenberg1939--page-4.png
006936.png,note4,32,4,lg-591826463736177508-aug-gutenberg1939--page-4.png
006937.png,note16,8,1,lg-591826463736177508-aug-gutenberg1939--page-4.png
006938.png,note16,8,1,lg-591826463736177508-aug-gutenberg1939--page-4.png
006939.png,note16,8,5,lg-591826463736177508-aug-gutenberg1939--page-4.png
006940.png,note16,8,1,lg-591826463736177508-aug-gutenberg1939--page-4.png
006941.png,note16,8,4,lg-591826463736177508-aug-gutenberg1939--page-4.png
006942.png,note4,8,-2,lg-591826463736177508-aug-gutenberg1939--page-4.png
006943.png,note4,4,-2,lg-591826463736177508-aug-gutenberg1939--page-4.png
006944.png,note4,4,-2,lg-591826463736177508-aug-gutenberg1939--page-4.png
006945.png,note16,4,2,lg-591826463736177508-aug-gutenberg1939--page-4.png
006946.png,note4,4,-2,lg-591826463736177508-aug-gutenberg1939--page-4.png
006947.png,note4,4,1,lg-591826463736177508-aug-gutenberg1939--page-4.png
006948.png,note4,8,7,lg-591826463736177508-aug-gutenberg1939--page-4.png
006949.png,note4,8,-2,lg-591826463736177508-aug-gutenberg1939--page-4.png
006950.png,note4,4,1,lg-591826463736177508-aug-gutenberg1939--page-4.png
006951.png,note4,4,1,lg-591826463736177508-aug-gutenberg1939--page-4.png
006952.png,note4,4,5,lg-591826463736177508-aug-gutenberg1939--page-4.png
006953.png,note4,8,-2,lg-591826463736177508-aug-gutenberg1939--page-4.png
006954.png,note4,8,6,lg-591826463736177508-aug-gutenberg1939--page-4.png
006955.png,note16,8,-3,lg-591826463736177508-aug-gutenberg1939--page-4.png
006956.png,note16,8,-3,lg-591826463736177508-aug-gutenberg1939--page-4.png
006957.png,note16,8,1,lg-591826463736177508-aug-gutenberg1939--page-4.png
006958.png,note16,8,-3,lg-591826463736177508-aug-gutenberg1939--page-4.png
006959.png,note4,8,-2,lg-591826463736177508-aug-gutenberg1939--page-4.png
006960.png,note4,8,1,lg-591826463736177508-aug-gutenberg1939--page-4.png
006961.png,note4,8,4,lg-591826463736177508-aug-gutenberg1939--page-4.png
006962.png,note4,8,-5,lg-591826463736177508-aug-gutenberg1939--page-4.png
006963.png,note4,8,2,lg-591826463736177508-aug-gutenberg1939--page-4.png
006964.png,note4,16,2,lg-591826463736177508-aug-gutenberg1939--page-4.png
006965.png,note4,8,6,lg-591826463736177508-aug-gutenberg1939--page-4.png
006966.png,note4,16,2,lg-591826463736177508-aug-gutenberg1939--page-4.png
006967.png,note4,16,4,lg-591826463736177508-aug-gutenberg1939--page-4.png
006968.png,note4,16,3,lg-591826463736177508-aug-gutenberg1939--page-4.png
006969.png,note4,16,4,lg-591826463736177508-aug-gutenberg1939--page-4.png
006970.png,note4,16,3,lg-591826463736177508-aug-gutenberg1939--page-4.png
006971.png,note4,8,-3,lg-591826463736177508-aug-gutenberg1939--page-4.png
006972.png,note4,8,2,lg-591826463736177508-aug-gutenberg1939--page-4.png
006973.png,note4,8,1,lg-591826463736177508-aug-gutenberg1939--page-4.png
006974.png,note4,16,1,lg-591826463736177508-aug-gutenberg1939--page-4.png
006975.png,note4,8,5,lg-591826463736177508-aug-gutenberg1939--page-4.png
006976.png,note4,16,1,lg-591826463736177508-aug-gutenberg1939--page-4.png
006977.png,note4,16,0,lg-591826463736177508-aug-gutenberg1939--page-4.png
006978.png,note4,16,0,lg-591826463736177508-aug-gutenberg1939--page-4.png
006979.png,note4,4,-1,lg-591826463736177508-aug-gutenberg1939--page-4.png
006980.png,note16,8,5,lg-591826463736177508-aug-gutenberg1939--page-4.png
006981.png,note4,8,-1,lg-591826463736177508-aug-gutenberg1939--page-4.png
006982.png,note4,4,-1,lg-591826463736177508-aug-gutenberg1939--page-4.png
006983.png,note4,4,-1,lg-591826463736177508-aug-gutenberg1939--page-4.png
006984.png,note16,4,3,lg-591826463736177508-aug-gutenberg1939--page-4.png
006985.png,note16,8,2,lg-591826463736177508-aug-gutenberg1939--page-4.png
006986.png,note4,8,-1,lg-591826463736177508-aug-gutenberg1939--page-4.png
006987.png,note4,8,3,lg-591826463736177508-aug-gutenberg1939--page-4.png
006988.png,note4,8,-1,lg-591826463736177508-aug-gutenberg1939--page-4.png
006989.png,note4,8,8,lg-591826463736177508-aug-gutenberg1939--page-4.png
006990.png,note4,8,-1,lg-591826463736177508-aug-gutenberg1939--page-4.png
006991.png,note4,4,2,lg-591826463736177508-aug-gutenberg1939--page-4.png
006992.png,note4,4,2,lg-591826463736177508-aug-gutenberg1939--page-4.png
006993.png,note4,4,6,lg-591826463736177508-aug-gutenberg1939--page-4.png
006994.png,note4,4,2,lg-591826463736177508-aug-gutenberg1939--page-4.png
006995.png,note16,8,-2,lg-591826463736177508-aug-gutenberg1939--page-4.png
006996.png,note16,8,6,lg-591826463736177508-aug-gutenberg1939--page-4.png
006997.png,note16,8,2,lg-591826463736177508-aug-gutenberg1939--page-4.png
006998.png,note16,8,2,lg-591826463736177508-aug-gutenberg1939--page-4.png
006999.png,note16,8,2,lg-591826463736177508-aug-gutenberg1939--page-4.png
007000.png,note16,8,-2,lg-591826463736177508-aug-gutenberg1939--page-4.png
007001.png,note4,8,7,lg-591826463736177508-aug-gutenberg1939--page-4.png
007002.png,note16,8,-2,lg-591826463736177508-aug-gutenberg1939--page-4.png
007003.png,note4,8,1,lg-450984127772237208-aug-gutenberg1939--page-3.png
007004.png,note8,8,-2,lg-450984127772237208-aug-gutenberg1939--page-3.png
007005.png,note4,8,-3,lg-450984127772237208-aug-gutenberg1939--page-3.png
007006.png,note8,4,3,lg-450984127772237208-aug-gutenberg1939--page-3.png
007007.png,note8,8,2,lg-450984127772237208-aug-gutenberg1939--page-3.png
007008.png,note8,8,2,lg-450984127772237208-aug-gutenberg1939--page-3.png
007009.png,note4,8,0,lg-450984127772237208-aug-gutenberg1939--page-3.png
007010.png,note4,8,-4,lg-450984127772237208-aug-gutenberg1939--page-3.png
007011.png,note4,8,-2,lg-450984127772237208-aug-gutenberg1939--page-3.png
007012.png,note4,8,-1,lg-450984127772237208-aug-gutenberg1939--page-3.png
007013.png,note8,8,-1,lg-450984127772237208-aug-gutenberg1939--page-3.png
007014.png,note4,8,4,lg-450984127772237208-aug-gutenberg1939--page-3.png
007015.png,note4,4,6,lg-450984127772237208-aug-gutenberg1939--page-3.png
007016.png,note8,16,5,lg-450984127772237208-aug-gutenberg1939--page-3.png
007017.png,note8,8,5,lg-450984127772237208-aug-gutenberg1939--page-3.png
007018.png,note4,8,4,lg-450984127772237208-aug-gutenberg1939--page-3.png
007019.png,note8,8,2,lg-450984127772237208-aug-gutenberg1939--page-3.png
007020.png,note4,8.,6,lg-450984127772237208-aug-gutenberg1939--page-3.png
007021.png,note4,4,0,lg-450984127772237208-aug-gutenberg1939--page-3.png
007022.png,note8,8,0,lg-450984127772237208-aug-gutenberg1939--page-3.png
007023.png,note8,4,1,lg-450984127772237208-aug-gutenberg1939--page-3.png
007024.png,note4,8,8,lg-450984127772237208-aug-gutenberg1939--page-3.png
007025.png,note8,8,7,lg-450984127772237208-aug-gutenberg1939--page-3.png
007026.png,note4,4,10,lg-450984127772237208-aug-gutenberg1939--page-3.png
007027.png,note4,16,9,lg-450984127772237208-aug-gutenberg1939--page-3.png
007028.png,note4,4.,-3,lg-450984127772237208-aug-gutenberg1939--page-3.png
007029.png,note8,4.,-1,lg-450984127772237208-aug-gutenberg1939--page-3.png
007030.png,note4,4.,1,lg-450984127772237208-aug-gutenberg1939--page-3.png
007031.png,note4,4.,1,lg-450984127772237208-aug-gutenberg1939--page-3.png
007032.png,note8,16,-4,lg-450984127772237208-aug-gutenberg1939--page-3.png
007033.png,note4,16,-3,lg-450984127772237208-aug-gutenberg1939--page-3.png
007034.png,note4,16,-5,lg-450984127772237208-aug-gutenberg1939--page-3.png
007035.png,note4,16,-1,lg-450984127772237208-aug-gutenberg1939--page-3.png
007036.png,note4,16,-2,lg-450984127772237208-aug-gutenberg1939--page-3.png
007037.png,note4,16,-6,lg-450984127772237208-aug-gutenberg1939--page-3.png
007038.png,note4,16,-7,lg-450984127772237208-aug-gutenberg1939--page-3.png
007039.png,note4,16,-1,lg-450984127772237208-aug-gutenberg1939--page-3.png
007040.png,note4,16,4,lg-450984127772237208-aug-gutenberg1939--page-3.png
007041.png,note4,16,5,lg-450984127772237208-aug-gutenberg1939--page-3.png
007042.png,note8,16,0,lg-450984127772237208-aug-gutenberg1939--page-3.png
007043.png,note8,16,3,lg-450984127772237208-aug-gutenberg1939--page-3.png
007044.png,note4,16,8,lg-450984127772237208-aug-gutenberg1939--page-3.png
007045.png,note4,16,7,lg-450984127772237208-aug-gutenberg1939--page-3.png
007046.png,note4,16,6,lg-450984127772237208-aug-gutenberg1939--page-3.png
007047.png,note4,16,1,lg-450984127772237208-aug-gutenberg1939--page-3.png
007048.png,note4,16,2,lg-450984127772237208-aug-gutenberg1939--page-3.png
007049.png,note4,4,0,lg-450984127772237208-aug-gutenberg1939--page-3.png
007050.png,note8,4,-5,lg-450984127772237208-aug-gutenberg1939--page-3.png
007051.png,note8,8,-4,lg-450984127772237208-aug-gutenberg1939--page-3.png
007052.png,note4,4,0,lg-450984127772237208-aug-gutenberg1939--page-3.png
007053.png,note4,4,-6,lg-450984127772237208-aug-gutenberg1939--page-3.png
007054.png,note8,8,-7,lg-450984127772237208-aug-gutenberg1939--page-3.png
007055.png,note16,8,-1,lg-450984127772237208-aug-gutenberg1939--page-3.png
007056.png,note8,4,-2,lg-450984127772237208-aug-gutenberg1939--page-3.png
007057.png,note8,8,-4,lg-450984127772237208-aug-gutenberg1939--page-3.png
007058.png,note8,8,2,lg-450984127772237208-aug-gutenberg1939--page-3.png
007059.png,note8,8,1,lg-450984127772237208-aug-gutenberg1939--page-3.png
007060.png,note4,4,0,lg-450984127772237208-aug-gutenberg1939--page-3.png
007061.png,note8,8,2,lg-450984127772237208-aug-gutenberg1939--page-3.png
007062.png,note4,4,3,lg-450984127772237208-aug-gutenberg1939--page-3.png
007063.png,note4,4.,-1,lg-450984127772237208-aug-gutenberg1939--page-3.png
007064.png,note2,2.,0,lg-450984127772237208-aug-gutenberg1939--page-3.png
007065.png,note8,4,-5,lg-450984127772237208-aug-gutenberg1939--page-3.png
007066.png,note4,4.,-4,lg-450984127772237208-aug-gutenberg1939--page-3.png
007067.png,note4,4.,3,lg-450984127772237208-aug-gutenberg1939--page-3.png
007068.png,note4,4,-3,lg-450984127772237208-aug-gutenberg1939--page-3.png
007069.png,note8,8,-2,lg-450984127772237208-aug-gutenberg1939--page-3.png
007070.png,note8,16,-3,lg-450984127772237208-aug-gutenberg1939--page-3.png
007071.png,note4,16,-5,lg-450984127772237208-aug-gutenberg1939--page-3.png
007072.png,note4,4,-3,lg-450984127772237208-aug-gutenberg1939--page-3.png
007073.png,note8,8,-1,lg-450984127772237208-aug-gutenberg1939--page-3.png
007074.png,note4,4,-4,lg-450984127772237208-aug-gutenberg1939--page-3.png
007075.png,note4,4,-5,lg-450984127772237208-aug-gutenberg1939--page-3.png
007076.png,note8,8,-2,lg-450984127772237208-aug-gutenberg1939--page-3.png
007077.png,note8,4,-4,lg-450984127772237208-aug-gutenberg1939--page-3.png
007078.png,note8,4,-3,lg-450984127772237208-aug-gutenberg1939--page-3.png
007079.png,note8,8,-5,lg-450984127772237208-aug-gutenberg1939--page-3.png
007080.png,note4,4,-2,lg-450984127772237208-aug-gutenberg1939--page-3.png
007081.png,note4,4,-6,lg-450984127772237208-aug-gutenberg1939--page-3.png
007082.png,note8,8,-1,lg-450984127772237208-aug-gutenberg1939--page-3.png
007083.png,note4,4,-3,lg-450984127772237208-aug-gutenberg1939--page-3.png
007084.png,note8,8,-4,lg-450984127772237208-aug-gutenberg1939--page-3.png
007085.png,note4,4,-1,lg-450984127772237208-aug-gutenberg1939--page-3.png
007086.png,note4,4,1,lg-450984127772237208-aug-gutenberg1939--page-3.png
007087.png,note8,8,-1,lg-450984127772237208-aug-gutenberg1939--page-3.png
007088.png,note4,4,-2,lg-450984127772237208-aug-gutenberg1939--page-3.png
007089.png,note4,4,2,lg-450984127772237208-aug-gutenberg1939--page-3.png
007090.png,note8,8,1,lg-450984127772237208-aug-gutenberg1939--page-3.png
007091.png,note8,4,0,lg-450984127772237208-aug-gutenberg1939--page-3.png
007092.png,note8,8,-2,lg-450984127772237208-aug-gutenberg1939--page-3.png
007093.png,note4,4,-1,lg-450984127772237208-aug-gutenberg1939--page-3.png
007094.png,note8,8,0,lg-450984127772237208-aug-gutenberg1939--page-3.png
007095.png,note8,8,1,lg-450984127772237208-aug-gutenberg1939--page-3.png
007096.png,note4,4,4,lg-566255830183312749-aug-gonville--page-1.png
007097.png,note8,4,4,lg-566255830183312749-aug-gonville--page-1.png
007098.png,note2,2,4,lg-566255830183312749-aug-gonville--page-1.png
007099.png,note2,2,6,lg-566255830183312749-aug-gonville--page-1.png
007100.png,note16,2,4,lg-566255830183312749-aug-gonville--page-1.png
007101.png,note16,2,2,lg-566255830183312749-aug-gonville--page-1.png
007102.png,note16,2,-1,lg-566255830183312749-aug-gonville--page-1.png
007103.png,note16,2,6,lg-566255830183312749-aug-gonville--page-1.png
007104.png,note2,2.,-5,lg-566255830183312749-aug-gonville--page-1.png
007105.png,note4,4,-3,lg-566255830183312749-aug-gonville--page-1.png
007106.png,note4,4,-3,lg-566255830183312749-aug-gonville--page-1.png
007107.png,note4,4.,-4,lg-566255830183312749-aug-gonville--page-1.png
007108.png,note4,4.,-5,lg-566255830183312749-aug-gonville--page-1.png
007109.png,note4,8,1,lg-566255830183312749-aug-gonville--page-1.png
007110.png,note8,16,0,lg-566255830183312749-aug-gonville--page-1.png
007111.png,note2,2,-5,lg-566255830183312749-aug-gonville--page-1.png
007112.png,note4,4*2/3,-1,lg-566255830183312749-aug-gonville--page-1.png
007113.png,note4,4*2/3,2,lg-566255830183312749-aug-gonville--page-1.png
007114.png,note8,16,0,lg-566255830183312749-aug-gonville--page-1.png
007115.png,note4,4*2/3,-2,lg-566255830183312749-aug-gonville--page-1.png
007116.png,note2,2.,5,lg-566255830183312749-aug-gonville--page-1.png
007117.png,note2,2.,7,lg-566255830183312749-aug-gonville--page-1.png
007118.png,note4,4,3,lg-566255830183312749-aug-gonville--page-1.png
007119.png,note4,4,5,lg-566255830183312749-aug-gonville--page-1.png
007120.png,note4,4,9,lg-566255830183312749-aug-gonville--page-1.png
007121.png,note2,2,0,lg-566255830183312749-aug-gonville--page-1.png
007122.png,note2,2,-1,lg-566255830183312749-aug-gonville--page-1.png
007123.png,note2,2,-5,lg-566255830183312749-aug-gonville--page-1.png
007124.png,note2,2,-3,lg-566255830183312749-aug-gonville--page-1.png
007125.png,note2,2,2,lg-566255830183312749-aug-gonville--page-1.png
007126.png,note2,2,-2,lg-566255830183312749-aug-gonville--page-1.png
007127.png,note2,2,4,lg-566255830183312749-aug-gonville--page-1.png
007128.png,note8,2,-5,lg-566255830183312749-aug-gonville--page-1.png
007129.png,note8,8,1,lg-566255830183312749-aug-gonville--page-1.png
007130.png,note8,8,-9,lg-566255830183312749-aug-gonville--page-1.png
007131.png,note8,2,-3,lg-566255830183312749-aug-gonville--page-1.png
007132.png,note8,2,-1,lg-566255830183312749-aug-gonville--page-1.png
007133.png,note8,8,-5,lg-566255830183312749-aug-gonville--page-1.png
007134.png,note4,4.,2,lg-566255830183312749-aug-gonville--page-1.png
007135.png,note4,8,-2,lg-566255830183312749-aug-gonville--page-1.png
007136.png,note4,4.,2,lg-566255830183312749-aug-gonville--page-1.png
007137.png,note4,4.,-2,lg-566255830183312749-aug-gonville--page-1.png
007138.png,note4,16,-2,lg-566255830183312749-aug-gonville--page-1.png
007139.png,note4,32,0,lg-566255830183312749-aug-gonville--page-1.png
007140.png,note4,32,2,lg-566255830183312749-aug-gonville--page-1.png
007141.png,note8,8,-1,lg-566255830183312749-aug-gonville--page-1.png
007142.png,note4,16,-1,lg-566255830183312749-aug-gonville--page-1.png
007143.png,note4,16,-4,lg-566255830183312749-aug-gonville--page-1.png
007144.png,note4,16,3,lg-566255830183312749-aug-gonville--page-1.png
007145.png,note4,16,-4,lg-566255830183312749-aug-gonville--page-1.png
007146.png,note8,16,3,lg-566255830183312749-aug-gonville--page-1.png
007147.png,note4,16,3,lg-566255830183312749-aug-gonville--page-1.png
007148.png,note4,16,3,lg-566255830183312749-aug-gonville--page-1.png
007149.png,note4,16,1,lg-566255830183312749-aug-gonville--page-1.png
007150.png,note4,16,-1,lg-566255830183312749-aug-gonville--page-1.png
007151.png,note4,16,6,lg-566255830183312749-aug-gonville--page-1.png
007152.png,note4,16,2,lg-566255830183312749-aug-gonville--page-1.png
007153.png,note4,16,6,lg-566255830183312749-aug-gonville--page-1.png
007154.png,note4,16,2,lg-566255830183312749-aug-gonville--page-1.png
007155.png,note4,16,3,lg-566255830183312749-aug-gonville--page-1.png
007156.png,note2,2,-5,lg-566255830183312749-aug-gonville--page-1.png
007157.png,note2,2,-1,lg-566255830183312749-aug-gonville--page-1.png
007158.png,note4,16,6,lg-566255830183312749-aug-gonville--page-1.png
007159.png,note4,16,-1,lg-566255830183312749-aug-gonville--page-1.png
007160.png,note4,16,6,lg-566255830183312749-aug-gonville--page-1.png
007161.png,note4,16,1,lg-566255830183312749-aug-gonville--page-1.png
007162.png,note4,16,1,lg-566255830183312749-aug-gonville--page-1.png
007163.png,note4,16,-6,lg-566255830183312749-aug-gonville--page-1.png
007164.png,note8,8,-2,lg-566255830183312749-aug-gonville--page-1.png
007165.png,note4,16,1,lg-566255830183312749-aug-gonville--page-1.png
007166.png,note4,16,4,lg-566255830183312749-aug-gonville--page-1.png
007167.png,note4,16,3,lg-566255830183312749-aug-gonville--page-1.png
007168.png,note4,16,0,lg-566255830183312749-aug-gonville--page-1.png
007169.png,note4,16,4,lg-566255830183312749-aug-gonville--page-1.png
007170.png,note8,16,5,lg-566255830183312749-aug-gonville--page-1.png
007171.png,note4,4.,-3,lg-566255830183312749-aug-gonville--page-1.png
007172.png,note8,4.,1,lg-566255830183312749-aug-gonville--page-1.png
007173.png,note4,16,3,lg-566255830183312749-aug-gonville--page-1.png
007174.png,note4,16,5,lg-566255830183312749-aug-gonville--page-1.png
007175.png,note4,16,2,lg-566255830183312749-aug-gonville--page-1.png
007176.png,note4,16,6,lg-566255830183312749-aug-gonville--page-1.png
007177.png,note4,8,9,lg-566255830183312749-aug-gonville--page-1.png
007178.png,note2,2,9,lg-566255830183312749-aug-gonville--page-1.png
007179.png,note4,8,6,lg-566255830183312749-aug-gonville--page-1.png
007180.png,note8,8,9,lg-566255830183312749-aug-gonville--page-1.png
007181.png,note4,4,2,lg-566255830183312749-aug-gonville--page-1.png
007182.png,note4,8,7,lg-566255830183312749-aug-gonville--page-1.png
007183.png,note4,8,6,lg-566255830183312749-aug-gonville--page-1.png
007184.png,note4,8,4,lg-566255830183312749-aug-gonville--page-1.png
007185.png,note4,8,2,lg-566255830183312749-aug-gonville--page-1.png
007186.png,note2,2,6,lg-566255830183312749-aug-gonville--page-1.png
007187.png,note2,2,2,lg-566255830183312749-aug-gonville--page-1.png
007188.png,note2,2,4,lg-566255830183312749-aug-gonville--page-1.png
007189.png,note4,4,7,lg-566255830183312749-aug-gonville--page-1.png
007190.png,note4,4,3,lg-566255830183312749-aug-gonville--page-1.png
007191.png,note4,4,5,lg-566255830183312749-aug-gonville--page-1.png
007192.png,note4,8,4,lg-566255830183312749-aug-gonville--page-1.png
007193.png,note4,8,3,lg-566255830183312749-aug-gonville--page-1.png
007194.png,note8,8,2,lg-566255830183312749-aug-gonville--page-1.png
007195.png,note4,4,6,lg-566255830183312749-aug-gonville--page-1.png
007196.png,note4,4,2,lg-566255830183312749-aug-gonville--page-1.png
007197.png,note8,32,-5,lg-566255830183312749-aug-gonville--page-1.png
007198.png,note4,32,-4,lg-566255830183312749-aug-gonville--page-1.png
007199.png,note4,16,-10,lg-566255830183312749-aug-gonville--page-1.png
007200.png,note4,4,-8,lg-566255830183312749-aug-gonville--page-1.png
007201.png,note4,16,-8,lg-566255830183312749-aug-gonville--page-1.png
007202.png,note4,16,-8,lg-566255830183312749-aug-gonville--page-1.png
007203.png,note4,16,-8,lg-566255830183312749-aug-gonville--page-1.png
007204.png,note4,16,-7,lg-566255830183312749-aug-gonville--page-1.png
007205.png,note4,4,-6,lg-566255830183312749-aug-gonville--page-1.png
007206.png,note4,16,-10,lg-566255830183312749-aug-gonville--page-1.png
007207.png,note4,16,-8,lg-566255830183312749-aug-gonville--page-1.png
007208.png,note4,4,-2,lg-566255830183312749-aug-gonville--page-1.png
007209.png,note4,8.,-9,lg-566255830183312749-aug-gonville--page-1.png
007210.png,note8,32,-8,lg-566255830183312749-aug-gonville--page-1.png
007211.png,note4,4,2,lg-566255830183312749-aug-gonville--page-1.png
007212.png,note4,32,-1,lg-566255830183312749-aug-gonville--page-1.png
007213.png,note4,32,-7,lg-566255830183312749-aug-gonville--page-1.png
007214.png,note4,32,-3,lg-566255830183312749-aug-gonville--page-1.png
007215.png,note4,32,-6,lg-566255830183312749-aug-gonville--page-1.png
007216.png,note4,32,-5,lg-566255830183312749-aug-gonville--page-1.png
007217.png,note4,16,3,lg-566255830183312749-aug-gonville--page-1.png
007218.png,note4,16,3,lg-566255830183312749-aug-gonville--page-1.png
007219.png,note4,16,0,lg-566255830183312749-aug-gonville--page-1.png
007220.png,note4,16,-4,lg-566255830183312749-aug-gonville--page-1.png
007221.png,note4,16,-1,lg-566255830183312749-aug-gonville--page-1.png
007222.png,note4,16,1,lg-566255830183312749-aug-gonville--page-1.png
007223.png,note4,16,2,lg-566255830183312749-aug-gonville--page-1.png
007224.png,note8,16,-4,lg-566255830183312749-aug-gonville--page-1.png
007225.png,note8,16,3,lg-566255830183312749-aug-gonville--page-1.png
007226.png,note4,16,3,lg-566255830183312749-aug-gonville--page-1.png
007227.png,note4,16,0,lg-566255830183312749-aug-gonville--page-1.png
007228.png,note4,16,0,lg-566255830183312749-aug-gonville--page-1.png
007229.png,note1,1,-5,lg-566255830183312749-aug-gonville--page-1.png
007230.png,note4,4,-8,lg-566255830183312749-aug-gonville--page-1.png
007231.png,note4,4,-4,lg-566255830183312749-aug-gonville--page-1.png
007232.png,note4,4,-8,lg-566255830183312749-aug-gonville--page-1.png
007233.png,note4,16,-3,lg-566255830183312749-aug-gonville--page-1.png
007234.png,note4,16,-2,lg-566255830183312749-aug-gonville--page-1.png
007235.png,note4,4,-3,lg-566255830183312749-aug-gonville--page-1.png
007236.png,note4,16,-4,lg-566255830183312749-aug-gonville--page-1.png
007237.png,note4,16,-3,lg-566255830183312749-aug-gonville--page-1.png
007238.png,note16,16,-4,lg-566255830183312749-aug-gonville--page-1.png
007239.png,note4,16,-8,lg-566255830183312749-aug-gonville--page-1.png
007240.png,note4,16,0,lg-566255830183312749-aug-gonville--page-1.png
007241.png,note8,16,-1,lg-566255830183312749-aug-gonville--page-1.png
007242.png,note4,16,-2,lg-566255830183312749-aug-gonville--page-1.png
007243.png,note4,16,-8,lg-566255830183312749-aug-gonville--page-1.png
007244.png,note4,16,-4,lg-566255830183312749-aug-gonville--page-1.png
007245.png,note4,16,-5,lg-566255830183312749-aug-gonville--page-1.png
007246.png,note4,8.,-4,lg-566255830183312749-aug-gonville--page-1.png
007247.png,note1,1,3,lg-566255830183312749-aug-gonville--page-1.png
007248.png,note4,16,2,lg-566255830183312749-aug-gonville--page-1.png
007249.png,note1,1,2,lg-566255830183312749-aug-gonville--page-1.png
007250.png,note1,1,7,lg-566255830183312749-aug-gonville--page-1.png
007251.png,note1,1,4,lg-566255830183312749-aug-gonville--page-1.png
007252.png,note8,16,1,lg-566255830183312749-aug-gonville--page-1.png
007253.png,note8,8,4,lg-566255830183312749-aug-gonville--page-1.png
007254.png,note4,16,-3,lg-566255830183312749-aug-gonville--page-1.png
007255.png,note4,16,-8,lg-566255830183312749-aug-gonville--page-1.png
007256.png,note4,16,-1,lg-566255830183312749-aug-gonville--page-1.png
007257.png,note4,16,2,lg-566255830183312749-aug-gonville--page-1.png
007258.png,note4,16,-4,lg-566255830183312749-aug-gonville--page-1.png
007259.png,note8,8,-4,lg-566255830183312749-aug-gonville--page-1.png
007260.png,note8,4.,1,lg-566255830183312749-aug-gonville--page-1.png
007261.png,note4,16,-7,lg-566255830183312749-aug-gonville--page-1.png
007262.png,note4,16,-6,lg-566255830183312749-aug-gonville--page-1.png
007263.png,note4,16,2,lg-566255830183312749-aug-gonville--page-1.png
007264.png,note8,8,0,lg-566255830183312749-aug-gonville--page-1.png
007265.png,note16,8.,3,lg-797649233286013760-aug-lilyjazz-.png
007266.png,note16,8.,3,lg-797649233286013760-aug-lilyjazz-.png
007267.png,note16,8.,-2,lg-797649233286013760-aug-lilyjazz-.png
007268.png,note16,8.,-2,lg-797649233286013760-aug-lilyjazz-.png
007269.png,note4,4.,4,lg-797649233286013760-aug-lilyjazz-.png
007270.png,note4,4.,4,lg-797649233286013760-aug-lilyjazz-.png
007271.png,note4,4.,3,lg-797649233286013760-aug-lilyjazz-.png
007272.png,note4,4.,2,lg-797649233286013760-aug-lilyjazz-.png
007273.png,note16,8,-2,lg-797649233286013760-aug-lilyjazz-.png
007274.png,note16,8,3,lg-797649233286013760-aug-lilyjazz-.png
007275.png,note16,8,3,lg-797649233286013760-aug-lilyjazz-.png
007276.png,note16,8,-2,lg-797649233286013760-aug-lilyjazz-.png
007277.png,note4,4.,5,lg-797649233286013760-aug-lilyjazz-.png
007278.png,note4,4.,3,lg-797649233286013760-aug-lilyjazz-.png
007279.png,note4,4.,5,lg-797649233286013760-aug-lilyjazz-.png
007280.png,note16,16,1,lg-797649233286013760-aug-lilyjazz-.png
007281.png,note16,16,5,lg-797649233286013760-aug-lilyjazz-.png
007282.png,note16,16,3,lg-797649233286013760-aug-lilyjazz-.png
007283.png,note16,16,5,lg-797649233286013760-aug-lilyjazz-.png
007284.png,note4,4.,1,lg-797649233286013760-aug-lilyjazz-.png
007285.png,note16,8,1,lg-797649233286013760-aug-lilyjazz-.png
007286.png,note16,8,3,lg-797649233286013760-aug-lilyjazz-.png
007287.png,note16,8,4,lg-797649233286013760-aug-lilyjazz-.png
007288.png,note16,8,2,lg-797649233286013760-aug-lilyjazz-.png
007289.png,note16,8.,-3,lg-797649233286013760-aug-lilyjazz-.png
007290.png,note16,8.,-3,lg-797649233286013760-aug-lilyjazz-.png
007291.png,note16,8.,2,lg-797649233286013760-aug-lilyjazz-.png
007292.png,note16,8.,2,lg-797649233286013760-aug-lilyjazz-.png
007293.png,note16,16,5,lg-797649233286013760-aug-lilyjazz-.png
007294.png,note16,16,-2,lg-797649233286013760-aug-lilyjazz-.png
007295.png,note16,16,4,lg-797649233286013760-aug-lilyjazz-.png
007296.png,note16,16,2,lg-797649233286013760-aug-lilyjazz-.png
007297.png,note16,8,2,lg-797649233286013760-aug-lilyjazz-.png
007298.png,note16,8,2,lg-797649233286013760-aug-lilyjazz-.png
007299.png,note16,8,-3,lg-797649233286013760-aug-lilyjazz-.png
007300.png,note16,8,-3,lg-797649233286013760-aug-lilyjazz-.png
007301.png,note16,8.,3,lg-797649233286013760-aug-lilyjazz-.png
007302.png,note16,8.,-1,lg-797649233286013760-aug-lilyjazz-.png
007303.png,note16,8.,2,lg-797649233286013760-aug-lilyjazz-.png
007304.png,note16,8.,2,lg-797649233286013760-aug-lilyjazz-.png
007305.png,note16,16,4,lg-797649233286013760-aug-lilyjazz-.png
007306.png,note16,16,3,lg-797649233286013760-aug-lilyjazz-.png
007307.png,note16,16,4,lg-797649233286013760-aug-lilyjazz-.png
007308.png,note8,16,2,lg-797649233286013760-aug-lilyjazz-.png
007309.png,note4,4.,4,lg-797649233286013760-aug-lilyjazz-.png
007310.png,note4,4.,2,lg-797649233286013760-aug-lilyjazz-.png
007311.png,note4,4.,5,lg-797649233286013760-aug-lilyjazz-.png
007312.png,note4,4.,-2,lg-797649233286013760-aug-lilyjazz-.png
007313.png,note16,8,-2,lg-797649233286013760-aug-lilyjazz-.png
007314.png,note16,8,2,lg-797649233286013760-aug-lilyjazz-.png
007315.png,note16,8,0,lg-797649233286013760-aug-lilyjazz-.png
007316.png,note16,8,3,lg-797649233286013760-aug-lilyjazz-.png
007317.png,note16,16,1,lg-797649233286013760-aug-lilyjazz-.png
007318.png,note16,16,5,lg-797649233286013760-aug-lilyjazz-.png
007319.png,note16,16,3,lg-797649233286013760-aug-lilyjazz-.png
007320.png,note16,16,5,lg-797649233286013760-aug-lilyjazz-.png
007321.png,note16,8,5,lg-797649233286013760-aug-lilyjazz-.png
007322.png,note16,8,5,lg-797649233286013760-aug-lilyjazz-.png
007323.png,note16,8,3,lg-797649233286013760-aug-lilyjazz-.png
007324.png,note16,8,5,lg-797649233286013760-aug-lilyjazz-.png
007325.png,note16,8,1,lg-797649233286013760-aug-lilyjazz-.png
007326.png,note16,8.,-2,lg-797649233286013760-aug-lilyjazz-.png
007327.png,note16,8,-2,lg-797649233286013760-aug-lilyjazz-.png
007328.png,note16,8.,3,lg-797649233286013760-aug-lilyjazz-.png
007329.png,note16,8,-1,lg-797649233286013760-aug-lilyjazz-.png
007330.png,note16,8,-3,lg-797649233286013760-aug-lilyjazz-.png
007331.png,note16,8,2,lg-797649233286013760-aug-lilyjazz-.png
007332.png,note16,8,1,lg-797649233286013760-aug-lilyjazz-.png
007333.png,note16,8,6,lg-797649233286013760-aug-lilyjazz-.png
007334.png,note16,8,4,lg-797649233286013760-aug-lilyjazz-.png
007335.png,note4,4.,4,lg-797649233286013760-aug-lilyjazz-.png
007336.png,note16,4.,2,lg-797649233286013760-aug-lilyjazz-.png
007337.png,note4,4.,5,lg-797649233286013760-aug-lilyjazz-.png
007338.png,note16,4.,-2,lg-797649233286013760-aug-lilyjazz-.png
007339.png,note16,8,-3,lg-797649233286013760-aug-lilyjazz-.png
007340.png,note16,8,2,lg-797649233286013760-aug-lilyjazz-.png
007341.png,note16,8,2,lg-797649233286013760-aug-lilyjazz-.png
007342.png,note16,8,-3,lg-797649233286013760-aug-lilyjazz-.png
007343.png,note16,16,-2,lg-797649233286013760-aug-lilyjazz-.png
007344.png,note16,8.,2,lg-797649233286013760-aug-lilyjazz-.png
007345.png,note16,8.,0,lg-797649233286013760-aug-lilyjazz-.png
007346.png,note16,8.,2,lg-797649233286013760-aug-lilyjazz-.png
007347.png,note16,8.,-2,lg-797649233286013760-aug-lilyjazz-.png
007348.png,note16,16,4,lg-797649233286013760-aug-lilyjazz-.png
007349.png,note16,16,2,lg-797649233286013760-aug-lilyjazz-.png
007350.png,note16,16,5,lg-797649233286013760-aug-lilyjazz-.png
007351.png,note4,4.,4,lg-797649233286013760-aug-lilyjazz-.png
007352.png,note4,4.,2,lg-797649233286013760-aug-lilyjazz-.png
007353.png,note16,16,4,lg-797649233286013760-aug-lilyjazz-.png
007354.png,note16,16,2,lg-797649233286013760-aug-lilyjazz-.png
007355.png,note16,16,5,lg-797649233286013760-aug-lilyjazz-.png
007356.png,note16,16,-2,lg-797649233286013760-aug-lilyjazz-.png
007357.png,note16,8,0,lg-797649233286013760-aug-lilyjazz-.png
007358.png,note4,4.,5,lg-797649233286013760-aug-lilyjazz-.png
007359.png,note4,4.,-2,lg-797649233286013760-aug-lilyjazz-.png
007360.png,note16,8.,2,lg-797649233286013760-aug-lilyjazz-.png
007361.png,note16,8.,2,lg-797649233286013760-aug-lilyjazz-.png
007362.png,note16,8.,-3,lg-797649233286013760-aug-lilyjazz-.png
007363.png,note16,8.,-3,lg-797649233286013760-aug-lilyjazz-.png
007364.png,note4,4,1,lg-797649233286013760-aug-lilyjazz-.png
007365.png,note16,4,5,lg-797649233286013760-aug-lilyjazz-.png
007366.png,note4,4,3,lg-797649233286013760-aug-lilyjazz-.png
007367.png,note16,4,5,lg-797649233286013760-aug-lilyjazz-.png
007368.png,note16,4,-5,lg-797649233286013760-aug-lilyjazz-.png
007369.png,note4,4,2,lg-797649233286013760-aug-lilyjazz-.png
007370.png,note16,4,-1,lg-797649233286013760-aug-lilyjazz-.png
007371.png,note4,4,3,lg-797649233286013760-aug-lilyjazz-.png
007372.png,note16,4,4,lg-797649233286013760-aug-lilyjazz-.png
007373.png,note16,4,6,lg-797649233286013760-aug-lilyjazz-.png
007374.png,note16,4,2,lg-797649233286013760-aug-lilyjazz-.png
007375.png,note16,4,6,lg-797649233286013760-aug-lilyjazz-.png
007376.png,note2,2,-2,lg-797649233286013760-aug-lilyjazz-.png
007377.png,note2,2,2,lg-797649233286013760-aug-lilyjazz-.png
007378.png,note2,2,0,lg-797649233286013760-aug-lilyjazz-.png
007379.png,note2,2,2,lg-797649233286013760-aug-lilyjazz-.png
007380.png,note16,16,5,lg-797649233286013760-aug-lilyjazz-.png
007381.png,note16,16,3,lg-797649233286013760-aug-lilyjazz-.png
007382.png,note16,16,5,lg-797649233286013760-aug-lilyjazz-.png
007383.png,note16,4,4,lg-797649233286013760-aug-lilyjazz-.png
007384.png,note16,16,1,lg-797649233286013760-aug-lilyjazz-.png
007385.png,note16,8.,6,lg-797649233286013760-aug-lilyjazz-.png
007386.png,note16,8.,2,lg-797649233286013760-aug-lilyjazz-.png
007387.png,note16,8.,4,lg-797649233286013760-aug-lilyjazz-.png
007388.png,note16,8.,6,lg-797649233286013760-aug-lilyjazz-.png
007389.png,note16,2,-2,lg-797649233286013760-aug-lilyjazz-.png
007390.png,note16,2,2,lg-797649233286013760-aug-lilyjazz-.png
007391.png,note16,2,0,lg-797649233286013760-aug-lilyjazz-.png
007392.png,note16,2,2,lg-797649233286013760-aug-lilyjazz-.png
007393.png,note16,4,2,lg-797649233286013760-aug-lilyjazz-.png
007394.png,note16,4,4,lg-797649233286013760-aug-lilyjazz-.png
007395.png,note16,4,2,lg-797649233286013760-aug-lilyjazz-.png
007396.png,note1,4,-5,lg-797649233286013760-aug-lilyjazz-.png
007397.png,note4,4,2,lg-797649233286013760-aug-lilyjazz-.png
007398.png,note4,4,-1,lg-797649233286013760-aug-lilyjazz-.png
007399.png,note4,4,3,lg-797649233286013760-aug-lilyjazz-.png
007400.png,note4,4,1,lg-288127953275479655-aug-emmentaler--page-3.png
007401.png,note8,4,-2,lg-288127953275479655-aug-emmentaler--page-3.png
007402.png,note8,8,2,lg-288127953275479655-aug-emmentaler--page-3.png
007403.png,note8,4,5,lg-288127953275479655-aug-emmentaler--page-3.png
007404.png,note4,4,2,lg-288127953275479655-aug-emmentaler--page-3.png
007405.png,note4,8,-1,lg-288127953275479655-aug-emmentaler--page-3.png
007406.png,note8,4,1,lg-288127953275479655-aug-emmentaler--page-3.png
007407.png,note8,4,9,lg-288127953275479655-aug-emmentaler--page-3.png
007408.png,note8,4,5,lg-288127953275479655-aug-emmentaler--page-3.png
007409.png,note4,4,-5,lg-288127953275479655-aug-emmentaler--page-3.png
007410.png,note8,8,1,lg-288127953275479655-aug-emmentaler--page-3.png
007411.png,note16,8,1,lg-288127953275479655-aug-emmentaler--page-3.png
007412.png,note16,8,3,lg-288127953275479655-aug-emmentaler--page-3.png
007413.png,note16,8,-5,lg-288127953275479655-aug-emmentaler--page-3.png
007414.png,note4,8,-1,lg-288127953275479655-aug-emmentaler--page-3.png
007415.png,note4,8,-5,lg-288127953275479655-aug-emmentaler--page-3.png
007416.png,note16,8,1,lg-288127953275479655-aug-emmentaler--page-3.png
007417.png,note16,4,4,lg-288127953275479655-aug-emmentaler--page-3.png
007418.png,note16,8,-1,lg-288127953275479655-aug-emmentaler--page-3.png
007419.png,note8,8,7,lg-288127953275479655-aug-emmentaler--page-3.png
007420.png,note4,8,-1,lg-288127953275479655-aug-emmentaler--page-3.png
007421.png,note4,4,7,lg-288127953275479655-aug-emmentaler--page-3.png
007422.png,note8,8,2,lg-288127953275479655-aug-emmentaler--page-3.png
007423.png,note8,8,8,lg-288127953275479655-aug-emmentaler--page-3.png
007424.png,note2,2,-2,lg-288127953275479655-aug-emmentaler--page-3.png
007425.png,note4,4.,8,lg-288127953275479655-aug-emmentaler--page-3.png
007426.png,note2,2,4,lg-288127953275479655-aug-emmentaler--page-3.png
007427.png,note16,4,9,lg-288127953275479655-aug-emmentaler--page-3.png
007428.png,note4,4,-4,lg-288127953275479655-aug-emmentaler--page-3.png
007429.png,note4,4,2,lg-288127953275479655-aug-emmentaler--page-3.png
007430.png,note4,4,-8,lg-288127953275479655-aug-emmentaler--page-3.png
007431.png,note4,4,-5,lg-288127953275479655-aug-emmentaler--page-3.png
007432.png,note8,2,-4,lg-288127953275479655-aug-emmentaler--page-3.png
007433.png,note8,4.,10,lg-288127953275479655-aug-emmentaler--page-3.png
007434.png,note8,2,2,lg-288127953275479655-aug-emmentaler--page-3.png
007435.png,note4,4,9,lg-288127953275479655-aug-emmentaler--page-3.png
007436.png,note8,4,-8,lg-288127953275479655-aug-emmentaler--page-3.png
007437.png,note8,4,-5,lg-288127953275479655-aug-emmentaler--page-3.png
007438.png,note8,8,-7,lg-288127953275479655-aug-emmentaler--page-3.png
007439.png,note4,8,7,lg-288127953275479655-aug-emmentaler--page-3.png
007440.png,note4,4.,6,lg-288127953275479655-aug-emmentaler--page-3.png
007441.png,note4,4,-9,lg-288127953275479655-aug-emmentaler--page-3.png
007442.png,note16,4,-9,lg-288127953275479655-aug-emmentaler--page-3.png
007443.png,note4,8,6,lg-288127953275479655-aug-emmentaler--page-3.png
007444.png,note8,8,-8,lg-288127953275479655-aug-emmentaler--page-3.png
007445.png,note16,4,5,lg-288127953275479655-aug-emmentaler--page-3.png
007446.png,note4,4,-8,lg-288127953275479655-aug-emmentaler--page-3.png
007447.png,note4,4.,7,lg-288127953275479655-aug-emmentaler--page-3.png
007448.png,note8,4,-8,lg-288127953275479655-aug-emmentaler--page-3.png
007449.png,note4,16,4,lg-288127953275479655-aug-emmentaler--page-3.png
007450.png,note4,16,7,lg-288127953275479655-aug-emmentaler--page-3.png
007451.png,note4,8,-6,lg-288127953275479655-aug-emmentaler--page-3.png
007452.png,note8,8,8,lg-288127953275479655-aug-emmentaler--page-3.png
007453.png,note4,8,3,lg-288127953275479655-aug-emmentaler--page-3.png
007454.png,note4,4,-3,lg-288127953275479655-aug-emmentaler--page-3.png
007455.png,note8,4,1,lg-288127953275479655-aug-emmentaler--page-3.png
007456.png,note8,8,4,lg-288127953275479655-aug-emmentaler--page-3.png
007457.png,note8,4,2,lg-288127953275479655-aug-emmentaler--page-3.png
007458.png,note16,4,-3,lg-288127953275479655-aug-emmentaler--page-3.png
007459.png,note8,8,2,lg-288127953275479655-aug-emmentaler--page-3.png
007460.png,note8,8,2,lg-288127953275479655-aug-emmentaler--page-3.png
007461.png,note8,4,-2,lg-288127953275479655-aug-emmentaler--page-3.png
007462.png,note4,8,4,lg-288127953275479655-aug-emmentaler--page-3.png
007463.png,note8,8,2,lg-288127953275479655-aug-emmentaler--page-3.png
007464.png,note8,8,2,lg-288127953275479655-aug-emmentaler--page-3.png
007465.png,note8,4,-3,lg-288127953275479655-aug-emmentaler--page-3.png
007466.png,note8,8,1,lg-288127953275479655-aug-emmentaler--page-3.png
007467.png,note8,4,-2,lg-288127953275479655-aug-emmentaler--page-3.png
007468.png,note4,8,6,lg-288127953275479655-aug-emmentaler--page-3.png
007469.png,note4,8,7,lg-288127953275479655-aug-emmentaler--page-3.png
007470.png,note4,8,2,lg-288127953275479655-aug-emmentaler--page-3.png
007471.png,note4,8,-6,lg-288127953275479655-aug-emmentaler--page-3.png
007472.png,note16,8,6,lg-288127953275479655-aug-emmentaler--page-3.png
007473.png,note16,8,3,lg-288127953275479655-aug-emmentaler--page-3.png
007474.png,note4,8,7,lg-288127953275479655-aug-emmentaler--page-3.png
007475.png,note4,8,1,lg-288127953275479655-aug-emmentaler--page-3.png
007476.png,note16,8,-6,lg-288127953275479655-aug-emmentaler--page-3.png
007477.png,note8,4,-1,lg-288127953275479655-aug-emmentaler--page-3.png
007478.png,note8,8,7,lg-288127953275479655-aug-emmentaler--page-3.png
007479.png,note8,8,7,lg-288127953275479655-aug-emmentaler--page-3.png
007480.png,note8,8,0,lg-288127953275479655-aug-emmentaler--page-3.png
007481.png,note16,8,1,lg-288127953275479655-aug-emmentaler--page-3.png
007482.png,note16,8,-1,lg-288127953275479655-aug-emmentaler--page-3.png
007483.png,note4,8,2,lg-288127953275479655-aug-emmentaler--page-3.png
007484.png,note4,8,0,lg-288127953275479655-aug-emmentaler--page-3.png
007485.png,note4,4,-6,lg-288127953275479655-aug-emmentaler--page-3.png
007486.png,note8,8,1,lg-288127953275479655-aug-emmentaler--page-3.png
007487.png,note16,8,-1,lg-288127953275479655-aug-emmentaler--page-3.png
007488.png,note4,8,1,lg-288127953275479655-aug-emmentaler--page-3.png
007489.png,note4,8,3,lg-288127953275479655-aug-emmentaler--page-3.png
007490.png,note8,8,2,lg-288127953275479655-aug-emmentaler--page-3.png
007491.png,note8,8,1,lg-288127953275479655-aug-emmentaler--page-3.png
007492.png,note4,8,2,lg-288127953275479655-aug-emmentaler--page-3.png
007493.png,note4,8,2,lg-288127953275479655-aug-emmentaler--page-3.png
007494.png,note4,4,-6,lg-288127953275479655-aug-emmentaler--page-3.png
007495.png,note8,8,2,lg-288127953275479655-aug-emmentaler--page-3.png
007496.png,note8,8,3,lg-288127953275479655-aug-emmentaler--page-3.png
007497.png,note8,4,-2,lg-288127953275479655-aug-emmentaler--page-3.png
007498.png,note4,4,-1,lg-288127953275479655-aug-emmentaler--page-3.png
007499.png,note4,8,7,lg-288127953275479655-aug-emmentaler--page-3.png
007500.png,note4,8,-2,lg-288127953275479655-aug-emmentaler--page-3.png
007501.png,note4,4,6,lg-288127953275479655-aug-emmentaler--page-3.png
007502.png,note8,8,1,lg-288127953275479655-aug-emmentaler--page-3.png
007503.png,note8,4,3,lg-288127953275479655-aug-emmentaler--page-3.png
007504.png,note8,8,2,lg-288127953275479655-aug-emmentaler--page-3.png
007505.png,note8,8,2,lg-288127953275479655-aug-emmentaler--page-3.png
007506.png,note16,8,1,lg-288127953275479655-aug-emmentaler--page-3.png
007507.png,note16,8,2,lg-288127953275479655-aug-emmentaler--page-3.png
007508.png,note16,8,-6,lg-288127953275479655-aug-emmentaler--page-3.png
007509.png,note4,8,-2,lg-288127953275479655-aug-emmentaler--page-3.png
007510.png,note4,8,-6,lg-288127953275479655-aug-emmentaler--page-3.png
007511.png,note4,8,-2,lg-288127953275479655-aug-emmentaler--page-3.png
007512.png,note8,4,4,lg-288127953275479655-aug-emmentaler--page-3.png
007513.png,note8,4,-3,lg-288127953275479655-aug-emmentaler--page-3.png
007514.png,note8,8,-2,lg-288127953275479655-aug-emmentaler--page-3.png
007515.png,note8,8,6,lg-288127953275479655-aug-emmentaler--page-3.png
007516.png,note4,8,6,lg-288127953275479655-aug-emmentaler--page-3.png
007517.png,note4,8,3,lg-288127953275479655-aug-emmentaler--page-3.png
007518.png,note1,1,8,lg-288127953275479655-aug-emmentaler--page-3.png
007519.png,note8,4,-3,lg-288127953275479655-aug-emmentaler--page-3.png
007520.png,note4,8*2/3,-4,lg-288127953275479655-aug-emmentaler--page-3.png
007521.png,note8,8*2/3,4,lg-288127953275479655-aug-emmentaler--page-3.png
007522.png,note8,8,1,lg-288127953275479655-aug-emmentaler--page-3.png
007523.png,note16,8,-1,lg-288127953275479655-aug-emmentaler--page-3.png
007524.png,note4,8,7,lg-288127953275479655-aug-emmentaler--page-3.png
007525.png,note8,8,1,lg-288127953275479655-aug-emmentaler--page-3.png
007526.png,note8,8,7,lg-288127953275479655-aug-emmentaler--page-3.png
007527.png,note4,8,7,lg-288127953275479655-aug-emmentaler--page-3.png
007528.png,note4,8,2,lg-288127953275479655-aug-emmentaler--page-3.png
007529.png,note4,8,7,lg-288127953275479655-aug-emmentaler--page-3.png
007530.png,note4,8,0,lg-288127953275479655-aug-emmentaler--page-3.png
007531.png,note16,8*2/3,-3,lg-288127953275479655-aug-emmentaler--page-3.png
007532.png,note4,8*2/3,5,lg-288127953275479655-aug-emmentaler--page-3.png
007533.png,note4,8*2/3,-2,lg-288127953275479655-aug-emmentaler--page-3.png
007534.png,note16,8*2/3,6,lg-288127953275479655-aug-emmentaler--page-3.png
007535.png,note8,8*2/3,-4,lg-288127953275479655-aug-emmentaler--page-3.png
007536.png,note16,8*2/3,4,lg-288127953275479655-aug-emmentaler--page-3.png
007537.png,note8,4,-3,lg-288127953275479655-aug-emmentaler--page-3.png
007538.png,note4,8*2/3,-3,lg-288127953275479655-aug-emmentaler--page-3.png
007539.png,note4,8*2/3,5,lg-288127953275479655-aug-emmentaler--page-3.png
007540.png,note16,8*2/3,-2,lg-288127953275479655-aug-emmentaler--page-3.png
007541.png,note16,8*2/3,6,lg-288127953275479655-aug-emmentaler--page-3.png
007542.png,note4,8*2/3,-4,lg-288127953275479655-aug-emmentaler--page-3.png
007543.png,note4,8*2/3,4,lg-288127953275479655-aug-emmentaler--page-3.png
007544.png,note4,4,-3,lg-288127953275479655-aug-emmentaler--page-3.png
007545.png,note8,8*2/3,-3,lg-288127953275479655-aug-emmentaler--page-3.png
007546.png,note4,8*2/3,5,lg-288127953275479655-aug-emmentaler--page-3.png
007547.png,note4,8*2/3,-2,lg-288127953275479655-aug-emmentaler--page-3.png
007548.png,note4,8*2/3,6,lg-288127953275479655-aug-emmentaler--page-3.png
007549.png,note8,8*2/3,1,lg-288127953275479655-aug-emmentaler--page-3.png
007550.png,note8,8*2/3,7,lg-288127953275479655-aug-emmentaler--page-3.png
007551.png,note4,4,-7,lg-288127953275479655-aug-emmentaler--page-3.png
007552.png,note8,8*2/3,8,lg-288127953275479655-aug-emmentaler--page-3.png
007553.png,note4,8*2/3,3,lg-288127953275479655-aug-emmentaler--page-3.png
007554.png,note4,8*2/3,9,lg-288127953275479655-aug-emmentaler--page-3.png
007555.png,note4,8*2/3,3,lg-288127953275479655-aug-emmentaler--page-3.png
007556.png,note4,8*2/3,9,lg-288127953275479655-aug-emmentaler--page-3.png
007557.png,note16,8,4,lg-288127953275479655-aug-emmentaler--page-3.png
007558.png,note16,8,10,lg-288127953275479655-aug-emmentaler--page-3.png
007559.png,note4,8*2/3,2,lg-288127953275479655-aug-emmentaler--page-3.png
007560.png,note8,8*2/3,2,lg-288127953275479655-aug-emmentaler--page-3.png
007561.png,note4,8*2/3,8,lg-288127953275479655-aug-emmentaler--page-3.png
007562.png,note8,2.,4,lg-288127953275479655-aug-emmentaler--page-3.png
007563.png,note8,2,2,lg-288127953275479655-aug-emmentaler--page-3.png
007564.png,note8,4,-3,lg-288127953275479655-aug-emmentaler--page-3.png
007565.png,note4,8*2/3,1,lg-288127953275479655-aug-emmentaler--page-3.png
007566.png,note4,8*2/3,7,lg-288127953275479655-aug-emmentaler--page-3.png
007567.png,note8,4,-7,lg-288127953275479655-aug-emmentaler--page-3.png
007568.png,note4,8,1,lg-288127953275479655-aug-emmentaler--page-3.png
007569.png,note4,8,1,lg-288127953275479655-aug-emmentaler--page-3.png
007570.png,note8,4,8,lg-288127953275479655-aug-emmentaler--page-3.png
007571.png,note16,4,-6,lg-288127953275479655-aug-emmentaler--page-3.png
007572.png,note8,8,2,lg-288127953275479655-aug-emmentaler--page-3.png
007573.png,note8,8,2,lg-288127953275479655-aug-emmentaler--page-3.png
007574.png,note4,4,1,lg-288127953275479655-aug-emmentaler--page-3.png
007575.png,note4,8,2,lg-877777775968732096-aug-gonville--page-1.png
007576.png,note4,16,7,lg-877777775968732096-aug-gonville--page-1.png
007577.png,note4,8,-4,lg-877777775968732096-aug-gonville--page-1.png
007578.png,note4,8,-1,lg-877777775968732096-aug-gonville--page-1.png
007579.png,note4,8,-1,lg-877777775968732096-aug-gonville--page-1.png
007580.png,note4,8,2,lg-877777775968732096-aug-gonville--page-1.png
007581.png,note4,8,-4,lg-877777775968732096-aug-gonville--page-1.png
007582.png,note4,8,-1,lg-877777775968732096-aug-gonville--page-1.png
007583.png,note4,8,2,lg-877777775968732096-aug-gonville--page-1.png
007584.png,note4,16,7,lg-877777775968732096-aug-gonville--page-1.png
007585.png,note4,4,-13,lg-877777775968732096-aug-gonville--page-1.png
007586.png,note4,8,-4,lg-877777775968732096-aug-gonville--page-1.png
007587.png,note4,16,2,lg-877777775968732096-aug-gonville--page-1.png
007588.png,note4,16,2,lg-877777775968732096-aug-gonville--page-1.png
007589.png,note4,16,5,lg-877777775968732096-aug-gonville--page-1.png
007590.png,note4,8,2,lg-877777775968732096-aug-gonville--page-1.png
007591.png,note4,16,2,lg-877777775968732096-aug-gonville--page-1.png
007592.png,note4,4,-9,lg-877777775968732096-aug-gonville--page-1.png
007593.png,note4,16,5,lg-877777775968732096-aug-gonville--page-1.png
007594.png,note4,16,7,lg-877777775968732096-aug-gonville--page-1.png
007595.png,note4,8,-4,lg-877777775968732096-aug-gonville--page-1.png
007596.png,note4,8,-1,lg-877777775968732096-aug-gonville--page-1.png
007597.png,note4,16,-1,lg-877777775968732096-aug-gonville--page-1.png
007598.png,note4,16,2,lg-877777775968732096-aug-gonville--page-1.png
007599.png,note4,16,-4,lg-877777775968732096-aug-gonville--page-1.png
007600.png,note4,16,5,lg-877777775968732096-aug-gonville--page-1.png
007601.png,note4,16,-4,lg-877777775968732096-aug-gonville--page-1.png
007602.png,note4,16,-1,lg-877777775968732096-aug-gonville--page-1.png
007603.png,note4,16,2,lg-877777775968732096-aug-gonville--page-1.png
007604.png,note4,4,-6,lg-877777775968732096-aug-gonville--page-1.png
007605.png,note4,16,5,lg-877777775968732096-aug-gonville--page-1.png
007606.png,note4,8,-4,lg-877777775968732096-aug-gonville--page-1.png
007607.png,note4,8,-1,lg-877777775968732096-aug-gonville--page-1.png
007608.png,note4,8,2,lg-877777775968732096-aug-gonville--page-1.png
007609.png,note4,16,7,lg-877777775968732096-aug-gonville--page-1.png
007610.png,note4,16,2,lg-877777775968732096-aug-gonville--page-1.png
007611.png,note4,8,7,lg-877777775968732096-aug-gonville--page-1.png
007612.png,note4,8,2,lg-877777775968732096-aug-gonville--page-1.png
007613.png,note4,16,2,lg-877777775968732096-aug-gonville--page-1.png
007614.png,note4,4,-5,lg-877777775968732096-aug-gonville--page-1.png
007615.png,note4,16,5,lg-877777775968732096-aug-gonville--page-1.png
007616.png,note4,8,-2,lg-877777775968732096-aug-gonville--page-1.png
007617.png,note4,8,0,lg-877777775968732096-aug-gonville--page-1.png
007618.png,note4,16,7,lg-877777775968732096-aug-gonville--page-1.png
007619.png,note4,4,-9,lg-877777775968732096-aug-gonville--page-1.png
007620.png,note4,16,5,lg-877777775968732096-aug-gonville--page-1.png
007621.png,note4,16,7,lg-877777775968732096-aug-gonville--page-1.png
007622.png,note4,16,-4,lg-877777775968732096-aug-gonville--page-1.png
007623.png,note4,16,-1,lg-877777775968732096-aug-gonville--page-1.png
007624.png,note4,16,2,lg-877777775968732096-aug-gonville--page-1.png
007625.png,note4,16,5,lg-877777775968732096-aug-gonville--page-1.png
007626.png,note4,8,2,lg-877777775968732096-aug-gonville--page-1.png
007627.png,note4,8,0,lg-877777775968732096-aug-gonville--page-1.png
007628.png,note4,16,7,lg-877777775968732096-aug-gonville--page-1.png
007629.png,note4,8,-2,lg-877777775968732096-aug-gonville--page-1.png
007630.png,note4,8,0,lg-877777775968732096-aug-gonville--page-1.png
007631.png,note4,8,2,lg-877777775968732096-aug-gonville--page-1.png
007632.png,note4,16,2,lg-877777775968732096-aug-gonville--page-1.png
007633.png,note4,8,-2,lg-877777775968732096-aug-gonville--page-1.png
007634.png,note4,16,7,lg-877777775968732096-aug-gonville--page-1.png
007635.png,note4,8,-2,lg-877777775968732096-aug-gonville--page-1.png
007636.png,note4,8,0,lg-877777775968732096-aug-gonville--page-1.png
007637.png,note4,8,2,lg-877777775968732096-aug-gonville--page-1.png
007638.png,note8,16,2,lg-877777775968732096-aug-gonville--page-1.png
007639.png,note8,4,-5,lg-877777775968732096-aug-gonville--page-1.png
007640.png,note4,16,2,lg-877777775968732096-aug-gonville--page-1.png
007641.png,note4,8,-2,lg-877777775968732096-aug-gonville--page-1.png
007642.png,note4,8,0,lg-877777775968732096-aug-gonville--page-1.png
007643.png,note4,8,2,lg-877777775968732096-aug-gonville--page-1.png
007644.png,note4,16,5,lg-877777775968732096-aug-gonville--page-1.png
007645.png,note8,16,2,lg-877777775968732096-aug-gonville--page-1.png
007646.png,note8,16,-2,lg-877777775968732096-aug-gonville--page-1.png
007647.png,note8,16,0,lg-877777775968732096-aug-gonville--page-1.png
007648.png,note8,16,2,lg-877777775968732096-aug-gonville--page-1.png
007649.png,note4,8,2,lg-877777775968732096-aug-gonville--page-1.png
007650.png,note4,16,5,lg-877777775968732096-aug-gonville--page-1.png
007651.png,note4,16,-2,lg-877777775968732096-aug-gonville--page-1.png
007652.png,note4,16,0,lg-877777775968732096-aug-gonville--page-1.png
007653.png,note4,16,2,lg-877777775968732096-aug-gonville--page-1.png
007654.png,note4,4,-9,lg-877777775968732096-aug-gonville--page-1.png
007655.png,note4,16,5,lg-877777775968732096-aug-gonville--page-1.png
007656.png,note4,8,-2,lg-877777775968732096-aug-gonville--page-1.png
007657.png,note4,8,0,lg-877777775968732096-aug-gonville--page-1.png
007658.png,note4,8,2,lg-877777775968732096-aug-gonville--page-1.png
007659.png,note4,16,7,lg-877777775968732096-aug-gonville--page-1.png
007660.png,note4,16,7,lg-877777775968732096-aug-gonville--page-1.png
007661.png,note4,16,7,lg-877777775968732096-aug-gonville--page-1.png
007662.png,note4,16,7,lg-877777775968732096-aug-gonville--page-1.png
007663.png,note4,16,7,lg-877777775968732096-aug-gonville--page-1.png
007664.png,note4,4,-9,lg-877777775968732096-aug-gonville--page-1.png
007665.png,note4,16,5,lg-877777775968732096-aug-gonville--page-1.png
007666.png,note4,8,-12,lg-877777775968732096-aug-gonville--page-1.png
007667.png,note4,16,7,lg-877777775968732096-aug-gonville--page-1.png
007668.png,note4,16,2,lg-877777775968732096-aug-gonville--page-1.png
007669.png,note4,8,0,lg-877777775968732096-aug-gonville--page-1.png
007670.png,note4,8,2,lg-877777775968732096-aug-gonville--page-1.png
007671.png,note4,16,2,lg-877777775968732096-aug-gonville--page-1.png
007672.png,note4,8,-4,lg-877777775968732096-aug-gonville--page-1.png
007673.png,note4,8,-1,lg-877777775968732096-aug-gonville--page-1.png
007674.png,note4,16,7,lg-877777775968732096-aug-gonville--page-1.png
007675.png,note4,4,-13,lg-877777775968732096-aug-gonville--page-1.png
007676.png,note4,8,-2,lg-877777775968732096-aug-gonville--page-1.png
007677.png,note4,8,-2,lg-877777775968732096-aug-gonville--page-1.png
007678.png,note4,16,7,lg-877777775968732096-aug-gonville--page-1.png
007679.png,note4,8,0,lg-877777775968732096-aug-gonville--page-1.png
007680.png,note4,8,2,lg-877777775968732096-aug-gonville--page-1.png
007681.png,note4,8,-12,lg-877777775968732096-aug-gonville--page-1.png
007682.png,note4,16,5,lg-877777775968732096-aug-gonville--page-1.png
007683.png,note4,8,-2,lg-877777775968732096-aug-gonville--page-1.png
007684.png,note4,8,0,lg-877777775968732096-aug-gonville--page-1.png
007685.png,note4,8,2,lg-877777775968732096-aug-gonville--page-1.png
007686.png,note4,16,7,lg-877777775968732096-aug-gonville--page-1.png
007687.png,note4,16,2,lg-877777775968732096-aug-gonville--page-1.png
007688.png,note4,8,0,lg-877777775968732096-aug-gonville--page-1.png
007689.png,note4,8,-2,lg-877777775968732096-aug-gonville--page-1.png
007690.png,note4,16,5,lg-877777775968732096-aug-gonville--page-1.png
007691.png,note4,16,7,lg-877777775968732096-aug-gonville--page-1.png
007692.png,note4,16,-9,lg-877777775968732096-aug-gonville--page-1.png
007693.png,note4,16,2,lg-877777775968732096-aug-gonville--page-1.png
007694.png,note4,16,6,lg-877777775968732096-aug-gonville--page-1.png
007695.png,note4,8,-2,lg-877777775968732096-aug-gonville--page-1.png
007696.png,note4,8,0,lg-877777775968732096-aug-gonville--page-1.png
007697.png,note4,8,2,lg-877777775968732096-aug-gonville--page-1.png
007698.png,note4,8,2,lg-877777775968732096-aug-gonville--page-1.png
007699.png,note4,16,6,lg-877777775968732096-aug-gonville--page-1.png
007700.png,note4,16,-12,lg-877777775968732096-aug-gonville--page-1.png
007701.png,note4,8,-2,lg-877777775968732096-aug-gonville--page-1.png
007702.png,note4,16,0,lg-877777775968732096-aug-gonville--page-1.png
007703.png,note4,16,2,lg-877777775968732096-aug-gonville--page-1.png
007704.png,note4,16,-2,lg-877777775968732096-aug-gonville--page-1.png
007705.png,note4,16,2,lg-877777775968732096-aug-gonville--page-1.png
007706.png,note4,16,-12,lg-877777775968732096-aug-gonville--page-1.png
007707.png,note4,16,6,lg-877777775968732096-aug-gonville--page-1.png
007708.png,note4,8,-2,lg-877777775968732096-aug-gonville--page-1.png
007709.png,note4,8,0,lg-877777775968732096-aug-gonville--page-1.png
007710.png,note4,8,2,lg-877777775968732096-aug-gonville--page-1.png
007711.png,note4,16,7,lg-877777775968732096-aug-gonville--page-1.png
007712.png,note4,16,2,lg-877777775968732096-aug-gonville--page-1.png
007713.png,note4,8,0,lg-877777775968732096-aug-gonville--page-1.png
007714.png,note4,8,2,lg-877777775968732096-aug-gonville--page-1.png
007715.png,note4,16,-2,lg-877777775968732096-aug-gonville--page-1.png
007716.png,note4,16,2,lg-877777775968732096-aug-gonville--page-1.png
007717.png,note4,4,-12,lg-877777775968732096-aug-gonville--page-1.png
007718.png,note4,16,0,lg-877777775968732096-aug-gonville--page-1.png
007719.png,note4,16,2,lg-877777775968732096-aug-gonville--page-1.png
007720.png,note4,16,4,lg-877777775968732096-aug-gonville--page-1.png
007721.png,note4,16,-2,lg-877777775968732096-aug-gonville--page-1.png
007722.png,note4,16,0,lg-877777775968732096-aug-gonville--page-1.png
007723.png,note4,16,2,lg-877777775968732096-aug-gonville--page-1.png
007724.png,note4,4,-9,lg-877777775968732096-aug-gonville--page-1.png
007725.png,note4,16,2,lg-877777775968732096-aug-gonville--page-1.png
007726.png,note4,16,-4,lg-877777775968732096-aug-gonville--page-1.png
007727.png,note4,16,-1,lg-877777775968732096-aug-gonville--page-1.png
007728.png,note4,16,2,lg-877777775968732096-aug-gonville--page-1.png
007729.png,note4,16,6,lg-877777775968732096-aug-gonville--page-1.png
007730.png,note4,8,-4,lg-877777775968732096-aug-gonville--page-1.png
007731.png,note4,8,-1,lg-877777775968732096-aug-gonville--page-1.png
007732.png,note4,8,2,lg-877777775968732096-aug-gonville--page-1.png
007733.png,note4,16,7,lg-877777775968732096-aug-gonville--page-1.png
007734.png,note4,16,7,lg-877777775968732096-aug-gonville--page-1.png
007735.png,note4,16,-13,lg-877777775968732096-aug-gonville--page-1.png
007736.png,note4,16,7,lg-877777775968732096-aug-gonville--page-1.png
007737.png,note4,4,-13,lg-877777775968732096-aug-gonville--page-1.png
007738.png,note4,16,5,lg-877777775968732096-aug-gonville--page-1.png
007739.png,note4,8,-4,lg-877777775968732096-aug-gonville--page-1.png
007740.png,note4,8,-1,lg-877777775968732096-aug-gonville--page-1.png
007741.png,note4,8,2,lg-877777775968732096-aug-gonville--page-1.png
007742.png,note4,16,4,lg-877777775968732096-aug-gonville--page-1.png
007743.png,note4,16,2,lg-877777775968732096-aug-gonville--page-1.png
007744.png,note4,4,-11,lg-877777775968732096-aug-gonville--page-1.png
007745.png,note4,16,2,lg-877777775968732096-aug-gonville--page-1.png
007746.png,note4,8,-4,lg-877777775968732096-aug-gonville--page-1.png
007747.png,note4,8,-1,lg-877777775968732096-aug-gonville--page-1.png
007748.png,note4,8,2,lg-877777775968732096-aug-gonville--page-1.png
007749.png,note4,16,1,lg-877777775968732096-aug-gonville--page-1.png
007750.png,note4,16,2,lg-877777775968732096-aug-gonville--page-1.png
007751.png,note4,16,-3,lg-877777775968732096-aug-gonville--page-1.png
007752.png,note2,2,5,lg-877777775968732096-aug-gonville--page-1.png
007753.png,note4,4,-9,lg-877777775968732096-aug-gonville--page-1.png
007754.png,note4,16,7,lg-877777775968732096-aug-gonville--page-1.png
007755.png,note4,8,-3,lg-877777775968732096-aug-gonville--page-1.png
007756.png,note4,8,1,lg-877777775968732096-aug-gonville--page-1.png
007757.png,note4,8,2,lg-877777775968732096-aug-gonville--page-1.png
007758.png,note4,16,6,lg-877777775968732096-aug-gonville--page-1.png
007759.png,note4,16,5,lg-877777775968732096-aug-gonville--page-1.png
007760.png,note4,8,-2,lg-877777775968732096-aug-gonville--page-1.png
007761.png,note4,8,0,lg-877777775968732096-aug-gonville--page-1.png
007762.png,note4,8,2,lg-877777775968732096-aug-gonville--page-1.png
007763.png,note4,8,-2,lg-877777775968732096-aug-gonville--page-1.png
007764.png,note4,8,0,lg-877777775968732096-aug-gonville--page-1.png
007765.png,note4,8,2,lg-877777775968732096-aug-gonville--page-1.png
007766.png,note4,16,5,lg-877777775968732096-aug-gonville--page-1.png
007767.png,note4,4,-5,lg-877777775968732096-aug-gonville--page-1.png
007768.png,note4,8,-2,lg-877777775968732096-aug-gonville--page-1.png
007769.png,note4,8,0,lg-877777775968732096-aug-gonville--page-1.png
007770.png,note4,16,7,lg-877777775968732096-aug-gonville--page-1.png
007771.png,note4,4,-12,lg-877777775968732096-aug-gonville--page-1.png
007772.png,note4,8,-3,lg-877777775968732096-aug-gonville--page-1.png
007773.png,note4,8,1,lg-877777775968732096-aug-gonville--page-1.png
007774.png,note4,8,2,lg-877777775968732096-aug-gonville--page-1.png
007775.png,note4,16,7,lg-877777775968732096-aug-gonville--page-1.png
007776.png,note4,16,7,lg-877777775968732096-aug-gonville--page-1.png
007777.png,note4,4,-8,lg-877777775968732096-aug-gonville--page-1.png
007778.png,note4,16,7,lg-877777775968732096-aug-gonville--page-1.png
007779.png,note4,8,-3,lg-877777775968732096-aug-gonville--page-1.png
007780.png,note4,8,1,lg-877777775968732096-aug-gonville--page-1.png
007781.png,note4,8,2,lg-877777775968732096-aug-gonville--page-1.png
007782.png,note4,16,7,lg-877777775968732096-aug-gonville--page-1.png
007783.png,note4,16,7,lg-877777775968732096-aug-gonville--page-1.png
007784.png,note4,16,-8,lg-877777775968732096-aug-gonville--page-1.png
007785.png,note4,8,-2,lg-877777775968732096-aug-gonville--page-1.png
007786.png,note4,16,-7,lg-877777775968732096-aug-gonville--page-1.png
007787.png,note4,16,7,lg-877777775968732096-aug-gonville--page-1.png
007788.png,note4,16,-6,lg-877777775968732096-aug-gonville--page-1.png
007789.png,note4,16,7,lg-877777775968732096-aug-gonville--page-1.png
007790.png,note4,4,-9,lg-877777775968732096-aug-gonville--page-1.png
007791.png,note4,16,7,lg-877777775968732096-aug-gonville--page-1.png
007792.png,note4,16,-7,lg-877777775968732096-aug-gonville--page-1.png
007793.png,note4,16,2,lg-877777775968732096-aug-gonville--page-1.png
007794.png,note4,16,-5,lg-877777775968732096-aug-gonville--page-1.png
007795.png,note4,4,5,lg-877777775968732096-aug-gonville--page-1.png
007796.png,note4,8,0,lg-877777775968732096-aug-gonville--page-1.png
007797.png,note8,16,2,lg-877777775968732096-aug-gonville--page-1.png
007798.png,note4,8,2,lg-877777775968732096-aug-gonville--page-1.png
007799.png,note8,16,-2,lg-877777775968732096-aug-gonville--page-1.png
007800.png,note8,16,0,lg-877777775968732096-aug-gonville--page-1.png
007801.png,note4,16,4,lg-877777775968732096-aug-gonville--page-1.png
007802.png,note4,16,-6,lg-877777775968732096-aug-gonville--page-1.png
007803.png,note4,16,-5,lg-877777775968732096-aug-gonville--page-1.png
007804.png,note4,8,2,lg-877777775968732096-aug-gonville--page-1.png
007805.png,note4,16,-4,lg-877777775968732096-aug-gonville--page-1.png
007806.png,note2,2,5,lg-877777775968732096-aug-gonville--page-1.png
007807.png,note4,4,-9,lg-877777775968732096-aug-gonville--page-1.png
007808.png,note4,16,-7,lg-877777775968732096-aug-gonville--page-1.png
007809.png,note4,16,-9,lg-877777775968732096-aug-gonville--page-1.png
007810.png,note4,16,2,lg-877777775968732096-aug-gonville--page-1.png
007811.png,note4,4,-2,lg-877777775968732096-aug-gonville--page-1.png
007812.png,note4,4,0,lg-877777775968732096-aug-gonville--page-1.png
007813.png,note4,4,2,lg-877777775968732096-aug-gonville--page-1.png
007814.png,note4,16,7,lg-877777775968732096-aug-gonville--page-1.png
007815.png,note4,8,-3,lg-877777775968732096-aug-gonville--page-1.png
007816.png,note4,8,1,lg-877777775968732096-aug-gonville--page-1.png
007817.png,note4,8,2,lg-877777775968732096-aug-gonville--page-1.png
007818.png,note4,8,-3,lg-877777775968732096-aug-gonville--page-1.png
007819.png,note4,8,1,lg-877777775968732096-aug-gonville--page-1.png
007820.png,note4,8,2,lg-877777775968732096-aug-gonville--page-1.png
007821.png,note4,16,7,lg-877777775968732096-aug-gonville--page-1.png
007822.png,note4,16,6,lg-877777775968732096-aug-gonville--page-1.png
007823.png,note4,16,5,lg-877777775968732096-aug-gonville--page-1.png
007824.png,note4,16,-3,lg-877777775968732096-aug-gonville--page-1.png
007825.png,note4,16,1,lg-877777775968732096-aug-gonville--page-1.png
007826.png,note4,16,7,lg-877777775968732096-aug-gonville--page-1.png
007827.png,note4,4,-8,lg-877777775968732096-aug-gonville--page-1.png
007828.png,note4,16,7,lg-877777775968732096-aug-gonville--page-1.png
007829.png,note4,16,7,lg-877777775968732096-aug-gonville--page-1.png
007830.png,note4,8,-3,lg-877777775968732096-aug-gonville--page-1.png
007831.png,note4,8,1,lg-877777775968732096-aug-gonville--page-1.png
007832.png,note4,8,2,lg-877777775968732096-aug-gonville--page-1.png
007833.png,note4,16,4,lg-877777775968732096-aug-gonville--page-1.png
007834.png,note4,16,-11,lg-877777775968732096-aug-gonville--page-1.png
007835.png,note4,16,2,lg-877777775968732096-aug-gonville--page-1.png
007836.png,note4,16,-10,lg-877777775968732096-aug-gonville--page-1.png
007837.png,note4,16,3,lg-877777775968732096-aug-gonville--page-1.png
007838.png,note4,16,-11,lg-877777775968732096-aug-gonville--page-1.png
007839.png,note4,4,5,lg-877777775968732096-aug-gonville--page-1.png
007840.png,note4,16,-7,lg-877777775968732096-aug-gonville--page-1.png
007841.png,note4,16,-8,lg-877777775968732096-aug-gonville--page-1.png
007842.png,note4,16,-8,lg-877777775968732096-aug-gonville--page-1.png
007843.png,note4,16,-8,lg-877777775968732096-aug-gonville--page-1.png
007844.png,note4,16,-9,lg-877777775968732096-aug-gonville--page-1.png
007845.png,note4,16,-5,lg-877777775968732096-aug-gonville--page-1.png
007846.png,note4,16,-7,lg-877777775968732096-aug-gonville--page-1.png
007847.png,note4,8,-4,lg-877777775968732096-aug-gonville--page-1.png
007848.png,note4,16,2,lg-877777775968732096-aug-gonville--page-1.png
007849.png,note4,8,-1,lg-877777775968732096-aug-gonville--page-1.png
007850.png,note4,8,2,lg-877777775968732096-aug-gonville--page-1.png
007851.png,note4,8,-1,lg-877777775968732096-aug-gonville--page-1.png
007852.png,note4,8,2,lg-877777775968732096-aug-gonville--page-1.png
007853.png,note4,16,7,lg-877777775968732096-aug-gonville--page-1.png
007854.png,note4,4,-8,lg-877777775968732096-aug-gonville--page-1.png
007855.png,note4,16,7,lg-877777775968732096-aug-gonville--page-1.png
007856.png,note4,16,-4,lg-877777775968732096-aug-gonville--page-1.png
007857.png,note4,16,7,lg-877777775968732096-aug-gonville--page-1.png
007858.png,note4,16,7,lg-877777775968732096-aug-gonville--page-1.png
007859.png,note4,8,-4,lg-877777775968732096-aug-gonville--page-1.png
007860.png,note4,16,-1,lg-877777775968732096-aug-gonville--page-1.png
007861.png,note4,16,2,lg-877777775968732096-aug-gonville--page-1.png
007862.png,note4,16,4,lg-877777775968732096-aug-gonville--page-1.png
007863.png,note4,16,-4,lg-877777775968732096-aug-gonville--page-1.png
007864.png,note4,16,-1,lg-877777775968732096-aug-gonville--page-1.png
007865.png,note4,16,2,lg-877777775968732096-aug-gonville--page-1.png
007866.png,note4,4,-9,lg-877777775968732096-aug-gonville--page-1.png
007867.png,note4,16,2,lg-877777775968732096-aug-gonville--page-1.png
007868.png,note4,16,6,lg-877777775968732096-aug-gonville--page-1.png
007869.png,note4,4,-7,lg-877777775968732096-aug-gonville--page-1.png
007870.png,note4,16,5,lg-877777775968732096-aug-gonville--page-1.png
007871.png,note4,8,-4,lg-877777775968732096-aug-gonville--page-1.png
007872.png,note4,8,-1,lg-877777775968732096-aug-gonville--page-1.png
007873.png,note4,8,2,lg-877777775968732096-aug-gonville--page-1.png
007874.png,note4,8,-11,lg-877777775968732096-aug-gonville--page-1.png
007875.png,note4,16,7,lg-877777775968732096-aug-gonville--page-1.png
007876.png,note4,8,-9,lg-877777775968732096-aug-gonville--page-1.png
007877.png,note8,16,6,lg-877777775968732096-aug-gonville--page-1.png
007878.png,note8,8,-2,lg-877777775968732096-aug-gonville--page-1.png
007879.png,note8,8,0,lg-877777775968732096-aug-gonville--page-1.png
007880.png,note8,8,2,lg-877777775968732096-aug-gonville--page-1.png
007881.png,note4,16,2,lg-877777775968732096-aug-gonville--page-1.png
007882.png,note4,16,2,lg-877777775968732096-aug-gonville--page-1.png
007883.png,note4,4,-12,lg-877777775968732096-aug-gonville--page-1.png
007884.png,note4,16,2,lg-877777775968732096-aug-gonville--page-1.png
007885.png,note4,8,-2,lg-877777775968732096-aug-gonville--page-1.png
007886.png,note4,8,0,lg-877777775968732096-aug-gonville--page-1.png
007887.png,note4,8,2,lg-877777775968732096-aug-gonville--page-1.png
007888.png,note4,16,2,lg-877777775968732096-aug-gonville--page-1.png
007889.png,note4,16,4,lg-877777775968732096-aug-gonville--page-1.png
007890.png,note8,8,-2,lg-877777775968732096-aug-gonville--page-1.png
007891.png,note8,8,2,lg-877777775968732096-aug-gonville--page-1.png
007892.png,note8,8,0,lg-877777775968732096-aug-gonville--page-1.png
007893.png,note8,16,5,lg-877777775968732096-aug-gonville--page-1.png
007894.png,note4,16,3,lg-877777775968732096-aug-gonville--page-1.png
007895.png,note4,16,1,lg-877777775968732096-aug-gonville--page-1.png
007896.png,note4,16,-8,lg-877777775968732096-aug-gonville--page-1.png
007897.png,note4,16,2,lg-877777775968732096-aug-gonville--page-1.png
007898.png,note4,16,-9,lg-877777775968732096-aug-gonville--page-1.png
007899.png,note4,16,-9,lg-877777775968732096-aug-gonville--page-1.png
007900.png,note4,16,-2,lg-877777775968732096-aug-gonville--page-1.png
007901.png,note4,16,-6,lg-877777775968732096-aug-gonville--page-1.png
007902.png,note4,16,5,lg-877777775968732096-aug-gonville--page-1.png
007903.png,note4,16,0,lg-877777775968732096-aug-gonville--page-1.png
007904.png,note4,16,-7,lg-877777775968732096-aug-gonville--page-1.png
007905.png,note4,16,-1,lg-877777775968732096-aug-gonville--page-1.png
007906.png,note4,16,-6,lg-877777775968732096-aug-gonville--page-1.png
007907.png,note4,16,3,lg-877777775968732096-aug-gonville--page-1.png
007908.png,note4,8,-8,lg-877777775968732096-aug-gonville--page-1.png
007909.png,note4,16,2,lg-877777775968732096-aug-gonville--page-1.png
007910.png,note4,4,-5,lg-877777775968732096-aug-gonville--page-1.png
007911.png,note4,4,-2,lg-877777775968732096-aug-gonville--page-1.png
007912.png,note4,4,0,lg-877777775968732096-aug-gonville--page-1.png
007913.png,note4,8,-8,lg-877777775968732096-aug-gonville--page-1.png
007914.png,note4,16,4,lg-877777775968732096-aug-gonville--page-1.png
007915.png,note4,16,4,lg-877777775968732096-aug-gonville--page-1.png
007916.png,note4,16,-9,lg-877777775968732096-aug-gonville--page-1.png
007917.png,note4,16,5,lg-877777775968732096-aug-gonville--page-1.png
007918.png,note4,16,-7,lg-877777775968732096-aug-gonville--page-1.png
007919.png,note4,16,4,lg-877777775968732096-aug-gonville--page-1.png
007920.png,note4,16,-5,lg-877777775968732096-aug-gonville--page-1.png
007921.png,note4,16,-5,lg-877777775968732096-aug-gonville--page-1.png
007922.png,note4,16,3,lg-877777775968732096-aug-gonville--page-1.png
007923.png,note4,16,-5,lg-877777775968732096-aug-gonville--page-1.png
007924.png,note4,16,-3,lg-877777775968732096-aug-gonville--page-1.png
007925.png,note4,8,-3,lg-877777775968732096-aug-gonville--page-1.png
007926.png,note4,8,1,lg-877777775968732096-aug-gonville--page-1.png
007927.png,note4,8,2,lg-877777775968732096-aug-gonville--page-1.png
007928.png,note4,4,-5,lg-877777775968732096-aug-gonville--page-1.png
007929.png,note4,4,-3,lg-877777775968732096-aug-gonville--page-1.png
007930.png,note4,4,1,lg-877777775968732096-aug-gonville--page-1.png
007931.png,note4,4,2,lg-877777775968732096-aug-gonville--page-1.png
007932.png,note4,16,-8,lg-877777775968732096-aug-gonville--page-1.png
007933.png,note4,16,1,lg-877777775968732096-aug-gonville--page-1.png
007934.png,note4,16,2,lg-877777775968732096-aug-gonville--page-1.png
007935.png,note4,16,-4,lg-877777775968732096-aug-gonville--page-1.png
007936.png,note4,16,-3,lg-877777775968732096-aug-gonville--page-1.png
007937.png,note4,8,-3,lg-877777775968732096-aug-gonville--page-1.png
007938.png,note4,8,1,lg-877777775968732096-aug-gonville--page-1.png
007939.png,note4,8,2,lg-877777775968732096-aug-gonville--page-1.png
007940.png,note4,16,-1,lg-877777775968732096-aug-gonville--page-1.png
007941.png,note4,16,1,lg-877777775968732096-aug-gonville--page-1.png
007942.png,note4,16,4,lg-877777775968732096-aug-gonville--page-1.png
007943.png,note4,16,4,lg-877777775968732096-aug-gonville--page-1.png
007944.png,note4,16,-3,lg-877777775968732096-aug-gonville--page-1.png
007945.png,note4,16,2,lg-877777775968732096-aug-gonville--page-1.png
007946.png,note4,8,2,lg-877777775968732096-aug-gonville--page-1.png
007947.png,note4,16,4,lg-877777775968732096-aug-gonville--page-1.png
007948.png,note4,8,-3,lg-877777775968732096-aug-gonville--page-1.png
007949.png,note4,8,1,lg-877777775968732096-aug-gonville--page-1.png
007950.png,note4,16,2,lg-877777775968732096-aug-gonville--page-1.png
007951.png,note4,8,-3,lg-877777775968732096-aug-gonville--page-1.png
007952.png,note4,8,1,lg-877777775968732096-aug-gonville--page-1.png
007953.png,note4,8,2,lg-877777775968732096-aug-gonville--page-1.png
007954.png,note4,16,3,lg-877777775968732096-aug-gonville--page-1.png
007955.png,note4,16,-3,lg-877777775968732096-aug-gonville--page-1.png
007956.png,note4,16,1,lg-877777775968732096-aug-gonville--page-1.png
007957.png,note4,16,2,lg-877777775968732096-aug-gonville--page-1.png
007958.png,note4,4,-12,lg-877777775968732096-aug-gonville--page-1.png
007959.png,note4,4,-12,lg-877777775968732096-aug-gonville--page-1.png
007960.png,note4,16,4,lg-877777775968732096-aug-gonville--page-1.png
007961.png,note4,8,-3,lg-877777775968732096-aug-gonville--page-1.png
007962.png,note4,8,1,lg-877777775968732096-aug-gonville--page-1.png
007963.png,note4,8,2,lg-877777775968732096-aug-gonville--page-1.png
007964.png,note4,16,3,lg-877777775968732096-aug-gonville--page-1.png
007965.png,note4,16,2,lg-877777775968732096-aug-gonville--page-1.png
007966.png,note4,16,-3,lg-877777775968732096-aug-gonville--page-1.png
007967.png,note4,16,1,lg-877777775968732096-aug-gonville--page-1.png
007968.png,note4,16,2,lg-877777775968732096-aug-gonville--page-1.png
007969.png,note4,4,-8,lg-877777775968732096-aug-gonville--page-1.png
007970.png,note4,16,4,lg-877777775968732096-aug-gonville--page-1.png
007971.png,note4,16,3,lg-877777775968732096-aug-gonville--page-1.png
007972.png,note4,8,-3,lg-877777775968732096-aug-gonville--page-1.png
007973.png,note4,8,1,lg-877777775968732096-aug-gonville--page-1.png
007974.png,note4,8,2,lg-877777775968732096-aug-gonville--page-1.png
007975.png,note4,16,2,lg-877777775968732096-aug-gonville--page-1.png
007976.png,note4,16,-3,lg-877777775968732096-aug-gonville--page-1.png
007977.png,note4,16,1,lg-877777775968732096-aug-gonville--page-1.png
007978.png,note4,16,2,lg-877777775968732096-aug-gonville--page-1.png
007979.png,note4,16,5,lg-877777775968732096-aug-gonville--page-1.png
007980.png,note4,4,-9,lg-877777775968732096-aug-gonville--page-1.png
007981.png,note4,16,0,lg-877777775968732096-aug-gonville--page-1.png
007982.png,note4,16,3,lg-877777775968732096-aug-gonville--page-1.png
007983.png,note4,16,2,lg-877777775968732096-aug-gonville--page-1.png
007984.png,note4,16,-5,lg-877777775968732096-aug-gonville--page-1.png
007985.png,note4,16,-2,lg-877777775968732096-aug-gonville--page-1.png
007986.png,note4,8,-2,lg-877777775968732096-aug-gonville--page-1.png
007987.png,note4,16,4,lg-877777775968732096-aug-gonville--page-1.png
007988.png,note4,8,-5,lg-877777775968732096-aug-gonville--page-1.png
007989.png,note4,8,0,lg-877777775968732096-aug-gonville--page-1.png
007990.png,note4,16,4,lg-877777775968732096-aug-gonville--page-1.png
007991.png,note4,4,-8,lg-877777775968732096-aug-gonville--page-1.png
007992.png,note4,16,3,lg-877777775968732096-aug-gonville--page-1.png
007993.png,note4,16,4,lg-877777775968732096-aug-gonville--page-1.png
007994.png,note8,8,-3,lg-877777775968732096-aug-gonville--page-1.png
007995.png,note8,8,1,lg-877777775968732096-aug-gonville--page-1.png
007996.png,note8,8,2,lg-877777775968732096-aug-gonville--page-1.png
007997.png,note4,8,1,lg-877777775968732096-aug-gonville--page-1.png
007998.png,note4,8,2,lg-877777775968732096-aug-gonville--page-1.png
007999.png,note4,16,3,lg-877777775968732096-aug-gonville--page-1.png
008000.png,note4,8,-3,lg-877777775968732096-aug-gonville--page-1.png
008001.png,note8,16,4,lg-877777775968732096-aug-gonville--page-1.png
008002.png,note4,8,2,lg-877777775968732096-aug-gonville--page-1.png
008003.png,note4,16,2,lg-877777775968732096-aug-gonville--page-1.png
008004.png,note4,8,-3,lg-877777775968732096-aug-gonville--page-1.png
008005.png,note4,8,1,lg-877777775968732096-aug-gonville--page-1.png
008006.png,note4,16,4,lg-877777775968732096-aug-gonville--page-1.png
008007.png,note4,4,-8,lg-877777775968732096-aug-gonville--page-1.png
008008.png,note4,16,4,lg-877777775968732096-aug-gonville--page-1.png
008009.png,note4,8,-3,lg-877777775968732096-aug-gonville--page-1.png
008010.png,note4,8,1,lg-877777775968732096-aug-gonville--page-1.png
008011.png,note4,8,2,lg-877777775968732096-aug-gonville--page-1.png
008012.png,note4,16,3,lg-877777775968732096-aug-gonville--page-1.png
008013.png,note4,16,4,lg-877777775968732096-aug-gonville--page-1.png
008014.png,note4,8,-3,lg-877777775968732096-aug-gonville--page-1.png
008015.png,note4,8,1,lg-877777775968732096-aug-gonville--page-1.png
008016.png,note4,8,2,lg-877777775968732096-aug-gonville--page-1.png
008017.png,note4,16,-3,lg-877777775968732096-aug-gonville--page-1.png
008018.png,note4,16,2,lg-877777775968732096-aug-gonville--page-1.png
008019.png,note4,16,3,lg-877777775968732096-aug-gonville--page-1.png
008020.png,note4,16,1,lg-877777775968732096-aug-gonville--page-1.png
008021.png,note4,16,2,lg-877777775968732096-aug-gonville--page-1.png
008022.png,note4,4,-8,lg-877777775968732096-aug-gonville--page-1.png
008023.png,note4,8,-3,lg-877777775968732096-aug-gonville--page-1.png
008024.png,note4,8,1,lg-877777775968732096-aug-gonville--page-1.png
008025.png,note4,8,2,lg-877777775968732096-aug-gonville--page-1.png
008026.png,note4,16,-3,lg-877777775968732096-aug-gonville--page-1.png
008027.png,note4,16,1,lg-877777775968732096-aug-gonville--page-1.png
008028.png,note4,16,2,lg-877777775968732096-aug-gonville--page-1.png
008029.png,note4,16,4,lg-877777775968732096-aug-gonville--page-1.png
008030.png,note4,16,-3,lg-877777775968732096-aug-gonville--page-1.png
008031.png,note4,16,1,lg-877777775968732096-aug-gonville--page-1.png
008032.png,note4,16,2,lg-877777775968732096-aug-gonville--page-1.png
008033.png,note4,4,-12,lg-877777775968732096-aug-gonville--page-1.png
008034.png,note4,16,4,lg-877777775968732096-aug-gonville--page-1.png
008035.png,note4,8,-3,lg-877777775968732096-aug-gonville--page-1.png
008036.png,note4,8,1,lg-877777775968732096-aug-gonville--page-1.png
008037.png,note4,8,2,lg-877777775968732096-aug-gonville--page-1.png
008038.png,note4,8,4,lg-877777775968732096-aug-gonville--page-1.png
008039.png,note4,8,5,lg-877777775968732096-aug-gonville--page-1.png
008040.png,note4,8,2,lg-877777775968732096-aug-gonville--page-1.png
008041.png,note4,8,0,lg-877777775968732096-aug-gonville--page-1.png
008042.png,note4,16,-2,lg-877777775968732096-aug-gonville--page-1.png
008043.png,note4,16,0,lg-877777775968732096-aug-gonville--page-1.png
008044.png,note4,16,2,lg-877777775968732096-aug-gonville--page-1.png
008045.png,note4,16,-8,lg-877777775968732096-aug-gonville--page-1.png
008046.png,note4,16,3,lg-877777775968732096-aug-gonville--page-1.png
008047.png,note4,8.,-8,lg-877777775968732096-aug-gonville--page-1.png
008048.png,note4,16,4,lg-877777775968732096-aug-gonville--page-1.png
008049.png,note4,8,-2,lg-877777775968732096-aug-gonville--page-1.png
008050.png,note4,8.,5,lg-877777775968732096-aug-gonville--page-1.png
008051.png,note4,8.,-9,lg-877777775968732096-aug-gonville--page-1.png
008052.png,note4,16,3,lg-877777775968732096-aug-gonville--page-1.png
008053.png,note4,16,2,lg-877777775968732096-aug-gonville--page-1.png
008054.png,note4,16,-3,lg-877777775968732096-aug-gonville--page-1.png
008055.png,note4,16,1,lg-877777775968732096-aug-gonville--page-1.png
008056.png,note4,16,2,lg-877777775968732096-aug-gonville--page-1.png
008057.png,note4,8,0,lg-877777775968732096-aug-gonville--page-1.png
008058.png,note4,8,-2,lg-877777775968732096-aug-gonville--page-1.png
008059.png,note4,8,0,lg-877777775968732096-aug-gonville--page-1.png
008060.png,note4,8,2,lg-877777775968732096-aug-gonville--page-1.png
008061.png,note4,16,2,lg-877777775968732096-aug-gonville--page-1.png
008062.png,note4,8,-2,lg-877777775968732096-aug-gonville--page-1.png
008063.png,note4,8,2,lg-877777775968732096-aug-gonville--page-1.png
008064.png,note4,16,-9,lg-877777775968732096-aug-gonville--page-1.png
008065.png,note4,16,2,lg-877777775968732096-aug-gonville--page-1.png
008066.png,note4,16,1,lg-877777775968732096-aug-gonville--page-1.png
008067.png,note4,16,-3,lg-877777775968732096-aug-gonville--page-1.png
008068.png,note4,16,1,lg-877777775968732096-aug-gonville--page-1.png
008069.png,note4,16,-12,lg-877777775968732096-aug-gonville--page-1.png
008070.png,note4,16,2,lg-877777775968732096-aug-gonville--page-1.png
008071.png,note4,8,-3,lg-877777775968732096-aug-gonville--page-1.png
008072.png,note4,8,1,lg-877777775968732096-aug-gonville--page-1.png
008073.png,note4,8,2,lg-877777775968732096-aug-gonville--page-1.png
008074.png,note4,16,-10,lg-877777775968732096-aug-gonville--page-1.png
008075.png,note4,16,1,lg-877777775968732096-aug-gonville--page-1.png
008076.png,note4,16,-11,lg-877777775968732096-aug-gonville--page-1.png
008077.png,note4,8,-5,lg-877777775968732096-aug-gonville--page-1.png
008078.png,note4,8,-2,lg-877777775968732096-aug-gonville--page-1.png
008079.png,note4,8,0,lg-877777775968732096-aug-gonville--page-1.png
008080.png,note2,2,0,lg-877777775968732096-aug-gonville--page-1.png
008081.png,note4,4,-9,lg-877777775968732096-aug-gonville--page-1.png
008082.png,note4,16,3,lg-877777775968732096-aug-gonville--page-1.png
008083.png,note4,16,-3,lg-877777775968732096-aug-gonville--page-1.png
008084.png,note4,16,1,lg-877777775968732096-aug-gonville--page-1.png
008085.png,note4,16,2,lg-877777775968732096-aug-gonville--page-1.png
008086.png,note4,4,-6,lg-877777775968732096-aug-gonville--page-1.png
008087.png,note4,8,1,lg-877777775968732096-aug-gonville--page-1.png
008088.png,note4,8,2,lg-877777775968732096-aug-gonville--page-1.png
008089.png,note4,8,-3,lg-877777775968732096-aug-gonville--page-1.png
008090.png,note4,16,3,lg-877777775968732096-aug-gonville--page-1.png
008091.png,note4,16,-8,lg-877777775968732096-aug-gonville--page-1.png
008092.png,note4,16,2,lg-877777775968732096-aug-gonville--page-1.png
008093.png,note4,8,-3,lg-877777775968732096-aug-gonville--page-1.png
008094.png,note4,8,1,lg-877777775968732096-aug-gonville--page-1.png
008095.png,note4,8,2,lg-877777775968732096-aug-gonville--page-1.png
008096.png,note4,16,1,lg-877777775968732096-aug-gonville--page-1.png
008097.png,note4,16,2,lg-877777775968732096-aug-gonville--page-1.png
008098.png,note4,16,2,lg-877777775968732096-aug-gonville--page-1.png
008099.png,note4,16,-7,lg-877777775968732096-aug-gonville--page-1.png
008100.png,note4,16,-7,lg-877777775968732096-aug-gonville--page-1.png
008101.png,note4,16,3,lg-877777775968732096-aug-gonville--page-1.png
008102.png,note4,16,-6,lg-877777775968732096-aug-gonville--page-1.png
008103.png,note4,16,-8,lg-877777775968732096-aug-gonville--page-1.png
008104.png,note4,8.,4,lg-877777775968732096-aug-gonville--page-1.png
008105.png,note4,8,-3,lg-877777775968732096-aug-gonville--page-1.png
008106.png,note4,8,1,lg-877777775968732096-aug-gonville--page-1.png
008107.png,note4,8,2,lg-877777775968732096-aug-gonville--page-1.png
008108.png,note4,4,-12,lg-877777775968732096-aug-gonville--page-1.png
008109.png,note4,16,4,lg-877777775968732096-aug-gonville--page-1.png
008110.png,note4,16,-9,lg-877777775968732096-aug-gonville--page-1.png
008111.png,note4,16,-8,lg-877777775968732096-aug-gonville--page-1.png
008112.png,note8,16,-6,lg-877777775968732096-aug-gonville--page-1.png
008113.png,note4,4,0,lg-877777775968732096-aug-gonville--page-1.png
008114.png,note8,8,-5,lg-877777775968732096-aug-gonville--page-1.png
008115.png,note8,8,-2,lg-877777775968732096-aug-gonville--page-1.png
008116.png,note8,8,0,lg-877777775968732096-aug-gonville--page-1.png
008117.png,note4,16,-5,lg-877777775968732096-aug-gonville--page-1.png
008118.png,note4,16,-2,lg-877777775968732096-aug-gonville--page-1.png
008119.png,note4,16,0,lg-877777775968732096-aug-gonville--page-1.png
008120.png,note4,4,-7,lg-877777775968732096-aug-gonville--page-1.png
008121.png,note8,8.,-5,lg-877777775968732096-aug-gonville--page-1.png
008122.png,note8,8.,-2,lg-877777775968732096-aug-gonville--page-1.png
008123.png,note8,8.,0,lg-877777775968732096-aug-gonville--page-1.png
008124.png,note4,16,-5,lg-877777775968732096-aug-gonville--page-1.png
008125.png,note8,4,5,lg-135744079-aug-gonville-.png
008126.png,note8,4,7,lg-135744079-aug-gonville-.png
008127.png,note8,4,-1,lg-135744079-aug-gonville-.png
008128.png,note8,4,3,lg-135744079-aug-gonville-.png
008129.png,note16,8,4,lg-135744079-aug-gonville-.png
008130.png,note16,8,-1,lg-135744079-aug-gonville-.png
008131.png,note16,8,1,lg-135744079-aug-gonville-.png
008132.png,note16,8,3,lg-135744079-aug-gonville-.png
008133.png,note16,8,-1,lg-135744079-aug-gonville-.png
008134.png,note16,8,1,lg-135744079-aug-gonville-.png
008135.png,note4,4,6,lg-135744079-aug-gonville-.png
008136.png,note4,4,3,lg-135744079-aug-gonville-.png
008137.png,note4,4,-1,lg-135744079-aug-gonville-.png
008138.png,note4,8,3,lg-135744079-aug-gonville-.png
008139.png,note4,4,-1,lg-135744079-aug-gonville-.png
008140.png,note4,4,4,lg-135744079-aug-gonville-.png
008141.png,note4,4,4,lg-135744079-aug-gonville-.png
008142.png,note16,8,3,lg-135744079-aug-gonville-.png
008143.png,note16,8,-1,lg-135744079-aug-gonville-.png
008144.png,note16,8,1,lg-135744079-aug-gonville-.png
008145.png,note4,8,3,lg-135744079-aug-gonville-.png
008146.png,note4,4,4,lg-135744079-aug-gonville-.png
008147.png,note16,8,3,lg-135744079-aug-gonville-.png
008148.png,note16,8,-1,lg-135744079-aug-gonville-.png
008149.png,note16,8,1,lg-135744079-aug-gonville-.png
008150.png,note4,4,6,lg-135744079-aug-gonville-.png
008151.png,note4,8,3,lg-135744079-aug-gonville-.png
008152.png,note16,8,4,lg-135744079-aug-gonville-.png
008153.png,note16,8,-1,lg-135744079-aug-gonville-.png
008154.png,note16,8,1,lg-135744079-aug-gonville-.png
008155.png,note4,4,4,lg-135744079-aug-gonville-.png
008156.png,note4,4,-1,lg-135744079-aug-gonville-.png
008157.png,note16,8,4,lg-135744079-aug-gonville-.png
008158.png,note16,8,-1,lg-135744079-aug-gonville-.png
008159.png,note16,8,1,lg-135744079-aug-gonville-.png
008160.png,note4,4,4,lg-135744079-aug-gonville-.png
008161.png,note4,4,-1,lg-135744079-aug-gonville-.png
008162.png,note4,4,6,lg-135744079-aug-gonville-.png
008163.png,note4,4,4,lg-135744079-aug-gonville-.png
008164.png,note4,4,3,lg-135744079-aug-gonville-.png
008165.png,note4,4,-1,lg-135744079-aug-gonville-.png
008166.png,note4,8,3,lg-135744079-aug-gonville-.png
008167.png,note8,8,4,lg-135744079-aug-gonville-.png
008168.png,note8,8,-1,lg-135744079-aug-gonville-.png
008169.png,note4,4,4,lg-135744079-aug-gonville-.png
008170.png,note4,4,-1,lg-135744079-aug-gonville-.png
008171.png,note4,8,3,lg-135744079-aug-gonville-.png
008172.png,note8,8,3,lg-135744079-aug-gonville-.png
008173.png,note8,8,-1,lg-135744079-aug-gonville-.png
008174.png,note4,8,3,lg-135744079-aug-gonville-.png
008175.png,note4,4,3,lg-135744079-aug-gonville-.png
008176.png,note4,4,-1,lg-135744079-aug-gonville-.png
008177.png,note8,8,-1,lg-135744079-aug-gonville-.png
008178.png,note4,4,3,lg-135744079-aug-gonville-.png
008179.png,note4,4,-1,lg-135744079-aug-gonville-.png
008180.png,note16,8,4,lg-135744079-aug-gonville-.png
008181.png,note16,4,3,lg-135744079-aug-gonville-.png
008182.png,note16,4,-1,lg-135744079-aug-gonville-.png
008183.png,note16,8,-1,lg-135744079-aug-gonville-.png
008184.png,note4,4,4,lg-135744079-aug-gonville-.png
008185.png,note4,4,-1,lg-135744079-aug-gonville-.png
008186.png,note8,8,3,lg-135744079-aug-gonville-.png
008187.png,note16,8,3,lg-135744079-aug-gonville-.png
008188.png,note16,8,-1,lg-135744079-aug-gonville-.png
008189.png,note16,8,1,lg-135744079-aug-gonville-.png
008190.png,note4,4,3,lg-135744079-aug-gonville-.png
008191.png,note4,4,-1,lg-135744079-aug-gonville-.png
008192.png,note4,4,7,lg-135744079-aug-gonville-.png
008193.png,note4,4,5,lg-135744079-aug-gonville-.png
008194.png,note16,8,4,lg-135744079-aug-gonville-.png
008195.png,note16,8,-1,lg-135744079-aug-gonville-.png
008196.png,note16,8,1,lg-135744079-aug-gonville-.png
008197.png,note4,4,4,lg-135744079-aug-gonville-.png
008198.png,note4,4,-1,lg-135744079-aug-gonville-.png
008199.png,note4,4,6,lg-135744079-aug-gonville-.png
008200.png,note4,4,4,lg-135744079-aug-gonville-.png
008201.png,note4,4,4,lg-135744079-aug-gonville-.png
008202.png,note4,4,-1,lg-135744079-aug-gonville-.png
008203.png,note4,4,6,lg-135744079-aug-gonville-.png
008204.png,note4,4,4,lg-135744079-aug-gonville-.png
008205.png,note16,8,3,lg-135744079-aug-gonville-.png
008206.png,note16,8,-1,lg-135744079-aug-gonville-.png
008207.png,note16,8,1,lg-135744079-aug-gonville-.png
008208.png,note16,8,4,lg-135744079-aug-gonville-.png
008209.png,note16,8,-1,lg-135744079-aug-gonville-.png
008210.png,note16,8,1,lg-135744079-aug-gonville-.png
008211.png,note16,8,5,lg-135744079-aug-gonville-.png
008212.png,note16,8,7,lg-135744079-aug-gonville-.png
008213.png,note16,8,-1,lg-135744079-aug-gonville-.png
008214.png,note16,8,4,lg-135744079-aug-gonville-.png
008215.png,note4,8,7,lg-135744079-aug-gonville-.png
008216.png,note4,8,5,lg-135744079-aug-gonville-.png
008217.png,note8,8,5,lg-135744079-aug-gonville-.png
008218.png,note16,8,5,lg-135744079-aug-gonville-.png
008219.png,note16,8,7,lg-135744079-aug-gonville-.png
008220.png,note8,4,3,lg-135744079-aug-gonville-.png
008221.png,note8,4,-1,lg-135744079-aug-gonville-.png
008222.png,note8,8,7,lg-135744079-aug-gonville-.png
008223.png,note8,8,5,lg-135744079-aug-gonville-.png
008224.png,note4,8,5,lg-135744079-aug-gonville-.png
008225.png,note4,8,7,lg-135744079-aug-gonville-.png
008226.png,note4,4,-1,lg-135744079-aug-gonville-.png
008227.png,note4,4,3,lg-135744079-aug-gonville-.png
008228.png,note8,8,4,lg-135744079-aug-gonville-.png
008229.png,note8,8,5,lg-135744079-aug-gonville-.png
008230.png,note8,8,7,lg-135744079-aug-gonville-.png
008231.png,note8,8,-1,lg-135744079-aug-gonville-.png
008232.png,note16,8,3,lg-135744079-aug-gonville-.png
008233.png,note16,8,-1,lg-135744079-aug-gonville-.png
008234.png,note4,8,5,lg-135744079-aug-gonville-.png
008235.png,note4,8,7,lg-135744079-aug-gonville-.png
008236.png,note4,4,-1,lg-135744079-aug-gonville-.png
008237.png,note4,4,4,lg-135744079-aug-gonville-.png
008238.png,note4,8,5,lg-135744079-aug-gonville-.png
008239.png,note4,8,7,lg-135744079-aug-gonville-.png
008240.png,note16,8,5,lg-135744079-aug-gonville-.png
008241.png,note16,8,7,lg-135744079-aug-gonville-.png
008242.png,note16,8,1,lg-135744079-aug-gonville-.png
008243.png,note16,4,-1,lg-135744079-aug-gonville-.png
008244.png,note16,4,4,lg-135744079-aug-gonville-.png
008245.png,note8,8,3,lg-135744079-aug-gonville-.png
008246.png,note4,8,4,lg-135744079-aug-gonville-.png
008247.png,note8,8,3,lg-135744079-aug-gonville-.png
008248.png,note8,8,-1,lg-135744079-aug-gonville-.png
008249.png,note16,8,-1,lg-135744079-aug-gonville-.png
008250.png,note16,8,4,lg-135744079-aug-gonville-.png
008251.png,note16,8,5,lg-135744079-aug-gonville-.png
008252.png,note16,8,7,lg-135744079-aug-gonville-.png
008253.png,note8,8,5,lg-135744079-aug-gonville-.png
008254.png,note8,8,7,lg-135744079-aug-gonville-.png
008255.png,note8,8,-1,lg-135744079-aug-gonville-.png
008256.png,note8,8,4,lg-135744079-aug-gonville-.png
008257.png,note8,8,-1,lg-135744079-aug-gonville-.png
008258.png,note8,8,3,lg-135744079-aug-gonville-.png
008259.png,note4,8,5,lg-135744079-aug-gonville-.png
008260.png,note4,8,7,lg-135744079-aug-gonville-.png
008261.png,note4,4,-1,lg-135744079-aug-gonville-.png
008262.png,note4,4,4,lg-135744079-aug-gonville-.png
008263.png,note8,8,7,lg-135744079-aug-gonville-.png
008264.png,note4,8,5,lg-135744079-aug-gonville-.png
008265.png,note4,4,-1,lg-135744079-aug-gonville-.png
008266.png,note4,4,3,lg-135744079-aug-gonville-.png
008267.png,note4,8,3,lg-135744079-aug-gonville-.png
008268.png,note16,8,1,lg-135744079-aug-gonville-.png
008269.png,note4,8,3,lg-135744079-aug-gonville-.png
008270.png,note4,4,-1,lg-135744079-aug-gonville-.png
008271.png,note4,4,3,lg-135744079-aug-gonville-.png
008272.png,note16,8,-1,lg-135744079-aug-gonville-.png
008273.png,note16,8,1,lg-135744079-aug-gonville-.png
008274.png,note16,8,-1,lg-135744079-aug-gonville-.png
008275.png,note4,8,7,lg-135744079-aug-gonville-.png
008276.png,note16,8,3,lg-135744079-aug-gonville-.png
008277.png,note16,4,4,lg-135744079-aug-gonville-.png
008278.png,note16,4,6,lg-135744079-aug-gonville-.png
008279.png,note16,4,-1,lg-135744079-aug-gonville-.png
008280.png,note16,4,4,lg-135744079-aug-gonville-.png
008281.png,note4,4,-1,lg-135744079-aug-gonville-.png
008282.png,note4,4,5,lg-135744079-aug-gonville-.png
008283.png,note4,4,7,lg-135744079-aug-gonville-.png
008284.png,note4,4,3,lg-135744079-aug-gonville-.png
008285.png,note16,8,-1,lg-135744079-aug-gonville-.png
008286.png,note16,8,1,lg-135744079-aug-gonville-.png
008287.png,note16,8,4,lg-135744079-aug-gonville-.png
008288.png,note16,8,1,lg-135744079-aug-gonville-.png
008289.png,note16,8,-1,lg-135744079-aug-gonville-.png
008290.png,note16,8,3,lg-135744079-aug-gonville-.png
008291.png,note16,8,4,lg-135744079-aug-gonville-.png
008292.png,note4,4,4,lg-135744079-aug-gonville-.png
008293.png,note4,4,6,lg-135744079-aug-gonville-.png
008294.png,note4,4,-1,lg-135744079-aug-gonville-.png
008295.png,note4,4,4,lg-135744079-aug-gonville-.png
008296.png,note4,4,3,lg-135744079-aug-gonville-.png
008297.png,note4,4,-1,lg-135744079-aug-gonville-.png
008298.png,note4,8,7,lg-135744079-aug-gonville-.png
008299.png,note4,8,5,lg-135744079-aug-gonville-.png
008300.png,note16,8,4,lg-135744079-aug-gonville-.png
008301.png,note16,8,-1,lg-135744079-aug-gonville-.png
008302.png,note16,8,1,lg-135744079-aug-gonville-.png
008303.png,note8,8,5,lg-135744079-aug-gonville-.png
008304.png,note8,8,7,lg-135744079-aug-gonville-.png
008305.png,note8,8,-1,lg-135744079-aug-gonville-.png
008306.png,note4,8,7,lg-135744079-aug-gonville-.png
008307.png,note4,8,5,lg-135744079-aug-gonville-.png
008308.png,note8,8,3,lg-135744079-aug-gonville-.png
008309.png,note16,8,1,lg-135744079-aug-gonville-.png
008310.png,note8,4,3,lg-135744079-aug-gonville-.png
008311.png,note8,4,-1,lg-135744079-aug-gonville-.png
008312.png,note8,4,7,lg-135744079-aug-gonville-.png
008313.png,note8,4,5,lg-135744079-aug-gonville-.png
008314.png,note4,8,5,lg-135744079-aug-gonville-.png
008315.png,note16,8,5,lg-135744079-aug-gonville-.png
008316.png,note8,4,4,lg-135744079-aug-gonville-.png
008317.png,note8,4,-1,lg-135744079-aug-gonville-.png
008318.png,note16,8,7,lg-135744079-aug-gonville-.png
008319.png,note16,4,-1,lg-135744079-aug-gonville-.png
008320.png,note8,4,6,lg-135744079-aug-gonville-.png
008321.png,note16,4,4,lg-135744079-aug-gonville-.png
008322.png,note8,4,4,lg-135744079-aug-gonville-.png
008323.png,note16,8,-1,lg-135744079-aug-gonville-.png
008324.png,note16,8,3,lg-135744079-aug-gonville-.png
008325.png,note8,8,7,lg-135744079-aug-gonville-.png
008326.png,note4,8,5,lg-135744079-aug-gonville-.png
008327.png,note8,8,5,lg-135744079-aug-gonville-.png
008328.png,note4,4,4,lg-135744079-aug-gonville-.png
008329.png,note4,4,-1,lg-135744079-aug-gonville-.png
008330.png,note4,8,7,lg-135744079-aug-gonville-.png
008331.png,note4,8,5,lg-135744079-aug-gonville-.png
008332.png,note8,4,3,lg-135744079-aug-gonville-.png
008333.png,note8,4,-1,lg-135744079-aug-gonville-.png
008334.png,note8,8,5,lg-135744079-aug-gonville-.png
008335.png,note8,8,4,lg-135744079-aug-gonville-.png
008336.png,note8,8,-1,lg-135744079-aug-gonville-.png
008337.png,note8,8,7,lg-135744079-aug-gonville-.png
008338.png,note8,8,5,lg-135744079-aug-gonville-.png
008339.png,note4,4,3,lg-135744079-aug-gonville-.png
008340.png,note4,4,-1,lg-135744079-aug-gonville-.png
008341.png,note4,8,7,lg-135744079-aug-gonville-.png
008342.png,note16,8,7,lg-135744079-aug-gonville-.png
008343.png,note16,8,3,lg-135744079-aug-gonville-.png
008344.png,note16,8,-1,lg-135744079-aug-gonville-.png
008345.png,note16,8,5,lg-135744079-aug-gonville-.png
008346.png,note4,8,7,lg-135744079-aug-gonville-.png
008347.png,note4,8,5,lg-135744079-aug-gonville-.png
008348.png,note8,8,-1,lg-135744079-aug-gonville-.png
008349.png,note8,8,4,lg-135744079-aug-gonville-.png
008350.png,note4,8,4,lg-135744079-aug-gonville-.png
008351.png,note4,4,4,lg-135744079-aug-gonville-.png
008352.png,note4,4,-1,lg-135744079-aug-gonville-.png
008353.png,note4,8,1,lg-135744079-aug-gonville-.png
008354.png,note16,8,3,lg-135744079-aug-gonville-.png
008355.png,note16,8,-1,lg-135744079-aug-gonville-.png
008356.png,note16,8,3,lg-135744079-aug-gonville-.png
008357.png,note4,4,4,lg-135744079-aug-gonville-.png
008358.png,note4,4,-1,lg-135744079-aug-gonville-.png
008359.png,note4,8,7,lg-135744079-aug-gonville-.png
008360.png,note4,8,5,lg-135744079-aug-gonville-.png
008361.png,note8,8,3,lg-135744079-aug-gonville-.png
008362.png,note8,8,-1,lg-135744079-aug-gonville-.png
008363.png,note16,8,-1,lg-135744079-aug-gonville-.png
008364.png,note4,8,5,lg-135744079-aug-gonville-.png
008365.png,note16,8,4,lg-135744079-aug-gonville-.png
008366.png,note8,8,7,lg-135744079-aug-gonville-.png
008367.png,note16,8,7,lg-135744079-aug-gonville-.png
008368.png,note16,8,5,lg-135744079-aug-gonville-.png
008369.png,note4,8,7,lg-135744079-aug-gonville-.png
008370.png,note4,8,5,lg-135744079-aug-gonville-.png
008371.png,note8,8,5,lg-135744079-aug-gonville-.png
008372.png,note16,8,7,lg-135744079-aug-gonville-.png
008373.png,note16,8,5,lg-135744079-aug-gonville-.png
008374.png,note4,4,3,lg-135744079-aug-gonville-.png
008375.png,note4,4,-1,lg-135744079-aug-gonville-.png
008376.png,note4,8,7,lg-135744079-aug-gonville-.png
008377.png,note4,8,5,lg-135744079-aug-gonville-.png
008378.png,note16,8,3,lg-135744079-aug-gonville-.png
008379.png,note16,8,5,lg-135744079-aug-gonville-.png
008380.png,note16,8,-1,lg-135744079-aug-gonville-.png
008381.png,note16,8,7,lg-135744079-aug-gonville-.png
008382.png,note16,8,7,lg-135744079-aug-gonville-.png
008383.png,note16,8,5,lg-135744079-aug-gonville-.png
008384.png,note16,8,-1,lg-135744079-aug-gonville-.png
008385.png,note16,8,4,lg-135744079-aug-gonville-.png
008386.png,note16,8,5,lg-135744079-aug-gonville-.png
008387.png,note16,8,7,lg-135744079-aug-gonville-.png
008388.png,note16,4,4,lg-135744079-aug-gonville-.png
008389.png,note16,4,-1,lg-135744079-aug-gonville-.png
008390.png,note16,8,7,lg-135744079-aug-gonville-.png
008391.png,note16,8,5,lg-135744079-aug-gonville-.png
008392.png,note4,4,3,lg-135744079-aug-gonville-.png
008393.png,note4,4,-1,lg-135744079-aug-gonville-.png
008394.png,note4,8,7,lg-135744079-aug-gonville-.png
008395.png,note4,8,7,lg-135744079-aug-gonville-.png
008396.png,note4,8,5,lg-135744079-aug-gonville-.png
008397.png,note4,16,-7,lg-106609182-aug-emmentaler--page-2.png
008398.png,note8,8,-7,lg-106609182-aug-emmentaler--page-2.png
008399.png,note8,8,0,lg-106609182-aug-emmentaler--page-2.png
008400.png,note8,16,-12,lg-106609182-aug-emmentaler--page-2.png
008401.png,note8,8,-7,lg-106609182-aug-emmentaler--page-2.png
008402.png,note16,16,-7,lg-106609182-aug-emmentaler--page-2.png
008403.png,note16,16,-12,lg-106609182-aug-emmentaler--page-2.png
008404.png,note16,8,0,lg-106609182-aug-emmentaler--page-2.png
008405.png,note8,16,0,lg-106609182-aug-emmentaler--page-2.png
008406.png,note16,8,-7,lg-106609182-aug-emmentaler--page-2.png
008407.png,note16,16,-7,lg-106609182-aug-emmentaler--page-2.png
008408.png,note16,16,-12,lg-106609182-aug-emmentaler--page-2.png
008409.png,note16,8,0,lg-106609182-aug-emmentaler--page-2.png
008410.png,note8,16,0,lg-106609182-aug-emmentaler--page-2.png
008411.png,note16,8,-7,lg-106609182-aug-emmentaler--page-2.png
008412.png,note4,16,-7,lg-106609182-aug-emmentaler--page-2.png
008413.png,note16,8,-7,lg-106609182-aug-emmentaler--page-2.png
008414.png,note4,16,-7,lg-106609182-aug-emmentaler--page-2.png
008415.png,note4,16,-7,lg-106609182-aug-emmentaler--page-2.png
008416.png,note4,8,-7,lg-106609182-aug-emmentaler--page-2.png
008417.png,note16,8,-7,lg-106609182-aug-emmentaler--page-2.png
008418.png,note16,8,-3,lg-106609182-aug-emmentaler--page-2.png
008419.png,note8,16,-3,lg-106609182-aug-emmentaler--page-2.png
008420.png,note8,16,0,lg-106609182-aug-emmentaler--page-2.png
008421.png,note16,8,0,lg-106609182-aug-emmentaler--page-2.png
008422.png,note16,8,4,lg-106609182-aug-emmentaler--page-2.png
008423.png,note16,16,-12,lg-106609182-aug-emmentaler--page-2.png
008424.png,note16,16,-12,lg-106609182-aug-emmentaler--page-2.png
008425.png,note16,16,-7,lg-106609182-aug-emmentaler--page-2.png
008426.png,note16,8,0,lg-106609182-aug-emmentaler--page-2.png
008427.png,note8,16,0,lg-106609182-aug-emmentaler--page-2.png
008428.png,note16,8,-7,lg-106609182-aug-emmentaler--page-2.png
008429.png,note4,16,-7,lg-106609182-aug-emmentaler--page-2.png
008430.png,note4,16,-7,lg-106609182-aug-emmentaler--page-2.png
008431.png,note4,16,-7,lg-106609182-aug-emmentaler--page-2.png
008432.png,note16,8,0,lg-106609182-aug-emmentaler--page-2.png
008433.png,note16,16,-7,lg-106609182-aug-emmentaler--page-2.png
008434.png,note16,16,-12,lg-106609182-aug-emmentaler--page-2.png
008435.png,note16,8,-7,lg-106609182-aug-emmentaler--page-2.png
008436.png,note8,16,0,lg-106609182-aug-emmentaler--page-2.png
008437.png,note16,8,-7,lg-106609182-aug-emmentaler--page-2.png
008438.png,note16,16,-7,lg-106609182-aug-emmentaler--page-2.png
008439.png,note16,16,-12,lg-106609182-aug-emmentaler--page-2.png
008440.png,note16,8,0,lg-106609182-aug-emmentaler--page-2.png
008441.png,note8,16,0,lg-106609182-aug-emmentaler--page-2.png
008442.png,note16,8,-7,lg-106609182-aug-emmentaler--page-2.png
008443.png,note16,16,-12,lg-106609182-aug-emmentaler--page-2.png
008444.png,note16,8,-7,lg-106609182-aug-emmentaler--page-2.png
008445.png,note16,8,4,lg-106609182-aug-emmentaler--page-2.png
008446.png,note16,8,0,lg-106609182-aug-emmentaler--page-2.png
008447.png,note8,16,0,lg-106609182-aug-emmentaler--page-2.png
008448.png,note16,8,-3,lg-106609182-aug-emmentaler--page-2.png
008449.png,note4,4,-2,lg-106609182-aug-emmentaler--page-2.png
008450.png,note4,4,-2,lg-106609182-aug-emmentaler--page-2.png
008451.png,note4,4,-7,lg-106609182-aug-emmentaler--page-2.png
008452.png,note4,4,3,lg-106609182-aug-emmentaler--page-2.png
008453.png,note4,4,-4,lg-106609182-aug-emmentaler--page-2.png
008454.png,note4,4,1,lg-106609182-aug-emmentaler--page-2.png
008455.png,note4,4,-2,lg-106609182-aug-emmentaler--page-2.png
008456.png,note4,4,-7,lg-106609182-aug-emmentaler--page-2.png
008457.png,note4,4,-2,lg-106609182-aug-emmentaler--page-2.png
008458.png,note4,4,-7,lg-106609182-aug-emmentaler--page-2.png
008459.png,note4,4,-7,lg-106609182-aug-emmentaler--page-2.png
008460.png,note4,4,-2,lg-106609182-aug-emmentaler--page-2.png
008461.png,note4,4,-7,lg-106609182-aug-emmentaler--page-2.png
008462.png,note4,4,-7,lg-106609182-aug-emmentaler--page-2.png
008463.png,note4,4,-2,lg-106609182-aug-emmentaler--page-2.png
008464.png,note4,4,-7,lg-106609182-aug-emmentaler--page-2.png
008465.png,note4,4,-2,lg-106609182-aug-emmentaler--page-2.png
008466.png,note4,4,-7,lg-106609182-aug-emmentaler--page-2.png
008467.png,note4,4,-2,lg-106609182-aug-emmentaler--page-2.png
008468.png,note4,4,-2,lg-106609182-aug-emmentaler--page-2.png
008469.png,note4,4,-7,lg-106609182-aug-emmentaler--page-2.png
008470.png,note4,4,3,lg-106609182-aug-emmentaler--page-2.png
008471.png,note4,4,-4,lg-106609182-aug-emmentaler--page-2.png
008472.png,note4,4,1,lg-106609182-aug-emmentaler--page-2.png
008473.png,note4,4,-2,lg-106609182-aug-emmentaler--page-2.png
008474.png,note4,4,-7,lg-106609182-aug-emmentaler--page-2.png
008475.png,note4,16,-7,lg-106609182-aug-emmentaler--page-2.png
008476.png,note4,16,-7,lg-106609182-aug-emmentaler--page-2.png
008477.png,note4,16,-7,lg-106609182-aug-emmentaler--page-2.png
008478.png,note2,2,-5,lg-106609182-aug-emmentaler--page-2.png
008479.png,note2,2,-5,lg-106609182-aug-emmentaler--page-2.png
008480.png,note4,16,-7,lg-106609182-aug-emmentaler--page-2.png
008481.png,note2,2,-5,lg-106609182-aug-emmentaler--page-2.png
008482.png,note4,16,-7,lg-106609182-aug-emmentaler--page-2.png
008483.png,note4,8,-7,lg-106609182-aug-emmentaler--page-2.png
008484.png,note2,2,-5,lg-106609182-aug-emmentaler--page-2.png
008485.png,note2,2,0,lg-106609182-aug-emmentaler--page-2.png
008486.png,note2,2,-7,lg-106609182-aug-emmentaler--page-2.png
008487.png,note2,2,-7,lg-106609182-aug-emmentaler--page-2.png
008488.png,note2,2,-5,lg-106609182-aug-emmentaler--page-2.png
008489.png,note2,2,-5,lg-106609182-aug-emmentaler--page-2.png
008490.png,note2,2,-5,lg-106609182-aug-emmentaler--page-2.png
008491.png,note2,2,-5,lg-106609182-aug-emmentaler--page-2.png
008492.png,note4,16,-7,lg-106609182-aug-emmentaler--page-2.png
008493.png,note2,2,-5,lg-106609182-aug-emmentaler--page-2.png
008494.png,note2,2,-7,lg-106609182-aug-emmentaler--page-2.png
008495.png,note2,2,-7,lg-106609182-aug-emmentaler--page-2.png
008496.png,note2,2,0,lg-106609182-aug-emmentaler--page-2.png
008497.png,note2,2,-5,lg-106609182-aug-emmentaler--page-2.png
008498.png,note4,8,-7,lg-106609182-aug-emmentaler--page-2.png
008499.png,note4,16,-7,lg-106609182-aug-emmentaler--page-2.png
008500.png,note4,16,-7,lg-106609182-aug-emmentaler--page-2.png
008501.png,note4,4,-5,lg-106609182-aug-emmentaler--page-2.png
008502.png,note4,4,-5,lg-106609182-aug-emmentaler--page-2.png
008503.png,note4,4,-5,lg-106609182-aug-emmentaler--page-2.png
008504.png,note4,4,-5,lg-106609182-aug-emmentaler--page-2.png
008505.png,note4,4,-7,lg-106609182-aug-emmentaler--page-2.png
008506.png,note4,4,-7,lg-106609182-aug-emmentaler--page-2.png
008507.png,note4,4,-5,lg-106609182-aug-emmentaler--page-2.png
008508.png,note4,4,0,lg-106609182-aug-emmentaler--page-2.png
008509.png,note4,16,-7,lg-106609182-aug-emmentaler--page-2.png
008510.png,note4,8,-7,lg-106609182-aug-emmentaler--page-2.png
008511.png,note4,16,-7,lg-106609182-aug-emmentaler--page-2.png
008512.png,note4,8,-2,lg-533872927082689874-aug-emmentaler--page-2.png
008513.png,note4,8,-1,lg-533872927082689874-aug-emmentaler--page-2.png
008514.png,note4,8,-2,lg-533872927082689874-aug-emmentaler--page-2.png
008515.png,note2,2,1,lg-533872927082689874-aug-emmentaler--page-2.png
008516.png,note4,8,-3,lg-533872927082689874-aug-emmentaler--page-2.png
008517.png,note4,8,1,lg-533872927082689874-aug-emmentaler--page-2.png
008518.png,note4,8,0,lg-533872927082689874-aug-emmentaler--page-2.png
008519.png,note2,2,2,lg-533872927082689874-aug-emmentaler--page-2.png
008520.png,note4,8,-1,lg-533872927082689874-aug-emmentaler--page-2.png
008521.png,note4,8,1,lg-533872927082689874-aug-emmentaler--page-2.png
008522.png,note4,8,0,lg-533872927082689874-aug-emmentaler--page-2.png
008523.png,note4,8,0,lg-533872927082689874-aug-emmentaler--page-2.png
008524.png,note4,8,-3,lg-533872927082689874-aug-emmentaler--page-2.png
008525.png,note4,8,-2,lg-533872927082689874-aug-emmentaler--page-2.png
008526.png,note4,8,-4,lg-533872927082689874-aug-emmentaler--page-2.png
008527.png,note4,8,0,lg-533872927082689874-aug-emmentaler--page-2.png
008528.png,note4,8,-2,lg-533872927082689874-aug-emmentaler--page-2.png
008529.png,note4,8,-1,lg-533872927082689874-aug-emmentaler--page-2.png
008530.png,note4,4,3,lg-533872927082689874-aug-emmentaler--page-2.png
008531.png,note4,8,1,lg-533872927082689874-aug-emmentaler--page-2.png
008532.png,note4,8,0,lg-533872927082689874-aug-emmentaler--page-2.png
008533.png,note4,8,2,lg-533872927082689874-aug-emmentaler--page-2.png
008534.png,note4,4,0,lg-533872927082689874-aug-emmentaler--page-2.png
008535.png,note2,2,4,lg-533872927082689874-aug-emmentaler--page-2.png
008536.png,note4,8,-1,lg-533872927082689874-aug-emmentaler--page-2.png
008537.png,note4,8,3,lg-533872927082689874-aug-emmentaler--page-2.png
008538.png,note4,8,-1,lg-533872927082689874-aug-emmentaler--page-2.png
008539.png,note4,8,0,lg-533872927082689874-aug-emmentaler--page-2.png
008540.png,note4,8,1,lg-533872927082689874-aug-emmentaler--page-2.png
008541.png,note4,8,1,lg-533872927082689874-aug-emmentaler--page-2.png
008542.png,note4,8,2,lg-533872927082689874-aug-emmentaler--page-2.png
008543.png,note4,4,-2,lg-533872927082689874-aug-emmentaler--page-2.png
008544.png,note4,8,-3,lg-533872927082689874-aug-emmentaler--page-2.png
008545.png,note4,8,0,lg-533872927082689874-aug-emmentaler--page-2.png
008546.png,note4,8,-3,lg-533872927082689874-aug-emmentaler--page-2.png
008547.png,note4,8,-4,lg-533872927082689874-aug-emmentaler--page-2.png
008548.png,note4,4,-1,lg-533872927082689874-aug-emmentaler--page-2.png
008549.png,note8,8,-1,lg-533872927082689874-aug-emmentaler--page-2.png
008550.png,note8,8,-4,lg-533872927082689874-aug-emmentaler--page-2.png
008551.png,note4,8,-2,lg-533872927082689874-aug-emmentaler--page-2.png
008552.png,note4,4,-1,lg-533872927082689874-aug-emmentaler--page-2.png
008553.png,note4,4,-4,lg-533872927082689874-aug-emmentaler--page-2.png
008554.png,note4,8,-5,lg-533872927082689874-aug-emmentaler--page-2.png
008555.png,note4,4,-3,lg-533872927082689874-aug-emmentaler--page-2.png
008556.png,note4,8,-4,lg-533872927082689874-aug-emmentaler--page-2.png
008557.png,note2,2,1,lg-533872927082689874-aug-emmentaler--page-2.png
008558.png,note4,4,0,lg-533872927082689874-aug-emmentaler--page-2.png
008559.png,note2,2,4,lg-533872927082689874-aug-emmentaler--page-2.png
008560.png,note4,8,-6,lg-533872927082689874-aug-emmentaler--page-2.png
008561.png,note4,8,-5,lg-533872927082689874-aug-emmentaler--page-2.png
008562.png,note4,8,-4,lg-533872927082689874-aug-emmentaler--page-2.png
008563.png,note4,8,-3,lg-533872927082689874-aug-emmentaler--page-2.png
008564.png,note4,4,-3,lg-533872927082689874-aug-emmentaler--page-2.png
008565.png,note4,8,-6,lg-533872927082689874-aug-emmentaler--page-2.png
008566.png,note2,2,-2,lg-533872927082689874-aug-emmentaler--page-2.png
008567.png,note4,8,0,lg-533872927082689874-aug-emmentaler--page-2.png
008568.png,note4,8,-2,lg-533872927082689874-aug-emmentaler--page-2.png
008569.png,note4,8,-2,lg-533872927082689874-aug-emmentaler--page-2.png
008570.png,note4,8,-3,lg-533872927082689874-aug-emmentaler--page-2.png
008571.png,note2,2,-1,lg-533872927082689874-aug-emmentaler--page-2.png
008572.png,note4,8,-4,lg-533872927082689874-aug-emmentaler--page-2.png
008573.png,note4,8,-3,lg-533872927082689874-aug-emmentaler--page-2.png
008574.png,note4,8,-3,lg-533872927082689874-aug-emmentaler--page-2.png
008575.png,note4,8,-5,lg-533872927082689874-aug-emmentaler--page-2.png
008576.png,note4,4,0,lg-533872927082689874-aug-emmentaler--page-2.png
008577.png,note4,8,-2,lg-533872927082689874-aug-emmentaler--page-2.png
008578.png,note4,4,-6,lg-533872927082689874-aug-emmentaler--page-2.png
008579.png,note4,8,-3,lg-533872927082689874-aug-emmentaler--page-2.png
008580.png,note4,4,-6,lg-533872927082689874-aug-emmentaler--page-2.png
008581.png,note4,8,6,lg-533872927082689874-aug-emmentaler--page-2.png
008582.png,note4,8,4,lg-533872927082689874-aug-emmentaler--page-2.png
008583.png,note4,8,-2,lg-533872927082689874-aug-emmentaler--page-2.png
008584.png,note4,4,5,lg-533872927082689874-aug-emmentaler--page-2.png
008585.png,note4,4,7,lg-533872927082689874-aug-emmentaler--page-2.png
008586.png,note8,8,5,lg-533872927082689874-aug-emmentaler--page-2.png
008587.png,note4,8,-4,lg-533872927082689874-aug-emmentaler--page-2.png
008588.png,note8,4,7,lg-533872927082689874-aug-emmentaler--page-2.png
008589.png,note4,8,-5,lg-533872927082689874-aug-emmentaler--page-2.png
008590.png,note2,2.,-5,lg-533872927082689874-aug-emmentaler--page-2.png
008591.png,note4,8,5,lg-533872927082689874-aug-emmentaler--page-2.png
008592.png,note4,4,-5,lg-533872927082689874-aug-emmentaler--page-2.png
008593.png,note4,4,-1,lg-533872927082689874-aug-emmentaler--page-2.png
008594.png,note4,8,4,lg-533872927082689874-aug-emmentaler--page-2.png
008595.png,note4,8,-2,lg-533872927082689874-aug-emmentaler--page-2.png
008596.png,note8,8,4,lg-533872927082689874-aug-emmentaler--page-2.png
008597.png,note8,8,6,lg-533872927082689874-aug-emmentaler--page-2.png
008598.png,note4,8,5,lg-533872927082689874-aug-emmentaler--page-2.png
008599.png,note4,8,3,lg-533872927082689874-aug-emmentaler--page-2.png
008600.png,note4,8,-1,lg-533872927082689874-aug-emmentaler--page-2.png
008601.png,note4,4,-1,lg-533872927082689874-aug-emmentaler--page-2.png
008602.png,note4,8,-4,lg-533872927082689874-aug-emmentaler--page-2.png
008603.png,note4,8,-5,lg-533872927082689874-aug-emmentaler--page-2.png
008604.png,note4,8,-6,lg-533872927082689874-aug-emmentaler--page-2.png
008605.png,note4,4,6,lg-533872927082689874-aug-emmentaler--page-2.png
008606.png,note4,4,1,lg-533872927082689874-aug-emmentaler--page-2.png
008607.png,note4,8,-5,lg-533872927082689874-aug-emmentaler--page-2.png
008608.png,note4,8,8,lg-533872927082689874-aug-emmentaler--page-2.png
008609.png,note4,8,3,lg-533872927082689874-aug-emmentaler--page-2.png
008610.png,note8,4,-7,lg-533872927082689874-aug-emmentaler--page-2.png
008611.png,note4,8,4,lg-533872927082689874-aug-emmentaler--page-2.png
008612.png,note4,8,-6,lg-533872927082689874-aug-emmentaler--page-2.png
008613.png,note4,8,5,lg-533872927082689874-aug-emmentaler--page-2.png
008614.png,note4,8,0,lg-533872927082689874-aug-emmentaler--page-2.png
008615.png,note4,8,-6,lg-533872927082689874-aug-emmentaler--page-2.png
008616.png,note4,8,7,lg-533872927082689874-aug-emmentaler--page-2.png
008617.png,note4,8,2,lg-533872927082689874-aug-emmentaler--page-2.png
008618.png,note4,8,6,lg-533872927082689874-aug-emmentaler--page-2.png
008619.png,note4,8,1,lg-533872927082689874-aug-emmentaler--page-2.png
008620.png,note4,8,-7,lg-533872927082689874-aug-emmentaler--page-2.png
008621.png,note8,8,-1,lg-533872927082689874-aug-emmentaler--page-2.png
008622.png,note4,8,1,lg-533872927082689874-aug-emmentaler--page-2.png
008623.png,note4,8,1,lg-533872927082689874-aug-emmentaler--page-2.png
008624.png,note4,8,2,lg-533872927082689874-aug-emmentaler--page-2.png
008625.png,note4,4,2,lg-533872927082689874-aug-emmentaler--page-2.png
008626.png,note4,4,4,lg-533872927082689874-aug-emmentaler--page-2.png
008627.png,note4,8,3,lg-533872927082689874-aug-emmentaler--page-2.png
008628.png,note4,8,3,lg-533872927082689874-aug-emmentaler--page-2.png
008629.png,note4,8,0,lg-533872927082689874-aug-emmentaler--page-2.png
008630.png,note4,4,3,lg-533872927082689874-aug-emmentaler--page-2.png
008631.png,note4,4,-1,lg-533872927082689874-aug-emmentaler--page-2.png
008632.png,note4,8,1,lg-533872927082689874-aug-emmentaler--page-2.png
008633.png,note4,8,2,lg-533872927082689874-aug-emmentaler--page-2.png
008634.png,note4,4,2,lg-533872927082689874-aug-emmentaler--page-2.png
008635.png,note4,4,1,lg-533872927082689874-aug-emmentaler--page-2.png
008636.png,note4,4,0,lg-533872927082689874-aug-emmentaler--page-2.png
008637.png,note4,8,3,lg-533872927082689874-aug-emmentaler--page-2.png
008638.png,note4,8,3,lg-533872927082689874-aug-emmentaler--page-2.png
008639.png,note4,4,4,lg-533872927082689874-aug-emmentaler--page-2.png
008640.png,note4,8,4,lg-533872927082689874-aug-emmentaler--page-2.png
008641.png,note4,4,3,lg-533872927082689874-aug-emmentaler--page-2.png
008642.png,note2,2,3,lg-533872927082689874-aug-emmentaler--page-2.png
008643.png,note4,8,2,lg-533872927082689874-aug-emmentaler--page-2.png
008644.png,note4,4,0,lg-533872927082689874-aug-emmentaler--page-2.png
008645.png,note4,4,7,lg-533872927082689874-aug-emmentaler--page-2.png
008646.png,note4,4,-3,lg-533872927082689874-aug-emmentaler--page-2.png
008647.png,note4,8,-2,lg-533872927082689874-aug-emmentaler--page-2.png
008648.png,note4,4,4,lg-533872927082689874-aug-emmentaler--page-2.png
008649.png,note4,8,-1,lg-533872927082689874-aug-emmentaler--page-2.png
008650.png,note4,8,-3,lg-533872927082689874-aug-emmentaler--page-2.png
008651.png,note4,8,-4,lg-533872927082689874-aug-emmentaler--page-2.png
008652.png,note4,4.,3,lg-533872927082689874-aug-emmentaler--page-2.png
008653.png,note4,8,3,lg-533872927082689874-aug-emmentaler--page-2.png
008654.png,note4,4,-2,lg-533872927082689874-aug-emmentaler--page-2.png
008655.png,note4,8,-3,lg-533872927082689874-aug-emmentaler--page-2.png
008656.png,note4,8,0,lg-533872927082689874-aug-emmentaler--page-2.png
008657.png,note4,4,-2,lg-533872927082689874-aug-emmentaler--page-2.png
008658.png,note4,4,-1,lg-533872927082689874-aug-emmentaler--page-2.png
008659.png,note4,4,5,lg-533872927082689874-aug-emmentaler--page-2.png
008660.png,note4,4,2,lg-533872927082689874-aug-emmentaler--page-2.png
008661.png,note4,8,-1,lg-533872927082689874-aug-emmentaler--page-2.png
008662.png,note4,8,-2,lg-533872927082689874-aug-emmentaler--page-2.png
008663.png,note4,4,2,lg-533872927082689874-aug-emmentaler--page-2.png
008664.png,note4,8,0,lg-533872927082689874-aug-emmentaler--page-2.png
008665.png,note4,4,-1,lg-533872927082689874-aug-emmentaler--page-2.png
008666.png,note2,2,0,lg-533872927082689874-aug-emmentaler--page-2.png
008667.png,note4,4,-1,lg-533872927082689874-aug-emmentaler--page-2.png
008668.png,note4,8,1,lg-533872927082689874-aug-emmentaler--page-2.png
008669.png,note8,4,-3,lg-533872927082689874-aug-emmentaler--page-2.png
008670.png,note8,8,0,lg-533872927082689874-aug-emmentaler--page-2.png
008671.png,note8,2,2,lg-533872927082689874-aug-emmentaler--page-2.png
008672.png,note8,4,-5,lg-533872927082689874-aug-emmentaler--page-2.png
008673.png,note4,8,-2,lg-533872927082689874-aug-emmentaler--page-2.png
008674.png,note4,8,-1,lg-533872927082689874-aug-emmentaler--page-2.png
008675.png,note4,4,2,lg-533872927082689874-aug-emmentaler--page-2.png
008676.png,note4,8,0,lg-533872927082689874-aug-emmentaler--page-2.png
008677.png,note8,8,0,lg-533872927082689874-aug-emmentaler--page-2.png
008678.png,note4,8,-2,lg-533872927082689874-aug-emmentaler--page-2.png
008679.png,note4,8,-1,lg-533872927082689874-aug-emmentaler--page-2.png
008680.png,note4,8,2,lg-533872927082689874-aug-emmentaler--page-2.png
008681.png,note4,8,1,lg-533872927082689874-aug-emmentaler--page-2.png
008682.png,note4,8,-3,lg-533872927082689874-aug-emmentaler--page-2.png
008683.png,note4,4,-3,lg-533872927082689874-aug-emmentaler--page-2.png
008684.png,note4,8,4,lg-533872927082689874-aug-emmentaler--page-2.png
008685.png,note4,8,2,lg-533872927082689874-aug-emmentaler--page-2.png
008686.png,note4,8,3,lg-533872927082689874-aug-emmentaler--page-2.png
008687.png,note4,4,2,lg-533872927082689874-aug-emmentaler--page-2.png
008688.png,note4,4,3,lg-533872927082689874-aug-emmentaler--page-2.png
008689.png,note2,2,3,lg-533872927082689874-aug-emmentaler--page-2.png
008690.png,note4,8,2,lg-533872927082689874-aug-emmentaler--page-2.png
008691.png,note4,4,4,lg-533872927082689874-aug-emmentaler--page-2.png
008692.png,note4,8,4,lg-533872927082689874-aug-emmentaler--page-2.png
008693.png,note8,8,2,lg-533872927082689874-aug-emmentaler--page-2.png
008694.png,note8,8,3,lg-533872927082689874-aug-emmentaler--page-2.png
008695.png,note4,8,2,lg-533872927082689874-aug-emmentaler--page-2.png
008696.png,note4,8,-2,lg-533872927082689874-aug-emmentaler--page-2.png
008697.png,note4,8,-3,lg-533872927082689874-aug-emmentaler--page-2.png
008698.png,note4,8,3,lg-533872927082689874-aug-emmentaler--page-2.png
008699.png,note4,8,3,lg-533872927082689874-aug-emmentaler--page-2.png
008700.png,note4,8,2,lg-533872927082689874-aug-emmentaler--page-2.png
008701.png,note4,8,2,lg-533872927082689874-aug-emmentaler--page-2.png
008702.png,note2,2.,0,lg-533872927082689874-aug-emmentaler--page-2.png
008703.png,note2,2,0,lg-533872927082689874-aug-emmentaler--page-2.png
008704.png,note4,4,-1,lg-533872927082689874-aug-emmentaler--page-2.png
008705.png,note4,8,1,lg-533872927082689874-aug-emmentaler--page-2.png
008706.png,note4,8,-1,lg-533872927082689874-aug-emmentaler--page-2.png
008707.png,note4,8,-2,lg-533872927082689874-aug-emmentaler--page-2.png
008708.png,note4,8,-2,lg-533872927082689874-aug-emmentaler--page-2.png
008709.png,note4,8,4,lg-533872927082689874-aug-emmentaler--page-2.png
008710.png,note2,2,-3,lg-533872927082689874-aug-emmentaler--page-2.png
008711.png,note1,1,2,lg-533872927082689874-aug-emmentaler--page-2.png
008712.png,note4,4,5,lg-533872927082689874-aug-emmentaler--page-2.png
008713.png,note4,8,-3,lg-533872927082689874-aug-emmentaler--page-2.png
008714.png,note2,2.,-4,lg-533872927082689874-aug-emmentaler--page-2.png
008715.png,note4,8,-1,lg-533872927082689874-aug-emmentaler--page-2.png
008716.png,note4,8,1,lg-533872927082689874-aug-emmentaler--page-2.png
008717.png,note4,8,1,lg-533872927082689874-aug-emmentaler--page-2.png
008718.png,note4,8,-2,lg-533872927082689874-aug-emmentaler--page-2.png
008719.png,note4,8,0,lg-533872927082689874-aug-emmentaler--page-2.png
008720.png,note2,2,1,lg-533872927082689874-aug-emmentaler--page-2.png
008721.png,note4,8,2,lg-533872927082689874-aug-emmentaler--page-2.png
008722.png,note2,2,1,lg-533872927082689874-aug-emmentaler--page-2.png
008723.png,note4,8,3,lg-533872927082689874-aug-emmentaler--page-2.png
008724.png,note4,4,-4,lg-533872927082689874-aug-emmentaler--page-2.png
008725.png,note4,4,-2,lg-533872927082689874-aug-emmentaler--page-2.png
008726.png,note4,8,0,lg-533872927082689874-aug-emmentaler--page-2.png
008727.png,note4,8,2,lg-533872927082689874-aug-emmentaler--page-2.png
008728.png,note4,8,-3,lg-533872927082689874-aug-emmentaler--page-2.png
008729.png,note4,8,-1,lg-533872927082689874-aug-emmentaler--page-2.png
008730.png,note4,8,-2,lg-533872927082689874-aug-emmentaler--page-2.png
008731.png,note4,8,-1,lg-533872927082689874-aug-emmentaler--page-2.png
008732.png,note4,8,0,lg-533872927082689874-aug-emmentaler--page-2.png
008733.png,note4,8,1,lg-533872927082689874-aug-emmentaler--page-2.png
008734.png,note4,8,0,lg-533872927082689874-aug-emmentaler--page-2.png
008735.png,note4,4,-1,lg-666084489013740342-aug-gutenberg1939--page-7.png
008736.png,note4,8,1,lg-666084489013740342-aug-gutenberg1939--page-7.png
008737.png,note4,8,2,lg-666084489013740342-aug-gutenberg1939--page-7.png
008738.png,note4,4,0,lg-666084489013740342-aug-gutenberg1939--page-7.png
008739.png,note4,4,2,lg-666084489013740342-aug-gutenberg1939--page-7.png
008740.png,note4,4,-3,lg-666084489013740342-aug-gutenberg1939--page-7.png
008741.png,note4,8,4,lg-666084489013740342-aug-gutenberg1939--page-7.png
008742.png,note4,4,-2,lg-666084489013740342-aug-gutenberg1939--page-7.png
008743.png,note4,4,-1,lg-666084489013740342-aug-gutenberg1939--page-7.png
008744.png,note2,2,4,lg-666084489013740342-aug-gutenberg1939--page-7.png
008745.png,note4,8,4,lg-666084489013740342-aug-gutenberg1939--page-7.png
008746.png,note2,2,4,lg-666084489013740342-aug-gutenberg1939--page-7.png
008747.png,note4,8,0,lg-666084489013740342-aug-gutenberg1939--page-7.png
008748.png,note4,4,0,lg-666084489013740342-aug-gutenberg1939--page-7.png
008749.png,note4,4,-7,lg-666084489013740342-aug-gutenberg1939--page-7.png
008750.png,note4,8,0,lg-666084489013740342-aug-gutenberg1939--page-7.png
008751.png,note4,8,1,lg-666084489013740342-aug-gutenberg1939--page-7.png
008752.png,note4,8,4,lg-666084489013740342-aug-gutenberg1939--page-7.png
008753.png,note4,8,1,lg-666084489013740342-aug-gutenberg1939--page-7.png
008754.png,note4,8,6,lg-666084489013740342-aug-gutenberg1939--page-7.png
008755.png,note4,4,3,lg-666084489013740342-aug-gutenberg1939--page-7.png
008756.png,note4,8,7,lg-666084489013740342-aug-gutenberg1939--page-7.png
008757.png,note4,8,5,lg-666084489013740342-aug-gutenberg1939--page-7.png
008758.png,note4,8,5,lg-666084489013740342-aug-gutenberg1939--page-7.png
008759.png,note4,8,4,lg-666084489013740342-aug-gutenberg1939--page-7.png
008760.png,note2,2,0,lg-666084489013740342-aug-gutenberg1939--page-7.png
008761.png,note4,8,4,lg-666084489013740342-aug-gutenberg1939--page-7.png
008762.png,note4,4,1,lg-666084489013740342-aug-gutenberg1939--page-7.png
008763.png,note4,8,4,lg-666084489013740342-aug-gutenberg1939--page-7.png
008764.png,note4,4,3,lg-666084489013740342-aug-gutenberg1939--page-7.png
008765.png,note4,8,5,lg-666084489013740342-aug-gutenberg1939--page-7.png
008766.png,note4,8,4,lg-666084489013740342-aug-gutenberg1939--page-7.png
008767.png,note4,4,-8,lg-666084489013740342-aug-gutenberg1939--page-7.png
008768.png,note4,8,1,lg-666084489013740342-aug-gutenberg1939--page-7.png
008769.png,note2,2,4,lg-666084489013740342-aug-gutenberg1939--page-7.png
008770.png,note4,8,2,lg-666084489013740342-aug-gutenberg1939--page-7.png
008771.png,note4,4,-6,lg-666084489013740342-aug-gutenberg1939--page-7.png
008772.png,note4,8,3,lg-666084489013740342-aug-gutenberg1939--page-7.png
008773.png,note2,2,6,lg-666084489013740342-aug-gutenberg1939--page-7.png
008774.png,note4,8,3,lg-666084489013740342-aug-gutenberg1939--page-7.png
008775.png,note4,8,3,lg-666084489013740342-aug-gutenberg1939--page-7.png
008776.png,note4,8,2,lg-666084489013740342-aug-gutenberg1939--page-7.png
008777.png,note4,4,-4,lg-666084489013740342-aug-gutenberg1939--page-7.png
008778.png,note2,2,2,lg-666084489013740342-aug-gutenberg1939--page-7.png
008779.png,note4,8,2,lg-666084489013740342-aug-gutenberg1939--page-7.png
008780.png,note4,8,3,lg-666084489013740342-aug-gutenberg1939--page-7.png
008781.png,note4,8,-2,lg-666084489013740342-aug-gutenberg1939--page-7.png
008782.png,note4,8,4,lg-666084489013740342-aug-gutenberg1939--page-7.png
008783.png,note4,8,0,lg-666084489013740342-aug-gutenberg1939--page-7.png
008784.png,note4,8,3,lg-666084489013740342-aug-gutenberg1939--page-7.png
008785.png,note4,8,-3,lg-666084489013740342-aug-gutenberg1939--page-7.png
008786.png,note4,8,0,lg-666084489013740342-aug-gutenberg1939--page-7.png
008787.png,note4,4,4,lg-666084489013740342-aug-gutenberg1939--page-7.png
008788.png,note4,8,4,lg-666084489013740342-aug-gutenberg1939--page-7.png
008789.png,note4,4,5,lg-666084489013740342-aug-gutenberg1939--page-7.png
008790.png,note4,8,1,lg-666084489013740342-aug-gutenberg1939--page-7.png
008791.png,note4,8,3,lg-666084489013740342-aug-gutenberg1939--page-7.png
008792.png,note4,8,3,lg-666084489013740342-aug-gutenberg1939--page-7.png
008793.png,note4,8,2,lg-666084489013740342-aug-gutenberg1939--page-7.png
008794.png,note4,8,0,lg-666084489013740342-aug-gutenberg1939--page-7.png
008795.png,note4,8,3,lg-666084489013740342-aug-gutenberg1939--page-7.png
008796.png,note4,8,2,lg-666084489013740342-aug-gutenberg1939--page-7.png
008797.png,note4,4,2,lg-666084489013740342-aug-gutenberg1939--page-7.png
008798.png,note4,4,0,lg-666084489013740342-aug-gutenberg1939--page-7.png
008799.png,note4,4,3,lg-666084489013740342-aug-gutenberg1939--page-7.png
008800.png,note4,8,1,lg-666084489013740342-aug-gutenberg1939--page-7.png
008801.png,note4,8,0,lg-666084489013740342-aug-gutenberg1939--page-7.png
008802.png,note4,8,2,lg-666084489013740342-aug-gutenberg1939--page-7.png
008803.png,note2,2,4,lg-666084489013740342-aug-gutenberg1939--page-7.png
008804.png,note4,4,1,lg-666084489013740342-aug-gutenberg1939--page-7.png
008805.png,note4,4,3,lg-666084489013740342-aug-gutenberg1939--page-7.png
008806.png,note2,2,4,lg-666084489013740342-aug-gutenberg1939--page-7.png
008807.png,note4,8,4,lg-666084489013740342-aug-gutenberg1939--page-7.png
008808.png,note2,2,-1,lg-666084489013740342-aug-gutenberg1939--page-7.png
008809.png,note4,8,4,lg-666084489013740342-aug-gutenberg1939--page-7.png
008810.png,note4,8,3,lg-666084489013740342-aug-gutenberg1939--page-7.png
008811.png,note4,4,4,lg-666084489013740342-aug-gutenberg1939--page-7.png
008812.png,note4,4,1,lg-666084489013740342-aug-gutenberg1939--page-7.png
008813.png,note4,4,-3,lg-666084489013740342-aug-gutenberg1939--page-7.png
008814.png,note4,8,3,lg-666084489013740342-aug-gutenberg1939--page-7.png
008815.png,note4,8,2,lg-666084489013740342-aug-gutenberg1939--page-7.png
008816.png,note4,8,6,lg-666084489013740342-aug-gutenberg1939--page-7.png
008817.png,note4,4,1,lg-666084489013740342-aug-gutenberg1939--page-7.png
008818.png,note4,8,4,lg-666084489013740342-aug-gutenberg1939--page-7.png
008819.png,note4,8,5,lg-666084489013740342-aug-gutenberg1939--page-7.png
008820.png,note4,8,1,lg-666084489013740342-aug-gutenberg1939--page-7.png
008821.png,note4,8,4,lg-666084489013740342-aug-gutenberg1939--page-7.png
008822.png,note4,8,0,lg-666084489013740342-aug-gutenberg1939--page-7.png
008823.png,note2,2,4,lg-666084489013740342-aug-gutenberg1939--page-7.png
008824.png,note4,4,1,lg-666084489013740342-aug-gutenberg1939--page-7.png
008825.png,note2,2,3,lg-666084489013740342-aug-gutenberg1939--page-7.png
008826.png,note4,4,5,lg-666084489013740342-aug-gutenberg1939--page-7.png
008827.png,note4,8,2,lg-666084489013740342-aug-gutenberg1939--page-7.png
008828.png,note4,4,3,lg-666084489013740342-aug-gutenberg1939--page-7.png
008829.png,note4,8,7,lg-666084489013740342-aug-gutenberg1939--page-7.png
008830.png,note4,8,4,lg-666084489013740342-aug-gutenberg1939--page-7.png
008831.png,note2,2,4,lg-666084489013740342-aug-gutenberg1939--page-7.png
008832.png,note4,8,4,lg-666084489013740342-aug-gutenberg1939--page-7.png
008833.png,note4,4,1,lg-666084489013740342-aug-gutenberg1939--page-7.png
008834.png,note4,8,5,lg-666084489013740342-aug-gutenberg1939--page-7.png
008835.png,note4,8,5,lg-666084489013740342-aug-gutenberg1939--page-7.png
008836.png,note2,2,6,lg-666084489013740342-aug-gutenberg1939--page-7.png
008837.png,note4,4,1,lg-666084489013740342-aug-gutenberg1939--page-7.png
008838.png,note4,8,6,lg-666084489013740342-aug-gutenberg1939--page-7.png
008839.png,note4,4,3,lg-666084489013740342-aug-gutenberg1939--page-7.png
008840.png,note4,4,3,lg-666084489013740342-aug-gutenberg1939--page-7.png
008841.png,note4,8,5,lg-666084489013740342-aug-gutenberg1939--page-7.png
008842.png,note4,8,4,lg-666084489013740342-aug-gutenberg1939--page-7.png
008843.png,note4,4,3,lg-666084489013740342-aug-gutenberg1939--page-7.png
008844.png,note2,2,2,lg-666084489013740342-aug-gutenberg1939--page-7.png
008845.png,note4,8,4,lg-666084489013740342-aug-gutenberg1939--page-7.png
008846.png,note2,2,1,lg-666084489013740342-aug-gutenberg1939--page-7.png
008847.png,note4,4,3,lg-666084489013740342-aug-gutenberg1939--page-7.png
008848.png,note4,4,5,lg-666084489013740342-aug-gutenberg1939--page-7.png
008849.png,note4,8,2,lg-666084489013740342-aug-gutenberg1939--page-7.png
008850.png,note4,4,-3,lg-666084489013740342-aug-gutenberg1939--page-7.png
008851.png,note4,8,3,lg-666084489013740342-aug-gutenberg1939--page-7.png
008852.png,note4,8,1,lg-666084489013740342-aug-gutenberg1939--page-7.png
008853.png,note4,4,4,lg-666084489013740342-aug-gutenberg1939--page-7.png
008854.png,note4,8,1,lg-666084489013740342-aug-gutenberg1939--page-7.png
008855.png,note4,8,-3,lg-666084489013740342-aug-gutenberg1939--page-7.png
008856.png,note4,4,-6,lg-666084489013740342-aug-gutenberg1939--page-7.png
008857.png,note4,4,0,lg-666084489013740342-aug-gutenberg1939--page-7.png
008858.png,note4,8,4,lg-666084489013740342-aug-gutenberg1939--page-7.png
008859.png,note4,4,-2,lg-666084489013740342-aug-gutenberg1939--page-7.png
008860.png,note4,8,5,lg-666084489013740342-aug-gutenberg1939--page-7.png
008861.png,note4,8,-2,lg-666084489013740342-aug-gutenberg1939--page-7.png
008862.png,note4,8,2,lg-666084489013740342-aug-gutenberg1939--page-7.png
008863.png,note4,4,3,lg-666084489013740342-aug-gutenberg1939--page-7.png
008864.png,note4,8,3,lg-666084489013740342-aug-gutenberg1939--page-7.png
008865.png,note4,4,4,lg-666084489013740342-aug-gutenberg1939--page-7.png
008866.png,note4,4,3,lg-666084489013740342-aug-gutenberg1939--page-7.png
008867.png,note4,4,3,lg-666084489013740342-aug-gutenberg1939--page-7.png
008868.png,note4,8,1,lg-666084489013740342-aug-gutenberg1939--page-7.png
008869.png,note4,8,2,lg-666084489013740342-aug-gutenberg1939--page-7.png
008870.png,note1,1,2,lg-666084489013740342-aug-gutenberg1939--page-7.png
008871.png,note4,8,4,lg-666084489013740342-aug-gutenberg1939--page-7.png
008872.png,note4,4,3,lg-666084489013740342-aug-gutenberg1939--page-7.png
008873.png,note4,8,1,lg-666084489013740342-aug-gutenberg1939--page-7.png
008874.png,note4,8,3,lg-666084489013740342-aug-gutenberg1939--page-7.png
008875.png,note4,4,4,lg-666084489013740342-aug-gutenberg1939--page-7.png
008876.png,note4,4,-1,lg-666084489013740342-aug-gutenberg1939--page-7.png
008877.png,note4,4,1,lg-666084489013740342-aug-gutenberg1939--page-7.png
008878.png,note4,8,2,lg-666084489013740342-aug-gutenberg1939--page-7.png
008879.png,note4,8,2,lg-666084489013740342-aug-gutenberg1939--page-7.png
008880.png,note4,4,1,lg-666084489013740342-aug-gutenberg1939--page-7.png
008881.png,note4,8,3,lg-666084489013740342-aug-gutenberg1939--page-7.png
008882.png,note4,4,2,lg-666084489013740342-aug-gutenberg1939--page-7.png
008883.png,note2,2,2,lg-666084489013740342-aug-gutenberg1939--page-7.png
008884.png,note4,8,3,lg-666084489013740342-aug-gutenberg1939--page-7.png
008885.png,note4,8,2,lg-666084489013740342-aug-gutenberg1939--page-7.png
008886.png,note4,8,4,lg-666084489013740342-aug-gutenberg1939--page-7.png
008887.png,note4,8,1,lg-666084489013740342-aug-gutenberg1939--page-7.png
008888.png,note4,8,0,lg-666084489013740342-aug-gutenberg1939--page-7.png
008889.png,note4,4,2,lg-666084489013740342-aug-gutenberg1939--page-7.png
008890.png,note4,8,1,lg-666084489013740342-aug-gutenberg1939--page-7.png
008891.png,note4,4,3,lg-666084489013740342-aug-gutenberg1939--page-7.png
008892.png,note4,8,3,lg-666084489013740342-aug-gutenberg1939--page-7.png
008893.png,note4,8,2,lg-666084489013740342-aug-gutenberg1939--page-7.png
008894.png,note4,8,2,lg-666084489013740342-aug-gutenberg1939--page-7.png
008895.png,note4,8,2,lg-666084489013740342-aug-gutenberg1939--page-7.png
008896.png,note2,2,3,lg-666084489013740342-aug-gutenberg1939--page-7.png
008897.png,note4,8,3,lg-666084489013740342-aug-gutenberg1939--page-7.png
008898.png,note4,8,4,lg-666084489013740342-aug-gutenberg1939--page-7.png
008899.png,note4,8,3,lg-666084489013740342-aug-gutenberg1939--page-7.png
008900.png,note4,8,3,lg-666084489013740342-aug-gutenberg1939--page-7.png
008901.png,note4,8,5,lg-666084489013740342-aug-gutenberg1939--page-7.png
008902.png,note4,4,3,lg-666084489013740342-aug-gutenberg1939--page-7.png
008903.png,note4,8,2,lg-666084489013740342-aug-gutenberg1939--page-7.png
008904.png,note4,4,4,lg-666084489013740342-aug-gutenberg1939--page-7.png
008905.png,note4,8,5,lg-666084489013740342-aug-gutenberg1939--page-7.png
008906.png,note4,4,4,lg-666084489013740342-aug-gutenberg1939--page-7.png
008907.png,note4,4,1,lg-666084489013740342-aug-gutenberg1939--page-7.png
008908.png,note4,4,3,lg-666084489013740342-aug-gutenberg1939--page-7.png
008909.png,note4,4,4,lg-666084489013740342-aug-gutenberg1939--page-7.png
008910.png,note4,8,4,lg-666084489013740342-aug-gutenberg1939--page-7.png
008911.png,note4,8,4,lg-666084489013740342-aug-gutenberg1939--page-7.png
008912.png,note4,8,4,lg-666084489013740342-aug-gutenberg1939--page-7.png
008913.png,note4,8,4,lg-666084489013740342-aug-gutenberg1939--page-7.png
008914.png,note4,8,5,lg-666084489013740342-aug-gutenberg1939--page-7.png
008915.png,note4,8,4,lg-666084489013740342-aug-gutenberg1939--page-7.png
008916.png,note2,2.,2,lg-666084489013740342-aug-gutenberg1939--page-7.png
008917.png,note4,8,3,lg-666084489013740342-aug-gutenberg1939--page-7.png
008918.png,note4,8,2,lg-666084489013740342-aug-gutenberg1939--page-7.png
008919.png,note2,2,4,lg-666084489013740342-aug-gutenberg1939--page-7.png
008920.png,note4,8,1,lg-666084489013740342-aug-gutenberg1939--page-7.png
008921.png,note4,4,1,lg-666084489013740342-aug-gutenberg1939--page-7.png
008922.png,note4,8,4,lg-666084489013740342-aug-gutenberg1939--page-7.png
008923.png,note4,4,1,lg-666084489013740342-aug-gutenberg1939--page-7.png
008924.png,note4,4,1,lg-666084489013740342-aug-gutenberg1939--page-7.png
008925.png,note4,8,2,lg-666084489013740342-aug-gutenberg1939--page-7.png
008926.png,note4,8,3,lg-666084489013740342-aug-gutenberg1939--page-7.png
008927.png,note4,8,0,lg-666084489013740342-aug-gutenberg1939--page-7.png
008928.png,note4,8,4,lg-666084489013740342-aug-gutenberg1939--page-7.png
008929.png,note4,4,0,lg-666084489013740342-aug-gutenberg1939--page-7.png
008930.png,note4,8,4,lg-666084489013740342-aug-gutenberg1939--page-7.png
008931.png,note4,8,3,lg-666084489013740342-aug-gutenberg1939--page-7.png
008932.png,note4,4,5,lg-666084489013740342-aug-gutenberg1939--page-7.png
008933.png,note4,4,0,lg-666084489013740342-aug-gutenberg1939--page-7.png
008934.png,note4,4,3,lg-666084489013740342-aug-gutenberg1939--page-7.png
008935.png,note4,8,3,lg-666084489013740342-aug-gutenberg1939--page-7.png
008936.png,note4,4,2,lg-666084489013740342-aug-gutenberg1939--page-7.png
008937.png,note4,8,4,lg-666084489013740342-aug-gutenberg1939--page-7.png
008938.png,note4,4,3,lg-666084489013740342-aug-gutenberg1939--page-7.png
008939.png,note8,4,-8,lg-90655429-aug-gutenberg1939--page-9.png
008940.png,note8,4,-5,lg-90655429-aug-gutenberg1939--page-9.png
008941.png,note8,8,0,lg-90655429-aug-gutenberg1939--page-9.png
008942.png,note8,8,2,lg-90655429-aug-gutenberg1939--page-9.png
008943.png,note8,2.,0,lg-90655429-aug-gutenberg1939--page-9.png
008944.png,note8,2.,0,lg-90655429-aug-gutenberg1939--page-9.png
008945.png,note2,2.,-3,lg-90655429-aug-gutenberg1939--page-9.png
008946.png,note16,4,1,lg-90655429-aug-gutenberg1939--page-9.png
008947.png,note16,4,3,lg-90655429-aug-gutenberg1939--page-9.png
008948.png,note16,4,5,lg-90655429-aug-gutenberg1939--page-9.png
008949.png,note16,4,-1,lg-90655429-aug-gutenberg1939--page-9.png
008950.png,note16,8,3,lg-90655429-aug-gutenberg1939--page-9.png
008951.png,note16,8,2,lg-90655429-aug-gutenberg1939--page-9.png
008952.png,note8,4,1,lg-90655429-aug-gutenberg1939--page-9.png
008953.png,note8,4,3,lg-90655429-aug-gutenberg1939--page-9.png
008954.png,note8,4,5,lg-90655429-aug-gutenberg1939--page-9.png
008955.png,note8,4,-3,lg-90655429-aug-gutenberg1939--page-9.png
008956.png,note8,4,1,lg-90655429-aug-gutenberg1939--page-9.png
008957.png,note8,8,2,lg-90655429-aug-gutenberg1939--page-9.png
008958.png,note4,8,2,lg-90655429-aug-gutenberg1939--page-9.png
008959.png,note4,8,2,lg-90655429-aug-gutenberg1939--page-9.png
008960.png,note8,4,-1,lg-90655429-aug-gutenberg1939--page-9.png
008961.png,note8,4,2,lg-90655429-aug-gutenberg1939--page-9.png
008962.png,note8,4,6,lg-90655429-aug-gutenberg1939--page-9.png
008963.png,note8,8,7,lg-90655429-aug-gutenberg1939--page-9.png
008964.png,note8,8,7,lg-90655429-aug-gutenberg1939--page-9.png
008965.png,note8,4,-1,lg-90655429-aug-gutenberg1939--page-9.png
008966.png,note8,4,2,lg-90655429-aug-gutenberg1939--page-9.png
008967.png,note8,4,6,lg-90655429-aug-gutenberg1939--page-9.png
008968.png,note8,8,4,lg-90655429-aug-gutenberg1939--page-9.png
008969.png,note8,8,2,lg-90655429-aug-gutenberg1939--page-9.png
008970.png,note4,8,2,lg-90655429-aug-gutenberg1939--page-9.png
008971.png,note16,4,-9,lg-90655429-aug-gutenberg1939--page-9.png
008972.png,note16,4,-7,lg-90655429-aug-gutenberg1939--page-9.png
008973.png,note16,4,-5,lg-90655429-aug-gutenberg1939--page-9.png
008974.png,note16,8,-2,lg-90655429-aug-gutenberg1939--page-9.png
008975.png,note8,8,0,lg-90655429-aug-gutenberg1939--page-9.png
008976.png,note8,4,-2,lg-90655429-aug-gutenberg1939--page-9.png
008977.png,note8,4,0,lg-90655429-aug-gutenberg1939--page-9.png
008978.png,note8,4,4,lg-90655429-aug-gutenberg1939--page-9.png
008979.png,note8,8,0,lg-90655429-aug-gutenberg1939--page-9.png
008980.png,note16,8,-2,lg-90655429-aug-gutenberg1939--page-9.png
008981.png,note16,2.,-4,lg-90655429-aug-gutenberg1939--page-9.png
008982.png,note8,4,-2,lg-90655429-aug-gutenberg1939--page-9.png
008983.png,note8,4,0,lg-90655429-aug-gutenberg1939--page-9.png
008984.png,note8,4,4,lg-90655429-aug-gutenberg1939--page-9.png
008985.png,note8,8,0,lg-90655429-aug-gutenberg1939--page-9.png
008986.png,note8,4,-9,lg-90655429-aug-gutenberg1939--page-9.png
008987.png,note8,4,-7,lg-90655429-aug-gutenberg1939--page-9.png
008988.png,note8,4,-5,lg-90655429-aug-gutenberg1939--page-9.png
008989.png,note8,8,-2,lg-90655429-aug-gutenberg1939--page-9.png
008990.png,note8,2.,-4,lg-90655429-aug-gutenberg1939--page-9.png
008991.png,note16,8,5,lg-90655429-aug-gutenberg1939--page-9.png
008992.png,note16,4,-2,lg-90655429-aug-gutenberg1939--page-9.png
008993.png,note16,4,0,lg-90655429-aug-gutenberg1939--page-9.png
008994.png,note16,4,4,lg-90655429-aug-gutenberg1939--page-9.png
008995.png,note16,8,7,lg-90655429-aug-gutenberg1939--page-9.png
008996.png,note16,8,0,lg-90655429-aug-gutenberg1939--page-9.png
008997.png,note8,4,-6,lg-90655429-aug-gutenberg1939--page-9.png
008998.png,note8,4,-4,lg-90655429-aug-gutenberg1939--page-9.png
008999.png,note8,4,-1,lg-90655429-aug-gutenberg1939--page-9.png
009000.png,note8,2.,-1,lg-90655429-aug-gutenberg1939--page-9.png
009001.png,note8,8,-5,lg-90655429-aug-gutenberg1939--page-9.png
009002.png,note8,2.,-1,lg-90655429-aug-gutenberg1939--page-9.png
009003.png,note16,4,4,lg-90655429-aug-gutenberg1939--page-9.png
009004.png,note16,8,5,lg-90655429-aug-gutenberg1939--page-9.png
009005.png,note16,8,7,lg-90655429-aug-gutenberg1939--page-9.png
009006.png,note16,8,0,lg-90655429-aug-gutenberg1939--page-9.png
009007.png,note16,4,0,lg-90655429-aug-gutenberg1939--page-9.png
009008.png,note16,4,-2,lg-90655429-aug-gutenberg1939--page-9.png
009009.png,note1,1,-1,lg-827327016295735829-aug-gonville--page-3.png
009010.png,note1,1,5,lg-827327016295735829-aug-gonville--page-3.png
009011.png,note1,1,2,lg-827327016295735829-aug-gonville--page-3.png
009012.png,note4,16,-2,lg-827327016295735829-aug-gonville--page-3.png
009013.png,note4,8,6,lg-827327016295735829-aug-gonville--page-3.png
009014.png,note4,16,-1,lg-827327016295735829-aug-gonville--page-3.png
009015.png,note4,16,-4,lg-827327016295735829-aug-gonville--page-3.png
009016.png,note1,1,9,lg-827327016295735829-aug-gonville--page-3.png
009017.png,note1,1,6,lg-827327016295735829-aug-gonville--page-3.png
009018.png,note4,8,5,lg-827327016295735829-aug-gonville--page-3.png
009019.png,note4,4,-2,lg-827327016295735829-aug-gonville--page-3.png
009020.png,note4,16,-4,lg-827327016295735829-aug-gonville--page-3.png
009021.png,note2,2,-4,lg-827327016295735829-aug-gonville--page-3.png
009022.png,note2,2,6,lg-827327016295735829-aug-gonville--page-3.png
009023.png,note2,2,3,lg-827327016295735829-aug-gonville--page-3.png
009024.png,note2,2,6,lg-827327016295735829-aug-gonville--page-3.png
009025.png,note4,8,-2,lg-827327016295735829-aug-gonville--page-3.png
009026.png,note4,4,0,lg-827327016295735829-aug-gonville--page-3.png
009027.png,note1,1,-4,lg-827327016295735829-aug-gonville--page-3.png
009028.png,note1,1,-4,lg-827327016295735829-aug-gonville--page-3.png
009029.png,note1,1,6,lg-827327016295735829-aug-gonville--page-3.png
009030.png,note1,1,3,lg-827327016295735829-aug-gonville--page-3.png
009031.png,note1,1,6,lg-827327016295735829-aug-gonville--page-3.png
009032.png,note4,8,-4,lg-827327016295735829-aug-gonville--page-3.png
009033.png,note4,4,-4,lg-827327016295735829-aug-gonville--page-3.png
009034.png,note4,4,5,lg-827327016295735829-aug-gonville--page-3.png
009035.png,note2,2,0,lg-827327016295735829-aug-gonville--page-3.png
009036.png,note2,2,-4,lg-827327016295735829-aug-gonville--page-3.png
009037.png,note4,4,4,lg-827327016295735829-aug-gonville--page-3.png
009038.png,note4,4,7,lg-827327016295735829-aug-gonville--page-3.png
009039.png,note4,4,-5,lg-827327016295735829-aug-gonville--page-3.png
009040.png,note4,4,1,lg-827327016295735829-aug-gonville--page-3.png
009041.png,note4,4,2,lg-827327016295735829-aug-gonville--page-3.png
009042.png,note4,4,8,lg-827327016295735829-aug-gonville--page-3.png
009043.png,note1,1,5,lg-827327016295735829-aug-gonville--page-3.png
009044.png,note1,1,2,lg-827327016295735829-aug-gonville--page-3.png
009045.png,note4,4,0,lg-827327016295735829-aug-gonville--page-3.png
009046.png,note2,2,2,lg-827327016295735829-aug-gonville--page-3.png
009047.png,note2,2,-3,lg-827327016295735829-aug-gonville--page-3.png
009048.png,note1,1,6,lg-827327016295735829-aug-gonville--page-3.png
009049.png,note1,1,2,lg-827327016295735829-aug-gonville--page-3.png
009050.png,note1,1,-1,lg-827327016295735829-aug-gonville--page-3.png
009051.png,note4,4,2,lg-827327016295735829-aug-gonville--page-3.png
009052.png,note4,4,-3,lg-827327016295735829-aug-gonville--page-3.png
009053.png,note2,2,9,lg-827327016295735829-aug-gonville--page-3.png
009054.png,note2,2,6,lg-827327016295735829-aug-gonville--page-3.png
009055.png,note4,4,0,lg-827327016295735829-aug-gonville--page-3.png
009056.png,note4,4,-4,lg-827327016295735829-aug-gonville--page-3.png
009057.png,note1,1,0,lg-827327016295735829-aug-gonville--page-3.png
009058.png,note1,1,7,lg-827327016295735829-aug-gonville--page-3.png
009059.png,note1,1,3,lg-827327016295735829-aug-gonville--page-3.png
009060.png,note4,16,0,lg-106810361-aug-lilyjazz--page-2.png
009061.png,note4,16,-2,lg-106810361-aug-lilyjazz--page-2.png
009062.png,note4,16,-2,lg-106810361-aug-lilyjazz--page-2.png
009063.png,note4,16,-2,lg-106810361-aug-lilyjazz--page-2.png
009064.png,note4,16,-2,lg-106810361-aug-lilyjazz--page-2.png
009065.png,note4,16,-4,lg-106810361-aug-lilyjazz--page-2.png
009066.png,note4,16,-2,lg-106810361-aug-lilyjazz--page-2.png
009067.png,note4,16,3,lg-106810361-aug-lilyjazz--page-2.png
009068.png,note4,16,5,lg-106810361-aug-lilyjazz--page-2.png
009069.png,note4,4,2,lg-106810361-aug-lilyjazz--page-2.png
009070.png,note4,4,0,lg-106810361-aug-lilyjazz--page-2.png
009071.png,note4,16,-2,lg-106810361-aug-lilyjazz--page-2.png
009072.png,note4,16,-4,lg-106810361-aug-lilyjazz--page-2.png
009073.png,note4,4,-5,lg-106810361-aug-lilyjazz--page-2.png
009074.png,note4,16,-2,lg-106810361-aug-lilyjazz--page-2.png
009075.png,note4,4,7,lg-106810361-aug-lilyjazz--page-2.png
009076.png,note4,4,3,lg-106810361-aug-lilyjazz--page-2.png
009077.png,note4,16,3,lg-106810361-aug-lilyjazz--page-2.png
009078.png,note4,16,1,lg-106810361-aug-lilyjazz--page-2.png
009079.png,note4,16,-2,lg-106810361-aug-lilyjazz--page-2.png
009080.png,note4,16,5,lg-106810361-aug-lilyjazz--page-2.png
009081.png,note4,16,3,lg-106810361-aug-lilyjazz--page-2.png
009082.png,note4,16,-2,lg-106810361-aug-lilyjazz--page-2.png
009083.png,note4,16,0,lg-106810361-aug-lilyjazz--page-2.png
009084.png,note4,16,-2,lg-106810361-aug-lilyjazz--page-2.png
009085.png,note4,16,-2,lg-106810361-aug-lilyjazz--page-2.png
009086.png,note4,16,3,lg-106810361-aug-lilyjazz--page-2.png
009087.png,note4,16,1,lg-106810361-aug-lilyjazz--page-2.png
009088.png,note4,16,-2,lg-106810361-aug-lilyjazz--page-2.png
009089.png,note4,16,-2,lg-106810361-aug-lilyjazz--page-2.png
009090.png,note4,16,3,lg-106810361-aug-lilyjazz--page-2.png
009091.png,note4,16,3,lg-106810361-aug-lilyjazz--page-2.png
009092.png,note4,16,1,lg-106810361-aug-lilyjazz--page-2.png
009093.png,note4,16,-2,lg-106810361-aug-lilyjazz--page-2.png
009094.png,note4,16,5,lg-106810361-aug-lilyjazz--page-2.png
009095.png,note4,16,-2,lg-106810361-aug-lilyjazz--page-2.png
009096.png,note4,16,1,lg-106810361-aug-lilyjazz--page-2.png
009097.png,note4,16,3,lg-106810361-aug-lilyjazz--page-2.png
009098.png,note4,16,5,lg-106810361-aug-lilyjazz--page-2.png
009099.png,note4,16,3,lg-106810361-aug-lilyjazz--page-2.png
009100.png,note4,16,-2,lg-106810361-aug-lilyjazz--page-2.png
009101.png,note4,16,0,lg-106810361-aug-lilyjazz--page-2.png
009102.png,note4,16,-2,lg-106810361-aug-lilyjazz--page-2.png
009103.png,note4,16,-2,lg-106810361-aug-lilyjazz--page-2.png
009104.png,note4,16,0,lg-106810361-aug-lilyjazz--page-2.png
009105.png,note4,16,-2,lg-106810361-aug-lilyjazz--page-2.png
009106.png,note4,16,-2,lg-106810361-aug-lilyjazz--page-2.png
009107.png,note4,4,4,lg-106810361-aug-lilyjazz--page-2.png
009108.png,note4,4,2,lg-106810361-aug-lilyjazz--page-2.png
009109.png,note4,16,-2,lg-106810361-aug-lilyjazz--page-2.png
009110.png,note4,16,-4,lg-106810361-aug-lilyjazz--page-2.png
009111.png,note4,4,-3,lg-106810361-aug-lilyjazz--page-2.png
009112.png,note4,16,-2,lg-106810361-aug-lilyjazz--page-2.png
009113.png,note4,4,9,lg-106810361-aug-lilyjazz--page-2.png
009114.png,note4,4,5,lg-106810361-aug-lilyjazz--page-2.png
009115.png,note4,16,-1,lg-106810361-aug-lilyjazz--page-2.png
009116.png,note4,16,-1,lg-106810361-aug-lilyjazz--page-2.png
009117.png,note4,16,1,lg-106810361-aug-lilyjazz--page-2.png
009118.png,note1,1,-3,lg-106810361-aug-lilyjazz--page-2.png
009119.png,note2,2,1,lg-106810361-aug-lilyjazz--page-2.png
009120.png,note4,16,-1,lg-106810361-aug-lilyjazz--page-2.png
009121.png,note4,16,-3,lg-106810361-aug-lilyjazz--page-2.png
009122.png,note4,16,-1,lg-106810361-aug-lilyjazz--page-2.png
009123.png,note4,16,-1,lg-106810361-aug-lilyjazz--page-2.png
009124.png,note4,16,-1,lg-106810361-aug-lilyjazz--page-2.png
009125.png,note4,16,1,lg-106810361-aug-lilyjazz--page-2.png
009126.png,note4,16,-1,lg-106810361-aug-lilyjazz--page-2.png
009127.png,note4,16,1,lg-106810361-aug-lilyjazz--page-2.png
009128.png,note4,16,3,lg-106810361-aug-lilyjazz--page-2.png
009129.png,note1,1,3,lg-106810361-aug-lilyjazz--page-2.png
009130.png,note4,16,6,lg-106810361-aug-lilyjazz--page-2.png
009131.png,note4,16,4,lg-106810361-aug-lilyjazz--page-2.png
009132.png,note4,16,-1,lg-106810361-aug-lilyjazz--page-2.png
009133.png,note2,2,-1,lg-106810361-aug-lilyjazz--page-2.png
009134.png,note1,1,1,lg-106810361-aug-lilyjazz--page-2.png
009135.png,note1,1,-1,lg-106810361-aug-lilyjazz--page-2.png
009136.png,note2,2,6,lg-106810361-aug-lilyjazz--page-2.png
009137.png,note4,16,-1,lg-106810361-aug-lilyjazz--page-2.png
009138.png,note1,1,1,lg-106810361-aug-lilyjazz--page-2.png
009139.png,note2,2,-7,lg-106810361-aug-lilyjazz--page-2.png
009140.png,note2,2,0,lg-106810361-aug-lilyjazz--page-2.png
009141.png,note4,16,-3,lg-106810361-aug-lilyjazz--page-2.png
009142.png,note4,16,-1,lg-106810361-aug-lilyjazz--page-2.png
009143.png,note4,4,6,lg-106810361-aug-lilyjazz--page-2.png
009144.png,note4,16,-1,lg-106810361-aug-lilyjazz--page-2.png
009145.png,note4,16,4,lg-106810361-aug-lilyjazz--page-2.png
009146.png,note4,16,6,lg-106810361-aug-lilyjazz--page-2.png
009147.png,note4,4,10,lg-106810361-aug-lilyjazz--page-2.png
009148.png,note4,16,-1,lg-106810361-aug-lilyjazz--page-2.png
009149.png,note4,4,-2,lg-106810361-aug-lilyjazz--page-2.png
009150.png,note4,4,5,lg-106810361-aug-lilyjazz--page-2.png
009151.png,note4,16,-3,lg-106810361-aug-lilyjazz--page-2.png
009152.png,note4,16,-1,lg-106810361-aug-lilyjazz--page-2.png
009153.png,note4,4,3,lg-106810361-aug-lilyjazz--page-2.png
009154.png,note4,16,-1,lg-106810361-aug-lilyjazz--page-2.png
009155.png,note4,16,4,lg-106810361-aug-lilyjazz--page-2.png
009156.png,note4,16,6,lg-106810361-aug-lilyjazz--page-2.png
009157.png,note2,2,0,lg-106810361-aug-lilyjazz--page-2.png
009158.png,note1,1,1,lg-106810361-aug-lilyjazz--page-2.png
009159.png,note2,2,1,lg-106810361-aug-lilyjazz--page-2.png
009160.png,note1,1,2,lg-106810361-aug-lilyjazz--page-2.png
009161.png,note1,1,0,lg-106810361-aug-lilyjazz--page-2.png
009162.png,note2,2,9,lg-106810361-aug-lilyjazz--page-2.png
009163.png,note4,16,-2,lg-106810361-aug-lilyjazz--page-2.png
009164.png,note1,1,0,lg-106810361-aug-lilyjazz--page-2.png
009165.png,note2,2,-7,lg-106810361-aug-lilyjazz--page-2.png
009166.png,note4,16,-4,lg-106810361-aug-lilyjazz--page-2.png
009167.png,note4,16,-2,lg-106810361-aug-lilyjazz--page-2.png
009168.png,note2,2,2,lg-106810361-aug-lilyjazz--page-2.png
009169.png,note4,16,-1,lg-106810361-aug-lilyjazz--page-2.png
009170.png,note4,16,-1,lg-106810361-aug-lilyjazz--page-2.png
009171.png,note4,16,1,lg-106810361-aug-lilyjazz--page-2.png
009172.png,note4,16,-1,lg-106810361-aug-lilyjazz--page-2.png
009173.png,note4,16,1,lg-106810361-aug-lilyjazz--page-2.png
009174.png,note4,16,3,lg-106810361-aug-lilyjazz--page-2.png
009175.png,note4,4,-4,lg-106810361-aug-lilyjazz--page-2.png
009176.png,note4,4,3,lg-106810361-aug-lilyjazz--page-2.png
009177.png,note4,16,-3,lg-106810361-aug-lilyjazz--page-2.png
009178.png,note4,16,-1,lg-106810361-aug-lilyjazz--page-2.png
009179.png,note4,4,1,lg-106810361-aug-lilyjazz--page-2.png
009180.png,note4,16,-1,lg-106810361-aug-lilyjazz--page-2.png
009181.png,note4,4,8,lg-106810361-aug-lilyjazz--page-2.png
009182.png,note4,4,4,lg-106810361-aug-lilyjazz--page-2.png
009183.png,note4,16,3,lg-106810361-aug-lilyjazz--page-2.png
009184.png,note4,16,1,lg-106810361-aug-lilyjazz--page-2.png
009185.png,note4,16,-1,lg-106810361-aug-lilyjazz--page-2.png
009186.png,note4,16,6,lg-106810361-aug-lilyjazz--page-2.png
009187.png,note4,16,4,lg-106810361-aug-lilyjazz--page-2.png
009188.png,note4,16,-1,lg-106810361-aug-lilyjazz--page-2.png
009189.png,note4,16,1,lg-106810361-aug-lilyjazz--page-2.png
009190.png,note4,16,-1,lg-106810361-aug-lilyjazz--page-2.png
009191.png,note4,16,-1,lg-106810361-aug-lilyjazz--page-2.png
009192.png,note4,16,3,lg-106810361-aug-lilyjazz--page-2.png
009193.png,note4,16,1,lg-106810361-aug-lilyjazz--page-2.png
009194.png,note4,16,-1,lg-106810361-aug-lilyjazz--page-2.png
009195.png,note4,4,4,lg-11393101148364964-aug-beethoven--page-2.png
009196.png,note4,4,0,lg-11393101148364964-aug-beethoven--page-2.png
009197.png,note4,4,1,lg-11393101148364964-aug-beethoven--page-2.png
009198.png,note4,4,0,lg-11393101148364964-aug-beethoven--page-2.png
009199.png,note4,4,0,lg-11393101148364964-aug-beethoven--page-2.png
009200.png,note4,4,-1,lg-11393101148364964-aug-beethoven--page-2.png
009201.png,note4,4,2,lg-11393101148364964-aug-beethoven--page-2.png
009202.png,note4,4,1,lg-11393101148364964-aug-beethoven--page-2.png
009203.png,note4,4,1,lg-11393101148364964-aug-beethoven--page-2.png
009204.png,note4,4,2,lg-11393101148364964-aug-beethoven--page-2.png
009205.png,note4,4,4,lg-11393101148364964-aug-beethoven--page-2.png
009206.png,note4,4,4,lg-11393101148364964-aug-beethoven--page-2.png
009207.png,note4,4,3,lg-11393101148364964-aug-beethoven--page-2.png
009208.png,note4,4,2,lg-11393101148364964-aug-beethoven--page-2.png
009209.png,note4,4,4,lg-11393101148364964-aug-beethoven--page-2.png
009210.png,note4,4,4,lg-11393101148364964-aug-beethoven--page-2.png
009211.png,note4,4,3,lg-11393101148364964-aug-beethoven--page-2.png
009212.png,note4,4,5,lg-11393101148364964-aug-beethoven--page-2.png
009213.png,note4,4,3,lg-11393101148364964-aug-beethoven--page-2.png
009214.png,note4,4,4,lg-11393101148364964-aug-beethoven--page-2.png
009215.png,note4,4,2,lg-11393101148364964-aug-beethoven--page-2.png
009216.png,note4,4,4,lg-11393101148364964-aug-beethoven--page-2.png
009217.png,note4,4,4,lg-11393101148364964-aug-beethoven--page-2.png
009218.png,note4,4,2,lg-11393101148364964-aug-beethoven--page-2.png
009219.png,note4,4,3,lg-11393101148364964-aug-beethoven--page-2.png
009220.png,note4,4,4,lg-11393101148364964-aug-beethoven--page-2.png
009221.png,note4,4,0,lg-11393101148364964-aug-beethoven--page-2.png
009222.png,note4,4,1,lg-11393101148364964-aug-beethoven--page-2.png
009223.png,note4,4,0,lg-11393101148364964-aug-beethoven--page-2.png
009224.png,note4,4,1,lg-11393101148364964-aug-beethoven--page-2.png
009225.png,note4,4,2,lg-11393101148364964-aug-beethoven--page-2.png
009226.png,note4,4,3,lg-11393101148364964-aug-beethoven--page-2.png
009227.png,note4,4,3,lg-11393101148364964-aug-beethoven--page-2.png
009228.png,note4,4,5,lg-11393101148364964-aug-beethoven--page-2.png
009229.png,note4,4,3,lg-11393101148364964-aug-beethoven--page-2.png
009230.png,note4,4,4,lg-11393101148364964-aug-beethoven--page-2.png
009231.png,note4,4,4,lg-11393101148364964-aug-beethoven--page-2.png
009232.png,note4,4,4,lg-11393101148364964-aug-beethoven--page-2.png
009233.png,note4,4,3,lg-11393101148364964-aug-beethoven--page-2.png
009234.png,note4,4,0,lg-11393101148364964-aug-beethoven--page-2.png
009235.png,note4,4,4,lg-11393101148364964-aug-beethoven--page-2.png
009236.png,note4,4,4,lg-11393101148364964-aug-beethoven--page-2.png
009237.png,note4,4,6,lg-11393101148364964-aug-beethoven--page-2.png
009238.png,note4,4,4,lg-11393101148364964-aug-beethoven--page-2.png
009239.png,note4,4,6,lg-11393101148364964-aug-beethoven--page-2.png
009240.png,note4,4,4,lg-11393101148364964-aug-beethoven--page-2.png
009241.png,note4,4,4,lg-11393101148364964-aug-beethoven--page-2.png
009242.png,note4,4,6,lg-11393101148364964-aug-beethoven--page-2.png
009243.png,note4,4,5,lg-11393101148364964-aug-beethoven--page-2.png
009244.png,note4,4,4,lg-11393101148364964-aug-beethoven--page-2.png
009245.png,note4,4,3,lg-11393101148364964-aug-beethoven--page-2.png
009246.png,note4,4,6,lg-11393101148364964-aug-beethoven--page-2.png
009247.png,note4,4,7,lg-11393101148364964-aug-beethoven--page-2.png
009248.png,note4,4,4,lg-11393101148364964-aug-beethoven--page-2.png
009249.png,note4,4,5,lg-11393101148364964-aug-beethoven--page-2.png
009250.png,note4,4,4,lg-11393101148364964-aug-beethoven--page-2.png
009251.png,note4,4,2,lg-11393101148364964-aug-beethoven--page-2.png
009252.png,note4,4,3,lg-11393101148364964-aug-beethoven--page-2.png
009253.png,note4,4,4,lg-11393101148364964-aug-beethoven--page-2.png
009254.png,note4,4,2,lg-11393101148364964-aug-beethoven--page-2.png
009255.png,note4,4,3,lg-11393101148364964-aug-beethoven--page-2.png
009256.png,note4,4,3,lg-11393101148364964-aug-beethoven--page-2.png
009257.png,note4,4,0,lg-11393101148364964-aug-beethoven--page-2.png
009258.png,note4,4,1,lg-11393101148364964-aug-beethoven--page-2.png
009259.png,note4,4,0,lg-11393101148364964-aug-beethoven--page-2.png
009260.png,note4,4,4,lg-11393101148364964-aug-beethoven--page-2.png
009261.png,note4,4,5,lg-11393101148364964-aug-beethoven--page-2.png
009262.png,note4,4,3,lg-11393101148364964-aug-beethoven--page-2.png
009263.png,note4,4,3,lg-11393101148364964-aug-beethoven--page-2.png
009264.png,note4,4,4,lg-11393101148364964-aug-beethoven--page-2.png
009265.png,note4,4,2,lg-11393101148364964-aug-beethoven--page-2.png
009266.png,note4,4,1,lg-11393101148364964-aug-beethoven--page-2.png
009267.png,note4,4,0,lg-11393101148364964-aug-beethoven--page-2.png
009268.png,note4,4,1,lg-11393101148364964-aug-beethoven--page-2.png
009269.png,note4,4,3,lg-11393101148364964-aug-beethoven--page-2.png
009270.png,note4,4,4,lg-11393101148364964-aug-beethoven--page-2.png
009271.png,note4,4,3,lg-11393101148364964-aug-beethoven--page-2.png
009272.png,note8,4,2,lg-11393101148364964-aug-beethoven--page-2.png
009273.png,note4,4,2,lg-11393101148364964-aug-beethoven--page-2.png
009274.png,note4,4,0,lg-11393101148364964-aug-beethoven--page-2.png
009275.png,note4,4,-1,lg-11393101148364964-aug-beethoven--page-2.png
009276.png,note4,4,3,lg-11393101148364964-aug-beethoven--page-2.png
009277.png,note4,4,3,lg-11393101148364964-aug-beethoven--page-2.png
009278.png,note4,4,2,lg-11393101148364964-aug-beethoven--page-2.png
009279.png,note4,4,0,lg-11393101148364964-aug-beethoven--page-2.png
009280.png,note4,4,0,lg-11393101148364964-aug-beethoven--page-2.png
009281.png,note4,4,0,lg-11393101148364964-aug-beethoven--page-2.png
009282.png,note8,4,1,lg-11393101148364964-aug-beethoven--page-2.png
009283.png,note4,4,0,lg-11393101148364964-aug-beethoven--page-2.png
009284.png,note4,4,-1,lg-11393101148364964-aug-beethoven--page-2.png
009285.png,note4,4,0,lg-11393101148364964-aug-beethoven--page-2.png
009286.png,note4,4,2,lg-11393101148364964-aug-beethoven--page-2.png
009287.png,note4,4,1,lg-11393101148364964-aug-beethoven--page-2.png
009288.png,note4,4,2,lg-11393101148364964-aug-beethoven--page-2.png
009289.png,note4,4,0,lg-11393101148364964-aug-beethoven--page-2.png
009290.png,note4,4,1,lg-11393101148364964-aug-beethoven--page-2.png
009291.png,note4,4.,1,lg-11393101148364964-aug-beethoven--page-2.png
009292.png,note4,4,4,lg-11393101148364964-aug-beethoven--page-2.png
009293.png,note4,4,4,lg-11393101148364964-aug-beethoven--page-2.png
009294.png,note4,4,3,lg-11393101148364964-aug-beethoven--page-2.png
009295.png,note4,4,2,lg-11393101148364964-aug-beethoven--page-2.png
009296.png,note4,4,3,lg-11393101148364964-aug-beethoven--page-2.png
009297.png,note4,4,4,lg-11393101148364964-aug-beethoven--page-2.png
009298.png,note4,4,3,lg-11393101148364964-aug-beethoven--page-2.png
009299.png,note4,4,2,lg-11393101148364964-aug-beethoven--page-2.png
009300.png,note2,2,-3,lg-11393101148364964-aug-beethoven--page-2.png
009301.png,note4,4,0,lg-11393101148364964-aug-beethoven--page-2.png
009302.png,note1,1,-1,lg-11393101148364964-aug-beethoven--page-2.png
009303.png,note2,2,2,lg-11393101148364964-aug-beethoven--page-2.png
009304.png,note2,2.,0,lg-11393101148364964-aug-beethoven--page-2.png
009305.png,note2,2,-4,lg-11393101148364964-aug-beethoven--page-2.png
009306.png,note2,2,-2,lg-11393101148364964-aug-beethoven--page-2.png
009307.png,note2,2,2,lg-11393101148364964-aug-beethoven--page-2.png
009308.png,note2,2,4,lg-11393101148364964-aug-beethoven--page-2.png
009309.png,note4,4,1,lg-11393101148364964-aug-beethoven--page-2.png
009310.png,note2,2,-4,lg-11393101148364964-aug-beethoven--page-2.png
009311.png,note2,2,1,lg-11393101148364964-aug-beethoven--page-2.png
009312.png,note2,2,0,lg-11393101148364964-aug-beethoven--page-2.png
009313.png,note4,4,-3,lg-11393101148364964-aug-beethoven--page-2.png
009314.png,note2,2.,-2,lg-11393101148364964-aug-beethoven--page-2.png
009315.png,note1,1,0,lg-11393101148364964-aug-beethoven--page-2.png
009316.png,note2,2,2,lg-11393101148364964-aug-beethoven--page-2.png
009317.png,note4,4,-1,lg-11393101148364964-aug-beethoven--page-2.png
009318.png,note2,2,0,lg-11393101148364964-aug-beethoven--page-2.png
009319.png,note4,4,-2,lg-11393101148364964-aug-beethoven--page-2.png
009320.png,note2,2,0,lg-11393101148364964-aug-beethoven--page-2.png
009321.png,note2,2,-4,lg-11393101148364964-aug-beethoven--page-2.png
009322.png,note1,1,3,lg-11393101148364964-aug-beethoven--page-2.png
009323.png,note4,4,2,lg-11393101148364964-aug-beethoven--page-2.png
009324.png,note2,2,2,lg-11393101148364964-aug-beethoven--page-2.png
009325.png,note2,2,-2,lg-11393101148364964-aug-beethoven--page-2.png
009326.png,note2,2,1,lg-11393101148364964-aug-beethoven--page-2.png
009327.png,note2,2,-1,lg-11393101148364964-aug-beethoven--page-2.png
009328.png,note1,1,5,lg-11393101148364964-aug-beethoven--page-2.png
009329.png,note4,4,1,lg-11393101148364964-aug-beethoven--page-2.png
009330.png,note2,2,-1,lg-11393101148364964-aug-beethoven--page-2.png
009331.png,note2,2,3,lg-11393101148364964-aug-beethoven--page-2.png
009332.png,note1,1,5,lg-11393101148364964-aug-beethoven--page-2.png
009333.png,note2,2,3,lg-11393101148364964-aug-beethoven--page-2.png
009334.png,note2,2,0,lg-11393101148364964-aug-beethoven--page-2.png
009335.png,note2,2,2,lg-11393101148364964-aug-beethoven--page-2.png
009336.png,note2,2,0,lg-11393101148364964-aug-beethoven--page-2.png
009337.png,note2,2,-4,lg-11393101148364964-aug-beethoven--page-2.png
009338.png,note2,2,2,lg-11393101148364964-aug-beethoven--page-2.png
009339.png,note2,2,2,lg-11393101148364964-aug-beethoven--page-2.png
009340.png,note2,2,5,lg-11393101148364964-aug-beethoven--page-2.png
009341.png,note1,1,-4,lg-11393101148364964-aug-beethoven--page-2.png
009342.png,note4,4,-1,lg-11393101148364964-aug-beethoven--page-2.png
009343.png,note2,2,2,lg-11393101148364964-aug-beethoven--page-2.png
009344.png,note2,2.,-2,lg-11393101148364964-aug-beethoven--page-2.png
009345.png,note2,2,3,lg-11393101148364964-aug-beethoven--page-2.png
009346.png,note2,2,2,lg-11393101148364964-aug-beethoven--page-2.png
009347.png,note1,1,5,lg-11393101148364964-aug-beethoven--page-2.png
009348.png,note1,1,5,lg-11393101148364964-aug-beethoven--page-2.png
009349.png,note2,2,0,lg-11393101148364964-aug-beethoven--page-2.png
009350.png,note4,4,-4,lg-11393101148364964-aug-beethoven--page-2.png
009351.png,note2,2,3,lg-11393101148364964-aug-beethoven--page-2.png
009352.png,note2,2,-1,lg-11393101148364964-aug-beethoven--page-2.png
009353.png,note2,2,-1,lg-11393101148364964-aug-beethoven--page-2.png
009354.png,note2,2,1,lg-11393101148364964-aug-beethoven--page-2.png
009355.png,note2,2.,3,lg-11393101148364964-aug-beethoven--page-2.png
009356.png,note1,1,2,lg-11393101148364964-aug-beethoven--page-2.png
009357.png,note1,1,0,lg-11393101148364964-aug-beethoven--page-2.png
009358.png,note4,4,-3,lg-11393101148364964-aug-beethoven--page-2.png
009359.png,note2,2,-4,lg-11393101148364964-aug-beethoven--page-2.png
009360.png,note2,2,4,lg-11393101148364964-aug-beethoven--page-2.png
009361.png,note2,2,4,lg-11393101148364964-aug-beethoven--page-2.png
009362.png,note2,2,0,lg-11393101148364964-aug-beethoven--page-2.png
009363.png,note2,2,0,lg-11393101148364964-aug-beethoven--page-2.png
009364.png,note2,2.,4,lg-11393101148364964-aug-beethoven--page-2.png
009365.png,note4,4,1,lg-11393101148364964-aug-beethoven--page-2.png
009366.png,note1,1,2,lg-11393101148364964-aug-beethoven--page-2.png
009367.png,note2,2,-1,lg-11393101148364964-aug-beethoven--page-2.png
009368.png,note2,2,-3,lg-11393101148364964-aug-beethoven--page-2.png
009369.png,note2,2.,2,lg-11393101148364964-aug-beethoven--page-2.png
009370.png,note2,2,0,lg-11393101148364964-aug-beethoven--page-2.png
009371.png,note2,2,2,lg-11393101148364964-aug-beethoven--page-2.png
009372.png,note2,2,0,lg-11393101148364964-aug-beethoven--page-2.png
009373.png,note2,2,1,lg-11393101148364964-aug-beethoven--page-2.png
009374.png,note1,1,-4,lg-11393101148364964-aug-beethoven--page-2.png
009375.png,note2,2,3,lg-11393101148364964-aug-beethoven--page-2.png
009376.png,note2,2,0,lg-11393101148364964-aug-beethoven--page-2.png
009377.png,note2,2,0,lg-11393101148364964-aug-beethoven--page-2.png
009378.png,note1,1,-1,lg-11393101148364964-aug-beethoven--page-2.png
009379.png,note2,2,3,lg-11393101148364964-aug-beethoven--page-2.png
009380.png,note2,2,-1,lg-11393101148364964-aug-beethoven--page-2.png
009381.png,note2,2,1,lg-11393101148364964-aug-beethoven--page-2.png
009382.png,note4,4,5,lg-11393101148364964-aug-beethoven--page-2.png
009383.png,note1,1,2,lg-11393101148364964-aug-beethoven--page-2.png
009384.png,note2,2,2,lg-11393101148364964-aug-beethoven--page-2.png
009385.png,note2,2,-2,lg-11393101148364964-aug-beethoven--page-2.png
009386.png,note1,1.,4,lg-11393101148364964-aug-beethoven--page-2.png
009387.png,note2,2,-1,lg-11393101148364964-aug-beethoven--page-2.png
009388.png,note2,2,3,lg-11393101148364964-aug-beethoven--page-2.png
009389.png,note1,1,2,lg-11393101148364964-aug-beethoven--page-2.png
009390.png,note1,1,-2,lg-11393101148364964-aug-beethoven--page-2.png
009391.png,note1,1,3,lg-11393101148364964-aug-beethoven--page-2.png
009392.png,note1,1,-1,lg-11393101148364964-aug-beethoven--page-2.png
009393.png,note2,2,4,lg-11393101148364964-aug-beethoven--page-2.png
009394.png,note2,2,3,lg-11393101148364964-aug-beethoven--page-2.png
009395.png,note1,1.,3,lg-11393101148364964-aug-beethoven--page-2.png
009396.png,note2,2,-1,lg-11393101148364964-aug-beethoven--page-2.png
009397.png,note4,4,2,lg-11393101148364964-aug-beethoven--page-2.png
009398.png,note2,2,2,lg-11393101148364964-aug-beethoven--page-2.png
009399.png,note8,8,1,lg-11393101148364964-aug-beethoven--page-2.png
009400.png,note4,4,4,lg-11393101148364964-aug-beethoven--page-2.png
009401.png,note4,4,0,lg-11393101148364964-aug-beethoven--page-2.png
009402.png,note1,1,1,lg-11393101148364964-aug-beethoven--page-2.png
009403.png,note1,1,1,lg-11393101148364964-aug-beethoven--page-2.png
009404.png,note1,1,-3,lg-11393101148364964-aug-beethoven--page-2.png
009405.png,note4,8,-1,lg-11393101148364964-aug-beethoven--page-2.png
009406.png,note4,8,0,lg-11393101148364964-aug-beethoven--page-2.png
009407.png,note4,4.,0,lg-11393101148364964-aug-beethoven--page-2.png
009408.png,note1,1,-2,lg-11393101148364964-aug-beethoven--page-2.png
009409.png,note1,1,2,lg-11393101148364964-aug-beethoven--page-2.png
009410.png,note1,1,4,lg-11393101148364964-aug-beethoven--page-2.png
009411.png,note1,1,5,lg-11393101148364964-aug-beethoven--page-2.png
009412.png,note2,2,1,lg-11393101148364964-aug-beethoven--page-2.png
009413.png,note2,2,-1,lg-11393101148364964-aug-beethoven--page-2.png
009414.png,note1,1,4,lg-11393101148364964-aug-beethoven--page-2.png
009415.png,note1,1,2,lg-11393101148364964-aug-beethoven--page-2.png
009416.png,note2,2,4,lg-11393101148364964-aug-beethoven--page-2.png
009417.png,note4,4,3,lg-11393101148364964-aug-beethoven--page-2.png
009418.png,note2,2,4,lg-11393101148364964-aug-beethoven--page-2.png
009419.png,note2,2,0,lg-11393101148364964-aug-beethoven--page-2.png
009420.png,note4,4,-1,lg-11393101148364964-aug-beethoven--page-2.png
009421.png,note4,4,0,lg-11393101148364964-aug-beethoven--page-2.png
009422.png,note1,1.,0,lg-11393101148364964-aug-beethoven--page-2.png
009423.png,note4,4,1,lg-11393101148364964-aug-beethoven--page-2.png
009424.png,note4,4,2,lg-11393101148364964-aug-beethoven--page-2.png
009425.png,note2,2,3,lg-11393101148364964-aug-beethoven--page-2.png
009426.png,note2,2.,1,lg-11393101148364964-aug-beethoven--page-2.png
009427.png,note2,2,-1,lg-11393101148364964-aug-beethoven--page-2.png
009428.png,note4,4,0,lg-11393101148364964-aug-beethoven--page-2.png
009429.png,note2,2,-4,lg-11393101148364964-aug-beethoven--page-2.png
009430.png,note2,2.,5,lg-11393101148364964-aug-beethoven--page-2.png
009431.png,note4,16,6,lg-76573570-aug-beethoven--page-12.png
009432.png,note4,16,5,lg-76573570-aug-beethoven--page-12.png
009433.png,note4,16,0,lg-76573570-aug-beethoven--page-12.png
009434.png,note4,8,3,lg-76573570-aug-beethoven--page-12.png
009435.png,note4,8,-2,lg-76573570-aug-beethoven--page-12.png
009436.png,note4,8,-2,lg-76573570-aug-beethoven--page-12.png
009437.png,note4,16,5,lg-76573570-aug-beethoven--page-12.png
009438.png,note4,16,2,lg-76573570-aug-beethoven--page-12.png
009439.png,note4,16,7,lg-76573570-aug-beethoven--page-12.png
009440.png,note4,16,8,lg-76573570-aug-beethoven--page-12.png
009441.png,note4,16,7,lg-76573570-aug-beethoven--page-12.png
009442.png,note4,16,14,lg-76573570-aug-beethoven--page-12.png
009443.png,note4,16,14,lg-76573570-aug-beethoven--page-12.png
009444.png,note4,8,-2,lg-76573570-aug-beethoven--page-12.png
009445.png,note4,8,-2,lg-76573570-aug-beethoven--page-12.png
009446.png,note4,8,3,lg-76573570-aug-beethoven--page-12.png
009447.png,note4,16,0,lg-76573570-aug-beethoven--page-12.png
009448.png,note4,16,14,lg-76573570-aug-beethoven--page-12.png
009449.png,note4,16,5,lg-76573570-aug-beethoven--page-12.png
009450.png,note4,16,6,lg-76573570-aug-beethoven--page-12.png
009451.png,note4,16,5,lg-76573570-aug-beethoven--page-12.png
009452.png,note4,16,7,lg-76573570-aug-beethoven--page-12.png
009453.png,note4,16,7,lg-76573570-aug-beethoven--page-12.png
009454.png,note4,8,-2,lg-76573570-aug-beethoven--page-12.png
009455.png,note4,8,-2,lg-76573570-aug-beethoven--page-12.png
009456.png,note4,8,3,lg-76573570-aug-beethoven--page-12.png
009457.png,note4,16,-7,lg-76573570-aug-beethoven--page-12.png
009458.png,note4,16,-2,lg-76573570-aug-beethoven--page-12.png
009459.png,note4,16,3,lg-76573570-aug-beethoven--page-12.png
009460.png,note4,16,4,lg-76573570-aug-beethoven--page-12.png
009461.png,note4,16,3,lg-76573570-aug-beethoven--page-12.png
009462.png,note4,16,12,lg-76573570-aug-beethoven--page-12.png
009463.png,note4,16,7,lg-76573570-aug-beethoven--page-12.png
009464.png,note4,16,12,lg-76573570-aug-beethoven--page-12.png
009465.png,note4,16,12,lg-76573570-aug-beethoven--page-12.png
009466.png,note4,16,-2,lg-76573570-aug-beethoven--page-12.png
009467.png,note4,16,-1,lg-76573570-aug-beethoven--page-12.png
009468.png,note4,16,-2,lg-76573570-aug-beethoven--page-12.png
009469.png,note4,16,5,lg-76573570-aug-beethoven--page-12.png
009470.png,note4,16,6,lg-76573570-aug-beethoven--page-12.png
009471.png,note4,16,5,lg-76573570-aug-beethoven--page-12.png
009472.png,note4,16,0,lg-76573570-aug-beethoven--page-12.png
009473.png,note4,8,-3,lg-76573570-aug-beethoven--page-12.png
009474.png,note4,8,-3,lg-76573570-aug-beethoven--page-12.png
009475.png,note4,8,2,lg-76573570-aug-beethoven--page-12.png
009476.png,note16,16,12,lg-76573570-aug-beethoven--page-12.png
009477.png,note16,16,12,lg-76573570-aug-beethoven--page-12.png
009478.png,note16,16,-2,lg-76573570-aug-beethoven--page-12.png
009479.png,note16,16,12,lg-76573570-aug-beethoven--page-12.png
009480.png,note16,16,3,lg-76573570-aug-beethoven--page-12.png
009481.png,note16,16,4,lg-76573570-aug-beethoven--page-12.png
009482.png,note16,16,3,lg-76573570-aug-beethoven--page-12.png
009483.png,note4,16,11,lg-76573570-aug-beethoven--page-12.png
009484.png,note4,16,11,lg-76573570-aug-beethoven--page-12.png
009485.png,note4,16,-3,lg-76573570-aug-beethoven--page-12.png
009486.png,note4,16,11,lg-76573570-aug-beethoven--page-12.png
009487.png,note4,16,2,lg-76573570-aug-beethoven--page-12.png
009488.png,note4,16,3,lg-76573570-aug-beethoven--page-12.png
009489.png,note4,16,2,lg-76573570-aug-beethoven--page-12.png
009490.png,note2,2.,3,lg-76573570-aug-beethoven--page-12.png
009491.png,note4,16,7,lg-76573570-aug-beethoven--page-12.png
009492.png,note4,16,7,lg-76573570-aug-beethoven--page-12.png
009493.png,note4,8,-2,lg-76573570-aug-beethoven--page-12.png
009494.png,note4,8,-2,lg-76573570-aug-beethoven--page-12.png
009495.png,note4,8,3,lg-76573570-aug-beethoven--page-12.png
009496.png,note2,2.,-1,lg-76573570-aug-beethoven--page-12.png
009497.png,note2,2.,-8,lg-76573570-aug-beethoven--page-12.png
009498.png,note2,2.,-1,lg-76573570-aug-beethoven--page-12.png
009499.png,note2,2.,-8,lg-76573570-aug-beethoven--page-12.png
009500.png,note2,2.,3,lg-76573570-aug-beethoven--page-12.png
009501.png,note2,2.,-4,lg-76573570-aug-beethoven--page-12.png
009502.png,note4,16,-7,lg-76573570-aug-beethoven--page-12.png
009503.png,note4,16,7,lg-76573570-aug-beethoven--page-12.png
009504.png,note4,16,-2,lg-76573570-aug-beethoven--page-12.png
009505.png,note2,2.,9,lg-76573570-aug-beethoven--page-12.png
009506.png,note2,2.,2,lg-76573570-aug-beethoven--page-12.png
009507.png,note4,16,-1,lg-76573570-aug-beethoven--page-12.png
009508.png,note4,16,-2,lg-76573570-aug-beethoven--page-12.png
009509.png,note2,2.,3,lg-76573570-aug-beethoven--page-12.png
009510.png,note4,8,2,lg-76573570-aug-beethoven--page-12.png
009511.png,note4,16,13,lg-76573570-aug-beethoven--page-12.png
009512.png,note4,16,13,lg-76573570-aug-beethoven--page-12.png
009513.png,note4,8,-3,lg-76573570-aug-beethoven--page-12.png
009514.png,note4,8,-3,lg-76573570-aug-beethoven--page-12.png
009515.png,note4,8,-2,lg-76573570-aug-beethoven--page-12.png
009516.png,note4,8,-9,lg-76573570-aug-beethoven--page-12.png
009517.png,note4,8,-2,lg-76573570-aug-beethoven--page-12.png
009518.png,note4,8,-9,lg-76573570-aug-beethoven--page-12.png
009519.png,note4,8,2,lg-76573570-aug-beethoven--page-12.png
009520.png,note4,8,2,lg-76573570-aug-beethoven--page-12.png
009521.png,note4,16,-1,lg-76573570-aug-beethoven--page-12.png
009522.png,note4,16,13,lg-76573570-aug-beethoven--page-12.png
009523.png,note4,16,4,lg-76573570-aug-beethoven--page-12.png
009524.png,note4,8,8,lg-76573570-aug-beethoven--page-12.png
009525.png,note4,8,1,lg-76573570-aug-beethoven--page-12.png
009526.png,note4,16,5,lg-76573570-aug-beethoven--page-12.png
009527.png,note4,16,8,lg-76573570-aug-beethoven--page-12.png
009528.png,note4,16,2,lg-76573570-aug-beethoven--page-12.png
009529.png,note4,16,7,lg-76573570-aug-beethoven--page-12.png
009530.png,note4,16,4,lg-76573570-aug-beethoven--page-12.png
009531.png,note4,16,7,lg-76573570-aug-beethoven--page-12.png
009532.png,note4,16,12,lg-76573570-aug-beethoven--page-12.png
009533.png,note4,16,12,lg-76573570-aug-beethoven--page-12.png
009534.png,note4,16,-2,lg-76573570-aug-beethoven--page-12.png
009535.png,note4,16,12,lg-76573570-aug-beethoven--page-12.png
009536.png,note4,16,3,lg-76573570-aug-beethoven--page-12.png
009537.png,note4,16,4,lg-76573570-aug-beethoven--page-12.png
009538.png,note4,16,3,lg-76573570-aug-beethoven--page-12.png
009539.png,note4,16,3,lg-76573570-aug-beethoven--page-12.png
009540.png,note4,16,-2,lg-76573570-aug-beethoven--page-12.png
009541.png,note4,16,6,lg-76573570-aug-beethoven--page-12.png
009542.png,note4,16,1,lg-76573570-aug-beethoven--page-12.png
009543.png,note4,16,3,lg-76573570-aug-beethoven--page-12.png
009544.png,note4,16,-2,lg-76573570-aug-beethoven--page-12.png
009545.png,note4,16,1,lg-76573570-aug-beethoven--page-12.png
009546.png,note4,16,-4,lg-76573570-aug-beethoven--page-12.png
009547.png,note4,16,3,lg-76573570-aug-beethoven--page-12.png
009548.png,note4,16,-2,lg-76573570-aug-beethoven--page-12.png
009549.png,note4,16,8,lg-76573570-aug-beethoven--page-12.png
009550.png,note4,16,3,lg-76573570-aug-beethoven--page-12.png
009551.png,note4,16,1,lg-76573570-aug-beethoven--page-12.png
009552.png,note4,16,6,lg-76573570-aug-beethoven--page-12.png
009553.png,note4,16,1,lg-76573570-aug-beethoven--page-12.png
009554.png,note4,16,8,lg-76573570-aug-beethoven--page-12.png
009555.png,note4,16,6,lg-76573570-aug-beethoven--page-12.png
009556.png,note4,16,1,lg-76573570-aug-beethoven--page-12.png
009557.png,note4,16,3,lg-76573570-aug-beethoven--page-12.png
009558.png,note4,16,6,lg-76573570-aug-beethoven--page-12.png
009559.png,note4,16,3,lg-76573570-aug-beethoven--page-12.png
009560.png,note4,16,-2,lg-76573570-aug-beethoven--page-12.png
009561.png,note2,2.,15,lg-76573570-aug-beethoven--page-12.png
009562.png,note2,2.,15,lg-76573570-aug-beethoven--page-12.png
009563.png,note2,2.,-1,lg-76573570-aug-beethoven--page-12.png
009564.png,note4,16,-1,lg-76573570-aug-beethoven--page-12.png
009565.png,note4,16,-6,lg-76573570-aug-beethoven--page-12.png
009566.png,note4,16,12,lg-76573570-aug-beethoven--page-12.png
009567.png,note4,16,12,lg-76573570-aug-beethoven--page-12.png
009568.png,note4,16,-2,lg-76573570-aug-beethoven--page-12.png
009569.png,note4,16,12,lg-76573570-aug-beethoven--page-12.png
009570.png,note4,16,3,lg-76573570-aug-beethoven--page-12.png
009571.png,note4,16,4,lg-76573570-aug-beethoven--page-12.png
009572.png,note4,16,3,lg-76573570-aug-beethoven--page-12.png
009573.png,note4,16,7,lg-76573570-aug-beethoven--page-12.png
009574.png,note4,16,14,lg-76573570-aug-beethoven--page-12.png
009575.png,note4,16,14,lg-76573570-aug-beethoven--page-12.png
009576.png,note4,8,-3,lg-76573570-aug-beethoven--page-12.png
009577.png,note4,8,-3,lg-76573570-aug-beethoven--page-12.png
009578.png,note4,8,2,lg-76573570-aug-beethoven--page-12.png
009579.png,note4,16,0,lg-76573570-aug-beethoven--page-12.png
009580.png,note4,16,2,lg-76573570-aug-beethoven--page-12.png
009581.png,note4,16,7,lg-76573570-aug-beethoven--page-12.png
009582.png,note4,16,8,lg-76573570-aug-beethoven--page-12.png
009583.png,note4,16,14,lg-76573570-aug-beethoven--page-12.png
009584.png,note4,16,5,lg-76573570-aug-beethoven--page-12.png
009585.png,note4,16,6,lg-76573570-aug-beethoven--page-12.png
009586.png,note4,16,5,lg-76573570-aug-beethoven--page-12.png
009587.png,note4,16,6,lg-76573570-aug-beethoven--page-12.png
009588.png,note4,16,1,lg-76573570-aug-beethoven--page-12.png
009589.png,note4,16,8,lg-76573570-aug-beethoven--page-12.png
009590.png,note4,16,3,lg-76573570-aug-beethoven--page-12.png
009591.png,note4,16,-1,lg-76573570-aug-beethoven--page-12.png
009592.png,note4,16,-6,lg-76573570-aug-beethoven--page-12.png
009593.png,note4,16,3,lg-76573570-aug-beethoven--page-12.png
009594.png,note4,16,-2,lg-76573570-aug-beethoven--page-12.png
009595.png,note4,16,1,lg-76573570-aug-beethoven--page-12.png
009596.png,note4,16,-4,lg-76573570-aug-beethoven--page-12.png
009597.png,note4,16,6,lg-76573570-aug-beethoven--page-12.png
009598.png,note4,16,1,lg-76573570-aug-beethoven--page-12.png
009599.png,note4,16,3,lg-76573570-aug-beethoven--page-12.png
009600.png,note4,16,-2,lg-76573570-aug-beethoven--page-12.png
009601.png,note4,16,1,lg-76573570-aug-beethoven--page-12.png
009602.png,note4,16,3,lg-76573570-aug-beethoven--page-12.png
009603.png,note4,16,6,lg-76573570-aug-beethoven--page-12.png
009604.png,note4,16,8,lg-76573570-aug-beethoven--page-12.png
009605.png,note4,16,3,lg-76573570-aug-beethoven--page-12.png
009606.png,note4,16,-2,lg-76573570-aug-beethoven--page-12.png
009607.png,note4,16,6,lg-76573570-aug-beethoven--page-12.png
009608.png,note4,16,3,lg-76573570-aug-beethoven--page-12.png
009609.png,note4,16,-2,lg-76573570-aug-beethoven--page-12.png
009610.png,note4,16,1,lg-76573570-aug-beethoven--page-12.png
009611.png,note4,4.,-12,lg-76573570-aug-beethoven--page-12.png
009612.png,note4,16,10,lg-76573570-aug-beethoven--page-12.png
009613.png,note4,16,10,lg-76573570-aug-beethoven--page-12.png
009614.png,note4,8,-2,lg-76573570-aug-beethoven--page-12.png
009615.png,note4,8,-2,lg-76573570-aug-beethoven--page-12.png
009616.png,note4,8,3,lg-76573570-aug-beethoven--page-12.png
009617.png,note4,8,1,lg-76573570-aug-beethoven--page-12.png
009618.png,note4,8,-6,lg-76573570-aug-beethoven--page-12.png
009619.png,note4,8,1,lg-76573570-aug-beethoven--page-12.png
009620.png,note4,8,-6,lg-76573570-aug-beethoven--page-12.png
009621.png,note4,8,5,lg-76573570-aug-beethoven--page-12.png
009622.png,note4,8,5,lg-76573570-aug-beethoven--page-12.png
009623.png,note4,16,-4,lg-76573570-aug-beethoven--page-12.png
009624.png,note4,16,10,lg-76573570-aug-beethoven--page-12.png
009625.png,note4,16,1,lg-76573570-aug-beethoven--page-12.png
009626.png,note4,8,11,lg-76573570-aug-beethoven--page-12.png
009627.png,note4,8,4,lg-76573570-aug-beethoven--page-12.png
009628.png,note4,16,2,lg-76573570-aug-beethoven--page-12.png
009629.png,note4,16,1,lg-76573570-aug-beethoven--page-12.png
009630.png,note4,4.,-5,lg-76573570-aug-beethoven--page-12.png
009631.png,note4,8,2,lg-76573570-aug-beethoven--page-12.png
009632.png,note4,16,1,lg-76573570-aug-beethoven--page-12.png
009633.png,note4,16,6,lg-76573570-aug-beethoven--page-12.png
009634.png,note4,16,7,lg-76573570-aug-beethoven--page-12.png
009635.png,note4,16,6,lg-76573570-aug-beethoven--page-12.png
009636.png,note4,8,-3,lg-76573570-aug-beethoven--page-12.png
009637.png,note4,8,-3,lg-76573570-aug-beethoven--page-12.png
009638.png,note16,16,12,lg-76573570-aug-beethoven--page-12.png
009639.png,note16,16,12,lg-76573570-aug-beethoven--page-12.png
009640.png,note16,16,-2,lg-76573570-aug-beethoven--page-12.png
009641.png,note16,16,12,lg-76573570-aug-beethoven--page-12.png
009642.png,note16,16,3,lg-76573570-aug-beethoven--page-12.png
009643.png,note16,16,4,lg-76573570-aug-beethoven--page-12.png
009644.png,note16,16,3,lg-76573570-aug-beethoven--page-12.png
009645.png,note4,16,9,lg-76573570-aug-beethoven--page-12.png
009646.png,note4,16,3,lg-76573570-aug-beethoven--page-12.png
009647.png,note4,16,-4,lg-76573570-aug-beethoven--page-12.png
009648.png,note4,16,3,lg-76573570-aug-beethoven--page-12.png
009649.png,note4,16,-4,lg-76573570-aug-beethoven--page-12.png
009650.png,note4,16,7,lg-76573570-aug-beethoven--page-12.png
009651.png,note4,16,7,lg-76573570-aug-beethoven--page-12.png
009652.png,note4,16,3,lg-76573570-aug-beethoven--page-12.png
009653.png,note4,16,8,lg-76573570-aug-beethoven--page-12.png
009654.png,note4,16,13,lg-76573570-aug-beethoven--page-12.png
009655.png,note4,16,6,lg-76573570-aug-beethoven--page-12.png
009656.png,note4,16,8,lg-76573570-aug-beethoven--page-12.png
009657.png,note4,16,12,lg-76573570-aug-beethoven--page-12.png
009658.png,note4,16,12,lg-76573570-aug-beethoven--page-12.png
009659.png,note4,16,-2,lg-76573570-aug-beethoven--page-12.png
009660.png,note4,16,12,lg-76573570-aug-beethoven--page-12.png
009661.png,note4,16,3,lg-76573570-aug-beethoven--page-12.png
009662.png,note4,16,4,lg-76573570-aug-beethoven--page-12.png
009663.png,note4,16,3,lg-76573570-aug-beethoven--page-12.png
009664.png,note4,16,-5,lg-76573570-aug-beethoven--page-12.png
009665.png,note4,8,-2,lg-76573570-aug-beethoven--page-12.png
009666.png,note4,8,-2,lg-76573570-aug-beethoven--page-12.png
009667.png,note4,8,3,lg-76573570-aug-beethoven--page-12.png
009668.png,note4,16,2,lg-76573570-aug-beethoven--page-12.png
009669.png,note4,16,-5,lg-76573570-aug-beethoven--page-12.png
009670.png,note4,16,2,lg-76573570-aug-beethoven--page-12.png
009671.png,note4,16,6,lg-76573570-aug-beethoven--page-12.png
009672.png,note4,16,6,lg-76573570-aug-beethoven--page-12.png
009673.png,note4,16,1,lg-76573570-aug-beethoven--page-12.png
009674.png,note4,16,6,lg-76573570-aug-beethoven--page-12.png
009675.png,note4,16,12,lg-76573570-aug-beethoven--page-12.png
009676.png,note4,16,5,lg-76573570-aug-beethoven--page-12.png
009677.png,note4,16,7,lg-76573570-aug-beethoven--page-12.png
009678.png,note4,16,6,lg-76573570-aug-beethoven--page-12.png
009679.png,note4,16,1,lg-76573570-aug-beethoven--page-12.png
009680.png,note4,4.,2,lg-76573570-aug-beethoven--page-12.png
009681.png,note4,4.,-5,lg-76573570-aug-beethoven--page-12.png
009682.png,note4,4.,2,lg-76573570-aug-beethoven--page-12.png
009683.png,note4,4.,-5,lg-76573570-aug-beethoven--page-12.png
009684.png,note4,4.,6,lg-76573570-aug-beethoven--page-12.png
009685.png,note4,4.,6,lg-76573570-aug-beethoven--page-12.png
009686.png,note4,4.,-11,lg-76573570-aug-beethoven--page-12.png
009687.png,note4,16,-4,lg-76573570-aug-beethoven--page-12.png
009688.png,note4,16,10,lg-76573570-aug-beethoven--page-12.png
009689.png,note4,16,1,lg-76573570-aug-beethoven--page-12.png
009690.png,note4,4.,12,lg-76573570-aug-beethoven--page-12.png
009691.png,note4,4.,5,lg-76573570-aug-beethoven--page-12.png
009692.png,note4,16,2,lg-76573570-aug-beethoven--page-12.png
009693.png,note4,8,3,lg-76573570-aug-beethoven--page-12.png
009694.png,note4,4.,-4,lg-76573570-aug-beethoven--page-12.png
009695.png,note4,16,10,lg-76573570-aug-beethoven--page-12.png
009696.png,note4,16,10,lg-76573570-aug-beethoven--page-12.png
009697.png,note4,8,-2,lg-76573570-aug-beethoven--page-12.png
009698.png,note4,8,-2,lg-76573570-aug-beethoven--page-12.png
009699.png,note4,16,6,lg-76573570-aug-beethoven--page-12.png
009700.png,note4,16,15,lg-76573570-aug-beethoven--page-12.png
009701.png,note4,16,15,lg-76573570-aug-beethoven--page-12.png
009702.png,note4,8,-2,lg-76573570-aug-beethoven--page-12.png
009703.png,note4,8,-2,lg-76573570-aug-beethoven--page-12.png
009704.png,note4,8,3,lg-76573570-aug-beethoven--page-12.png
009705.png,note4,16,1,lg-76573570-aug-beethoven--page-12.png
009706.png,note4,16,15,lg-76573570-aug-beethoven--page-12.png
009707.png,note4,16,7,lg-76573570-aug-beethoven--page-12.png
009708.png,note4,16,6,lg-76573570-aug-beethoven--page-12.png
009709.png,note4,16,3,lg-76573570-aug-beethoven--page-12.png
009710.png,note4,16,8,lg-76573570-aug-beethoven--page-12.png
009711.png,note4,16,9,lg-76573570-aug-beethoven--page-12.png
009712.png,note4,16,8,lg-76573570-aug-beethoven--page-12.png
009713.png,note4,16,12,lg-76573570-aug-beethoven--page-12.png
009714.png,note4,16,12,lg-76573570-aug-beethoven--page-12.png
009715.png,note4,16,-2,lg-76573570-aug-beethoven--page-12.png
009716.png,note4,16,12,lg-76573570-aug-beethoven--page-12.png
009717.png,note4,16,3,lg-76573570-aug-beethoven--page-12.png
009718.png,note4,16,4,lg-76573570-aug-beethoven--page-12.png
009719.png,note4,16,3,lg-76573570-aug-beethoven--page-12.png
009720.png,note4,8,-3,lg-76573570-aug-beethoven--page-12.png
009721.png,note4,8,-3,lg-76573570-aug-beethoven--page-12.png
009722.png,note4,8,2,lg-76573570-aug-beethoven--page-12.png
009723.png,note4,16,-1,lg-76573570-aug-beethoven--page-12.png
009724.png,note4,16,4,lg-76573570-aug-beethoven--page-12.png
009725.png,note4,16,5,lg-76573570-aug-beethoven--page-12.png
009726.png,note4,16,4,lg-76573570-aug-beethoven--page-12.png
009727.png,note4,16,2,lg-76573570-aug-beethoven--page-12.png
009728.png,note4,16,7,lg-76573570-aug-beethoven--page-12.png
009729.png,note4,16,8,lg-76573570-aug-beethoven--page-12.png
009730.png,note4,16,7,lg-76573570-aug-beethoven--page-12.png
009731.png,note16,16,11,lg-76573570-aug-beethoven--page-12.png
009732.png,note16,16,11,lg-76573570-aug-beethoven--page-12.png
009733.png,note16,16,-3,lg-76573570-aug-beethoven--page-12.png
009734.png,note16,16,11,lg-76573570-aug-beethoven--page-12.png
009735.png,note16,16,2,lg-76573570-aug-beethoven--page-12.png
009736.png,note16,16,3,lg-76573570-aug-beethoven--page-12.png
009737.png,note16,16,2,lg-76573570-aug-beethoven--page-12.png
009738.png,note4,16,11,lg-76573570-aug-beethoven--page-12.png
009739.png,note4,16,-3,lg-76573570-aug-beethoven--page-12.png
009740.png,note4,16,11,lg-76573570-aug-beethoven--page-12.png
009741.png,note4,16,2,lg-76573570-aug-beethoven--page-12.png
009742.png,note4,16,3,lg-76573570-aug-beethoven--page-12.png
009743.png,note4,16,2,lg-76573570-aug-beethoven--page-12.png
009744.png,note4,16,13,lg-76573570-aug-beethoven--page-12.png
009745.png,note4,16,13,lg-76573570-aug-beethoven--page-12.png
009746.png,note4,8,-2,lg-76573570-aug-beethoven--page-12.png
009747.png,note4,8,-2,lg-76573570-aug-beethoven--page-12.png
009748.png,note4,8,3,lg-76573570-aug-beethoven--page-12.png
009749.png,note4,16,-1,lg-76573570-aug-beethoven--page-12.png
009750.png,note4,16,13,lg-76573570-aug-beethoven--page-12.png
009751.png,note4,16,4,lg-76573570-aug-beethoven--page-12.png
009752.png,note4,16,5,lg-76573570-aug-beethoven--page-12.png
009753.png,note4,16,4,lg-76573570-aug-beethoven--page-12.png
009754.png,note4,16,4,lg-76573570-aug-beethoven--page-12.png
009755.png,note4,8,10,lg-76573570-aug-beethoven--page-12.png
009756.png,note4,8,3,lg-76573570-aug-beethoven--page-12.png
009757.png,note4,16,5,lg-76573570-aug-beethoven--page-12.png
009758.png,note4,16,4,lg-76573570-aug-beethoven--page-12.png
009759.png,note4,8,-2,lg-76573570-aug-beethoven--page-12.png
009760.png,note4,8,-2,lg-76573570-aug-beethoven--page-12.png
009761.png,note4,8,3,lg-76573570-aug-beethoven--page-12.png
009762.png,note4,8,0,lg-76573570-aug-beethoven--page-12.png
009763.png,note4,8,-7,lg-76573570-aug-beethoven--page-12.png
009764.png,note4,8,0,lg-76573570-aug-beethoven--page-12.png
009765.png,note4,8,-7,lg-76573570-aug-beethoven--page-12.png
009766.png,note4,8,4,lg-76573570-aug-beethoven--page-12.png
009767.png,note4,8,4,lg-76573570-aug-beethoven--page-12.png
009768.png,note4,16,-1,lg-76573570-aug-beethoven--page-12.png
009769.png,note4,16,0,lg-76573570-aug-beethoven--page-12.png
009770.png,note4,16,1,lg-76573570-aug-beethoven--page-12.png
009771.png,note4,16,0,lg-76573570-aug-beethoven--page-12.png
009772.png,note4,16,9,lg-76573570-aug-beethoven--page-12.png
009773.png,note4,16,9,lg-76573570-aug-beethoven--page-12.png
009774.png,note4,16,9,lg-76573570-aug-beethoven--page-12.png
009775.png,note4,8,-2,lg-76573570-aug-beethoven--page-12.png
009776.png,note4,8,-2,lg-76573570-aug-beethoven--page-12.png
009777.png,note4,8,3,lg-76573570-aug-beethoven--page-12.png
009778.png,note4,16,-5,lg-76573570-aug-beethoven--page-12.png
009779.png,note4,16,11,lg-76573570-aug-beethoven--page-12.png
009780.png,note4,16,-3,lg-76573570-aug-beethoven--page-12.png
009781.png,note4,16,11,lg-76573570-aug-beethoven--page-12.png
009782.png,note4,16,2,lg-76573570-aug-beethoven--page-12.png
009783.png,note4,16,3,lg-76573570-aug-beethoven--page-12.png
009784.png,note4,16,2,lg-76573570-aug-beethoven--page-12.png
009785.png,note4,16,11,lg-76573570-aug-beethoven--page-12.png
009786.png,note4,16,11,lg-76573570-aug-beethoven--page-12.png
009787.png,note4,16,-2,lg-76573570-aug-beethoven--page-12.png
009788.png,note4,16,12,lg-76573570-aug-beethoven--page-12.png
009789.png,note4,16,3,lg-76573570-aug-beethoven--page-12.png
009790.png,note4,16,11,lg-76573570-aug-beethoven--page-12.png
009791.png,note4,16,4,lg-76573570-aug-beethoven--page-12.png
009792.png,note4,16,4,lg-76573570-aug-beethoven--page-12.png
009793.png,note4,16,3,lg-76573570-aug-beethoven--page-12.png
009794.png,note4,16,5,lg-76573570-aug-beethoven--page-12.png
009795.png,note4,16,12,lg-76573570-aug-beethoven--page-12.png
009796.png,note4,16,12,lg-76573570-aug-beethoven--page-12.png
009797.png,note4,16,1,lg-76573570-aug-beethoven--page-12.png
009798.png,note4,16,-6,lg-76573570-aug-beethoven--page-12.png
009799.png,note4,16,1,lg-76573570-aug-beethoven--page-12.png
009800.png,note4,16,-6,lg-76573570-aug-beethoven--page-12.png
009801.png,note4,16,5,lg-76573570-aug-beethoven--page-12.png
009802.png,note4,16,-5,lg-76573570-aug-beethoven--page-12.png
009803.png,note4,16,2,lg-76573570-aug-beethoven--page-12.png
009804.png,note4,16,-5,lg-76573570-aug-beethoven--page-12.png
009805.png,note4,16,6,lg-76573570-aug-beethoven--page-12.png
009806.png,note4,16,6,lg-76573570-aug-beethoven--page-12.png
009807.png,note4,16,1,lg-76573570-aug-beethoven--page-12.png
009808.png,note4,16,15,lg-76573570-aug-beethoven--page-12.png
009809.png,note4,16,6,lg-76573570-aug-beethoven--page-12.png
009810.png,note4,16,12,lg-76573570-aug-beethoven--page-12.png
009811.png,note4,16,5,lg-76573570-aug-beethoven--page-12.png
009812.png,note4,16,7,lg-76573570-aug-beethoven--page-12.png
009813.png,note4,16,6,lg-76573570-aug-beethoven--page-12.png
009814.png,note4,16,2,lg-76573570-aug-beethoven--page-12.png
009815.png,note4,16,15,lg-76573570-aug-beethoven--page-12.png
009816.png,note4,16,15,lg-76573570-aug-beethoven--page-12.png
009817.png,note4,8,-3,lg-76573570-aug-beethoven--page-12.png
009818.png,note4,8,-3,lg-76573570-aug-beethoven--page-12.png
009819.png,note4,8,2,lg-76573570-aug-beethoven--page-12.png
009820.png,note4,16,0,lg-76573570-aug-beethoven--page-12.png
009821.png,note4,16,1,lg-76573570-aug-beethoven--page-12.png
009822.png,note2,2,3,lg-76573570-aug-beethoven--page-12.png
009823.png,note2,2,10,lg-76573570-aug-beethoven--page-12.png
009824.png,note4,16,0,lg-76573570-aug-beethoven--page-12.png
009825.png,note4,16,9,lg-76573570-aug-beethoven--page-12.png
009826.png,note2,2.,-14,lg-76573570-aug-beethoven--page-12.png
009827.png,note4,16,-5,lg-76573570-aug-beethoven--page-12.png
009828.png,note2,2.,0,lg-76573570-aug-beethoven--page-12.png
009829.png,note2,2,0,lg-76573570-aug-beethoven--page-12.png
009830.png,note4,8,3,lg-76573570-aug-beethoven--page-12.png
009831.png,note4,8,-2,lg-76573570-aug-beethoven--page-12.png
009832.png,note4,8,-2,lg-76573570-aug-beethoven--page-12.png
009833.png,note4,16,9,lg-76573570-aug-beethoven--page-12.png
009834.png,note4,16,9,lg-76573570-aug-beethoven--page-12.png
009835.png,note2,2,4,lg-76573570-aug-beethoven--page-12.png
009836.png,note2,2,-7,lg-76573570-aug-beethoven--page-12.png
009837.png,note2,2,4,lg-76573570-aug-beethoven--page-12.png
009838.png,note2,2,0,lg-76573570-aug-beethoven--page-12.png
009839.png,note2,2,-7,lg-76573570-aug-beethoven--page-12.png
009840.png,note4,8,2,lg-390090888491475123-aug-beethoven--page-1.png
009841.png,note4,8,4,lg-390090888491475123-aug-beethoven--page-1.png
009842.png,note4,8,8,lg-390090888491475123-aug-beethoven--page-1.png
009843.png,note4,8,2,lg-390090888491475123-aug-beethoven--page-1.png
009844.png,note4,8,4,lg-390090888491475123-aug-beethoven--page-1.png
009845.png,note4,8,8,lg-390090888491475123-aug-beethoven--page-1.png
009846.png,note4,8,8,lg-390090888491475123-aug-beethoven--page-1.png
009847.png,note4,8,3,lg-390090888491475123-aug-beethoven--page-1.png
009848.png,note4,8,5,lg-390090888491475123-aug-beethoven--page-1.png
009849.png,note4,8,8,lg-390090888491475123-aug-beethoven--page-1.png
009850.png,note2,2.,0,lg-390090888491475123-aug-beethoven--page-1.png
009851.png,note4,8,2,lg-390090888491475123-aug-beethoven--page-1.png
009852.png,note4,8,4,lg-390090888491475123-aug-beethoven--page-1.png
009853.png,note4,8,8,lg-390090888491475123-aug-beethoven--page-1.png
009854.png,note4,8,8,lg-390090888491475123-aug-beethoven--page-1.png
009855.png,note4,8,4,lg-390090888491475123-aug-beethoven--page-1.png
009856.png,note4,8,2,lg-390090888491475123-aug-beethoven--page-1.png
009857.png,note4,8,8,lg-390090888491475123-aug-beethoven--page-1.png
009858.png,note4,8,4,lg-390090888491475123-aug-beethoven--page-1.png
009859.png,note4,8,2,lg-390090888491475123-aug-beethoven--page-1.png
009860.png,note4,8,4,lg-390090888491475123-aug-beethoven--page-1.png
009861.png,note4,8,8,lg-390090888491475123-aug-beethoven--page-1.png
009862.png,note4,8,2,lg-390090888491475123-aug-beethoven--page-1.png
009863.png,note4,8,4,lg-390090888491475123-aug-beethoven--page-1.png
009864.png,note4,8,8,lg-390090888491475123-aug-beethoven--page-1.png
009865.png,note4,8,2,lg-390090888491475123-aug-beethoven--page-1.png
009866.png,note4,8,4,lg-390090888491475123-aug-beethoven--page-1.png
009867.png,note4,8,8,lg-390090888491475123-aug-beethoven--page-1.png
009868.png,note4,4,1,lg-390090888491475123-aug-beethoven--page-1.png
009869.png,note4,8,2,lg-390090888491475123-aug-beethoven--page-1.png
009870.png,note4,16,0,lg-390090888491475123-aug-beethoven--page-1.png
009871.png,note2,2.,0,lg-390090888491475123-aug-beethoven--page-1.png
009872.png,note4,8,3,lg-390090888491475123-aug-beethoven--page-1.png
009873.png,note4,8,5,lg-390090888491475123-aug-beethoven--page-1.png
009874.png,note4,8,8,lg-390090888491475123-aug-beethoven--page-1.png
009875.png,note4,8,5,lg-390090888491475123-aug-beethoven--page-1.png
009876.png,note4,8.,-7,lg-390090888491475123-aug-beethoven--page-1.png
009877.png,note4,8,5,lg-390090888491475123-aug-beethoven--page-1.png
009878.png,note4,8,5,lg-390090888491475123-aug-beethoven--page-1.png
009879.png,note4,8,3,lg-390090888491475123-aug-beethoven--page-1.png
009880.png,note4,8,8,lg-390090888491475123-aug-beethoven--page-1.png
009881.png,note4,8,8,lg-390090888491475123-aug-beethoven--page-1.png
009882.png,note4,8,3,lg-390090888491475123-aug-beethoven--page-1.png
009883.png,note4,8,8,lg-390090888491475123-aug-beethoven--page-1.png
009884.png,note4,8,3,lg-390090888491475123-aug-beethoven--page-1.png
009885.png,note4,8,5,lg-390090888491475123-aug-beethoven--page-1.png
009886.png,note4,8,8,lg-390090888491475123-aug-beethoven--page-1.png
009887.png,note4,4,1,lg-390090888491475123-aug-beethoven--page-1.png
009888.png,note4,8,3,lg-390090888491475123-aug-beethoven--page-1.png
009889.png,note4,8,5,lg-390090888491475123-aug-beethoven--page-1.png
009890.png,note4,8,3,lg-390090888491475123-aug-beethoven--page-1.png
009891.png,note4,8,5,lg-390090888491475123-aug-beethoven--page-1.png
009892.png,note4,8,3,lg-390090888491475123-aug-beethoven--page-1.png
009893.png,note4,8,8,lg-390090888491475123-aug-beethoven--page-1.png
009894.png,note4,8,6,lg-390090888491475123-aug-beethoven--page-1.png
009895.png,note4,8,3,lg-390090888491475123-aug-beethoven--page-1.png
009896.png,note4,8,1,lg-390090888491475123-aug-beethoven--page-1.png
009897.png,note2,2.,-1,lg-390090888491475123-aug-beethoven--page-1.png
009898.png,note4,8,6,lg-390090888491475123-aug-beethoven--page-1.png
009899.png,note4,8,3,lg-390090888491475123-aug-beethoven--page-1.png
009900.png,note4,8,1,lg-390090888491475123-aug-beethoven--page-1.png
009901.png,note4,8,1,lg-390090888491475123-aug-beethoven--page-1.png
009902.png,note4,8,3,lg-390090888491475123-aug-beethoven--page-1.png
009903.png,note4,8,1,lg-390090888491475123-aug-beethoven--page-1.png
009904.png,note4,8,7,lg-390090888491475123-aug-beethoven--page-1.png
009905.png,note4,8,3,lg-390090888491475123-aug-beethoven--page-1.png
009906.png,note4,8,1,lg-390090888491475123-aug-beethoven--page-1.png
009907.png,note4,8,7,lg-390090888491475123-aug-beethoven--page-1.png
009908.png,note4,8,3,lg-390090888491475123-aug-beethoven--page-1.png
009909.png,note4,8,6,lg-390090888491475123-aug-beethoven--page-1.png
009910.png,note4,8,3,lg-390090888491475123-aug-beethoven--page-1.png
009911.png,note4,8,1,lg-390090888491475123-aug-beethoven--page-1.png
009912.png,note4,4,0,lg-390090888491475123-aug-beethoven--page-1.png
009913.png,note4,8,7,lg-390090888491475123-aug-beethoven--page-1.png
009914.png,note4,8,6,lg-390090888491475123-aug-beethoven--page-1.png
009915.png,note4,8,2,lg-390090888491475123-aug-beethoven--page-1.png
009916.png,note4,8,1,lg-390090888491475123-aug-beethoven--page-1.png
009917.png,note4,8,6,lg-390090888491475123-aug-beethoven--page-1.png
009918.png,note4,8,2,lg-390090888491475123-aug-beethoven--page-1.png
009919.png,note4,8,1,lg-390090888491475123-aug-beethoven--page-1.png
009920.png,note4,4,0,lg-390090888491475123-aug-beethoven--page-1.png
009921.png,note4,8,3,lg-390090888491475123-aug-beethoven--page-1.png
009922.png,note4,8,1,lg-390090888491475123-aug-beethoven--page-1.png
009923.png,note4,8,6,lg-390090888491475123-aug-beethoven--page-1.png
009924.png,note4,8,3,lg-390090888491475123-aug-beethoven--page-1.png
009925.png,note4,8,1,lg-390090888491475123-aug-beethoven--page-1.png
009926.png,note4,8,6,lg-390090888491475123-aug-beethoven--page-1.png
009927.png,note4,8,6,lg-390090888491475123-aug-beethoven--page-1.png
009928.png,note4,8,3,lg-390090888491475123-aug-beethoven--page-1.png
009929.png,note4,8,1,lg-390090888491475123-aug-beethoven--page-1.png
009930.png,note4,8,6,lg-390090888491475123-aug-beethoven--page-1.png
009931.png,note4,8,2,lg-390090888491475123-aug-beethoven--page-1.png
009932.png,note4,8,1,lg-390090888491475123-aug-beethoven--page-1.png
009933.png,note4,8,6,lg-390090888491475123-aug-beethoven--page-1.png
009934.png,note4,8,2,lg-390090888491475123-aug-beethoven--page-1.png
009935.png,note4,8,1,lg-390090888491475123-aug-beethoven--page-1.png
009936.png,note4,8,4,lg-390090888491475123-aug-beethoven--page-1.png
009937.png,note4,8,2,lg-390090888491475123-aug-beethoven--page-1.png
009938.png,note4,8,8,lg-390090888491475123-aug-beethoven--page-1.png
009939.png,note4,8,4,lg-390090888491475123-aug-beethoven--page-1.png
009940.png,note4,8,2,lg-390090888491475123-aug-beethoven--page-1.png
009941.png,note4,8,8,lg-390090888491475123-aug-beethoven--page-1.png
009942.png,note4,8,8,lg-390090888491475123-aug-beethoven--page-1.png
009943.png,note4,8,4,lg-390090888491475123-aug-beethoven--page-1.png
009944.png,note4,8,2,lg-390090888491475123-aug-beethoven--page-1.png
009945.png,note4,8,7,lg-390090888491475123-aug-beethoven--page-1.png
009946.png,note4,8,4,lg-390090888491475123-aug-beethoven--page-1.png
009947.png,note4,8,7,lg-390090888491475123-aug-beethoven--page-1.png
009948.png,note4,8,4,lg-390090888491475123-aug-beethoven--page-1.png
009949.png,note4,8,2,lg-390090888491475123-aug-beethoven--page-1.png
009950.png,note4,8,2,lg-390090888491475123-aug-beethoven--page-1.png
009951.png,note4,8,8,lg-390090888491475123-aug-beethoven--page-1.png
009952.png,note4,8,4,lg-390090888491475123-aug-beethoven--page-1.png
009953.png,note4,8,2,lg-390090888491475123-aug-beethoven--page-1.png
009954.png,note2,2.,0,lg-390090888491475123-aug-beethoven--page-1.png
009955.png,note4,8,7,lg-390090888491475123-aug-beethoven--page-1.png
009956.png,note4,8,3,lg-390090888491475123-aug-beethoven--page-1.png
009957.png,note4,8,7,lg-390090888491475123-aug-beethoven--page-1.png
009958.png,note4,8,3,lg-390090888491475123-aug-beethoven--page-1.png
009959.png,note4,8,1,lg-390090888491475123-aug-beethoven--page-1.png
009960.png,note4,8,1,lg-390090888491475123-aug-beethoven--page-1.png
009961.png,note2,2.,0,lg-390090888491475123-aug-beethoven--page-1.png
009962.png,note4,8,7,lg-390090888491475123-aug-beethoven--page-1.png
009963.png,note4,8,3,lg-390090888491475123-aug-beethoven--page-1.png
009964.png,note4,8,2,lg-390090888491475123-aug-beethoven--page-1.png
009965.png,note4,4,1,lg-390090888491475123-aug-beethoven--page-1.png
009966.png,note4,8,1,lg-390090888491475123-aug-beethoven--page-1.png
009967.png,note4,8,7,lg-390090888491475123-aug-beethoven--page-1.png
009968.png,note4,8,3,lg-390090888491475123-aug-beethoven--page-1.png
009969.png,note4,8,2,lg-390090888491475123-aug-beethoven--page-1.png
009970.png,note4,8,3,lg-390090888491475123-aug-beethoven--page-1.png
009971.png,note4,8,7,lg-390090888491475123-aug-beethoven--page-1.png
009972.png,note4,8,6,lg-390090888491475123-aug-beethoven--page-1.png
009973.png,note4,8,2,lg-390090888491475123-aug-beethoven--page-1.png
009974.png,note4,8,0,lg-390090888491475123-aug-beethoven--page-1.png
009975.png,note2,2.,-1,lg-390090888491475123-aug-beethoven--page-1.png
009976.png,note4,16,-1,lg-390090888491475123-aug-beethoven--page-1.png
009977.png,note4,8.,0,lg-390090888491475123-aug-beethoven--page-1.png
009978.png,note4,8,6,lg-390090888491475123-aug-beethoven--page-1.png
009979.png,note4,8,2,lg-390090888491475123-aug-beethoven--page-1.png
009980.png,note4,8,0,lg-390090888491475123-aug-beethoven--page-1.png
009981.png,note4,8,0,lg-390090888491475123-aug-beethoven--page-1.png
009982.png,note4,8,6,lg-390090888491475123-aug-beethoven--page-1.png
009983.png,note4,8,2,lg-390090888491475123-aug-beethoven--page-1.png
009984.png,note4,8,0,lg-390090888491475123-aug-beethoven--page-1.png
009985.png,note4,8,6,lg-390090888491475123-aug-beethoven--page-1.png
009986.png,note4,8,2,lg-390090888491475123-aug-beethoven--page-1.png
009987.png,note4,8,0,lg-390090888491475123-aug-beethoven--page-1.png
009988.png,note4,8,6,lg-390090888491475123-aug-beethoven--page-1.png
009989.png,note4,8,2,lg-390090888491475123-aug-beethoven--page-1.png
009990.png,note4,8,5,lg-390090888491475123-aug-beethoven--page-1.png
009991.png,note4,8,2,lg-390090888491475123-aug-beethoven--page-1.png
009992.png,note4,8,0,lg-390090888491475123-aug-beethoven--page-1.png
009993.png,note4,8,5,lg-390090888491475123-aug-beethoven--page-1.png
009994.png,note4,8,2,lg-390090888491475123-aug-beethoven--page-1.png
009995.png,note4,8,0,lg-390090888491475123-aug-beethoven--page-1.png
009996.png,note4,8,2,lg-390090888491475123-aug-beethoven--page-1.png
009997.png,note4,8,6,lg-390090888491475123-aug-beethoven--page-1.png
009998.png,note4,8,2,lg-390090888491475123-aug-beethoven--page-1.png
009999.png,note4,8,0,lg-390090888491475123-aug-beethoven--page-1.png
